"","1","recurso","1b","2","cont","3","cont_1","4","dilema","5","x_1","6A","6B","7","v_x_1","8","9A","9B","10","11","12A","12B","13_1","13_2","13_3","15","cont_2","cont_3","2_1","2_2"
"518e9b8",-18082.352216482162,"unknown",-18076.79561471939,-18071.358827590942,0.0,6.657011270523071,9.259290933609009,16.368419647216797,40.75177502632141,48.203890323638916,67.02614784240723,73.32787322998047,"unknown",79.27220177650452,81.47339296340942,"unknown","unknown","unknown","unknown","unknown","unknown","unknown",88.11312413215637,"unknown","unknown",95.26552414894104,"","","",""
"b5edd3c",-57100.8270676136,"unknown",-57094.06300210953,-57088.382053136826,0.0,7.250692129135132,11.37126874923706,17.858720064163208,31.119004487991333,37.27434515953064,42.30800461769104,48.001670598983765,"unknown",54.38206934928894,56.17787170410156,"unknown","unknown","unknown","unknown","unknown","unknown","unknown",61.655765533447266,"unknown","unknown",67.2656261920929,"","","",""
"374ecf8",-53131.11480665207,"unknown",-53124.274718523026,-53117.62682271004,0.0,6.8234639167785645,9.339365243911743,15.445677995681763,30.10436725616455,36.231759786605835,41.36388444900513,47.36071038246155,"unknown",53.97629356384277,55.95625448226929,"unknown","unknown","unknown","unknown","unknown","unknown","unknown",61.54766583442688,"unknown","unknown",68.07233428955078,"","","",""
"89f120b","","","","","","","","","","","","","","","","","","","","","","","","","","","","","",""
"1883ca0","unknown","unknown","unknown","unknown",0.0,"unknown",8.661193370819092,"unknown",25.15426015853882,"unknown",69.81269717216492,"unknown","unknown","unknown",88.08670926094055,"unknown","unknown","unknown","unknown","unknown","unknown","unknown","unknown","unknown","unknown","unknown","","","",""
"8d2da97",-36547.9977850914,"unknown",-36542.365705013275,-36536.24881982803,0.0,7.340363264083862,21.787691593170166,29.065786838531494,44.06180262565613,50.29319167137146,72.48703193664551,79.27913522720337,"unknown",86.27204608917236,88.0635015964508,"unknown","unknown","unknown","unknown","unknown","unknown","unknown",94.19713950157166,"unknown","unknown",100.77910876274109,"","","",""
"2541155",-77483.79577875137,"unknown",-77476.6225836277,-77470.11170554161,0.0,6.36737060546875,13.424826622009277,20.63285207748413,35.89203596115112,42.821359634399414,51.99252438545227,59.25191402435303,"unknown",65.3509578704834,70.08966493606567,"unknown","unknown","unknown","unknown","unknown","unknown","unknown",76.91811513900757,"unknown","unknown",83.78607964515686,"","","",""
"ac6f3f6",-87212.57327365875,"unknown",-87205.61561393738,-87199.62315320969,0.0,6.015340328216553,78.85407567024231,84.6578483581543,277.5026741027832,283.68422055244446,299.9744975566864,306.1311893463135,"unknown",312.33271622657776,314.07967829704285,"unknown","unknown","unknown","unknown","unknown","unknown","unknown",320.51560854911804,"unknown","unknown",327.08996295928955,"","","",""
"62447b9",-368522.30802583694,"unknown",-368516.08224105835,-368510.48104691505,0.0,5.682536840438843,14.838453769683838,22.070027112960815,56.48699498176575,62.39682459831238,95210.27153778076,95216.8328692913,"unknown",95223.06486940384,95231.02895975113,"unknown","unknown","unknown","unknown","unknown","unknown","unknown",95236.44536352158,"unknown","unknown",95243.39696741104,"","","",""
"20f3e2e",-18549.559918165207,"unknown",-18544.03422856331,-18537.94548392296,0.0,5.8040924072265625,50.77087664604187,57.66293120384216,176.4449486732483,183.52445435523987,219.3719358444214,225.10392141342163,"unknown",231.4010293483734,233.6071071624756,"unknown","unknown","unknown","unknown","unknown","unknown","unknown",240.8087236881256,"unknown","unknown",246.82858538627625,"","","",""
"4e53c5c",-56.90499138832092,"unknown",-50.9158935546875,-43.74327778816223,0.0,5.828784704208374,13.750688314437866,20.600849866867065,53.729827642440796,60.695404052734375,95.5265429019928,101.96909999847412,"unknown",107.55078029632568,111.04938411712646,"unknown","unknown","unknown","unknown","unknown","unknown","unknown",117.3600504398346,"unknown","unknown",123.65200018882751,"","","",""
"ac6ecda","","","","","","","","","","","","","","","","","","","","","","","","","","","","","",""
"c899adb",-22464.91223692894,"unknown",-22459.103449821472,-22451.938381671906,0.0,6.440619468688965,18.549712896347046,25.966333866119385,79.26796436309814,86.59147548675537,156.95130801200867,163.25620532035828,"unknown",169.41716051101685,175.1402723789215,"unknown","unknown","unknown","unknown","unknown","unknown","unknown",182.13279151916504,"unknown","unknown",188.96692728996277,"","","",""
"b8ec123","","","","","","","","","","","","","","","","","","","","","","","","","","","","","",""
"07b298c","","","","","","","","","","","","","","","","","","","","","","","","","","","","","",""
"49db8c4",-1467.3140885829926,"unknown",-1460.1251683235168,-1454.3018884658813,0.0,5.769831657409668,11.366860389709473,18.365808486938477,40.78204345703125,47.788596630096436,61.60644316673279,"unknown",68.30342745780945,75.10122871398926,80.09097933769226,"unknown","unknown","unknown","unknown","unknown","unknown","unknown",87.25806379318237,"unknown","unknown",92.8822066783905,"","","",""
"ea8c0d6",-179560.98077845573,"unknown",-179554.90211129189,-179547.79549646378,0.0,6.722499847412109,13.877933979034424,20.086057901382446,48.017417669296265,53.65198349952698,81.73832416534424,88.2475848197937,"unknown",94.50420260429382,97.22488045692444,"unknown","unknown","unknown","unknown","unknown","unknown","unknown",103.38737392425537,"unknown","unknown",109.2615110874176,"","","",""
"7cf831f",-613717.849293232,"unknown",-613712.4887623787,-613707.1012248993,0.0,614667.4415926933,74015.51703381538,615954.4427053928,615990.9896886349,615996.5115609169,616061.2007303238,616067.2325344086,"unknown",616073.4802906513,616075.0675151348,"unknown","unknown","unknown","unknown","unknown","unknown","unknown",616081.7811224461,"unknown","unknown",616089.1201314926,614591.285574913,615947.7067511082,71434.73310303688,614144.8745687008
"41f497c","","","","","","","","","","","","","","","","","","","","","","","","","","","","","",""
"f496964","","","","","","","","","","","","","","","","","","","","","","","","","","","","","",""
"68c3192","","","","","","","","","","","","","","","","","","","","","","","","","","","","","",""
"eb77de6","","","","","","","","","","","","","","","","","","","","","","","","","","","","","",""
"8ce483d","","","","","","","","","","","","","","","","","","","","","","","","","","","","","",""
"79868cd",-3400.8546192646027,"unknown",-3394.226652622223,-3388.0605416297913,0.0,5.546427488327026,2297.1621651649475,2304.5367691516876,2314.5032052993774,2320.9342970848083,2332.5683212280273,2339.783689260483,"unknown",2345.5964045524597,2346.9959485530853,"unknown","unknown","unknown","unknown","unknown","unknown","unknown",2352.896117925644,"unknown","unknown",2360.1010863780975,"","","",""
"56ee475",-214509.48491978645,"unknown",-214503.96405553818,-214498.76859855652,0.0,5.510046720504761,7.271312952041626,12.50403904914856,1391.0131545066833,1397.4224195480347,1407.7898259162903,1413.2561492919922,"unknown",1419.5526864528656,1420.994017124176,"unknown","unknown","unknown","unknown","unknown","unknown","unknown",1427.4591608047485,"unknown","unknown",1434.4418201446533,"","","",""
"916c172",-13412.80815076828,"unknown",-13406.54670214653,-13400.523444414139,0.0,5.357416391372681,54.884124755859375,61.21598792076111,97.1427001953125,103.90312647819519,114.60030746459961,120.45193028450012,"unknown",127.17198705673218,128.82171320915222,"unknown","unknown","unknown","unknown","unknown","unknown","unknown",135.30992078781128,"unknown","unknown",142.4317820072174,"","","",""
"d9696dd",-3123.022161245346,"unknown",-3116.076551437378,-3110.5866260528564,0.0,5.268634557723999,74.85529375076294,81.54107928276062,132.14958477020264,139.15741777420044,159.05359268188477,166.05528736114502,"unknown",171.69328904151917,176.00007152557373,"unknown","unknown","unknown","unknown","unknown","unknown","unknown",182.1123983860016,"unknown","unknown",188.30012226104736,"","","",""
"eff7ebe",-8256.387430906296,"unknown",-8250.82082939148,-8244.3109664917,0.0,6.937170743942261,21.08578372001648,26.939355611801147,44.745879888534546,51.1771776676178,61.132450103759766,68.30337309837341,"unknown",74.6064064502716,76.85217452049255,"unknown","unknown","unknown","unknown","unknown","unknown","unknown",83.21240830421448,"unknown","unknown",89.3005039691925,"","","",""
"5d4fcbe",-105.67557334899902,"unknown",-99.5721652507782,-92.91458439826965,0.0,5.98541259765625,8.568686962127686,15.123990058898926,3464292.3891558647,3464299.045961857,3464318.9933030605,3464325.78737998,"unknown",3464332.84762764,3464337.0603871346,"unknown","unknown","unknown","unknown","unknown","unknown","unknown",3464343.383285761,"unknown","unknown",3464349.238469124,"","","",""
"170bd80","","","","","","","","","","","","","","","","","","","","","","","","","","","","","",""
"7a54533",-3169.786388158798,"unknown",-3162.783260345459,-3156.3023767471313,0.0,6.2002036571502686,13.345219373703003,19.541661977767944,37.98191976547241,43.90240478515625,59.14477062225342,65.89294576644897,"unknown",71.82213830947876,73.38662028312683,"unknown","unknown","unknown","unknown","unknown","unknown","unknown",79.63025832176208,"unknown","unknown",85.60653185844421,"","","",""
"d874e84","","","","","","","","","","","","","","","","","","","","","","","","","","","","","",""
"c28b1a9","","","","","","","","","","","","","","","","","","","","","","","","","","","","","",""
"7384692","","","","","","","","","","","","","","","","","","","","","","","","","","","","","",""
"90ccafb","","","","","","","","","","","","","","","","","","","","","","","","","","","","","",""
"0327530",-364413.8808646202,"unknown",-364407.8101503849,-364402.1699631214,0.0,6.760016679763794,12.193215608596802,17.771409511566162,49.878066539764404,56.53492307662964,75.19227337837219,81.53796434402466,"unknown",88.77752327919006,91.30395603179932,"unknown","unknown","unknown","unknown","unknown","unknown","unknown",96.99491357803345,"unknown","unknown",102.50085139274597,"","","",""
"47dcadc",-341772.6070752144,"unknown",-341765.502961874,-341760.159034729,0.0,6.227336168289185,15.108708620071411,20.997684001922607,83.79748582839966,90.0081377029419,154.33744382858276,160.3041889667511,"unknown",166.45274472236633,168.77150464057922,"unknown","unknown","unknown","unknown","unknown","unknown","unknown",175.2609691619873,"unknown","unknown",181.4954812526703,"","","",""
"233ee90","","","","","","","","","","","","","","","","","","","","","","","","","","","","","",""
"db844b1","","","","","","","","","","","","","","","","","","","","","","","","","","","","","",""
"e4c0f9c","","","","","","","","","","","","","","","","","","","","","","","","","","","","","",""
"fd01af9","","","","","","","","","","","","","","","","","","","","","","","","","","","","","",""
"77a5d2f","","","","","","","","","","","","","","","","","","","","","","","","","","","","","",""
"b92dee2","","","","","","","","","","","","","","","","","","","","","","","","","","","","","",""
"50ec1c5","","","","","","","","","","","","","","","","","","","","","","","","","","","","","",""
"11892fd","","","","","","","","","","","","","","","","","","","","","","","","","","","","","",""
"5ba2fe6","","","","","","","","","","","","","","","","","","","","","","","","","","","","","",""
"c94e42e",-6166.527984619141,"unknown",-6159.737832784653,-6154.211262226105,0.0,7.056970119476318,10.142285585403442,17.07041835784912,1684511.0104079247,1684516.491922617,1684576.455610752,"unknown",1684582.26454854,1684589.279118538,1684591.637074232,"unknown","unknown","unknown","unknown","unknown","unknown","unknown",1684596.936961174,"unknown","unknown",1684603.3892216682,"","","",""
"ee4b6cd","","","","","","","","","","","","","","","","","","","","","","","","","","","","","",""
"f2291ba","","","","","","","","","","","","","","","","","","","","","","","","","","","","","",""
"fb6ca94","","","","","","","","","","","","","","","","","","","","","","","","","","","","","",""
"516417f",-168078.82142925262,"unknown",-168071.9942831993,-168065.33574795723,0.0,5.8409998416900635,12.752806425094604,18.75265622138977,44.74258899688721,50.33029556274414,64.30555462837219,71.25787162780762,"unknown",78.07584309577942,81.40576720237732,"unknown","unknown","unknown","unknown","unknown","unknown","unknown",88.0947732925415,"unknown","unknown",93.4924430847168,"","","",""
"7a0eabe","","","","","","","","","","","","","","","","","","","","","","","","","","","","","",""
"7b65802","","","","","","","","","","","","","","","","","","","","","","","","","","","","","",""
"5e09b84","","","","","","","","","","","","","","","","","","","","","","","","","","","","","",""
"7da3821","","","","","","","","","","","","","","","","","","","","","","","","","","","","","",""
"2f5762a",-2850.3780088424683,"unknown",-2844.8410365581512,-2837.840559720993,0.0,7.069340944290161,11.742494583129883,17.536684036254883,32.864803075790405,39.82725667953491,51.14101719856262,57.5658597946167,"unknown",64.76156759262085,67.44751954078674,"unknown","unknown","unknown","unknown","unknown","unknown","unknown",73.4026460647583,"unknown","unknown",78.6600444316864,"","","",""
"50a0fdd",-23.992090940475464,"unknown",-17.58427095413208,-11.725987434387207,0.0,5.843322038650513,19.92594289779663,26.059629440307617,41.041393995285034,47.96208691596985,83.4470272064209,89.33563947677612,"unknown",94.61573958396912,98.54976010322571,"unknown","unknown","unknown","unknown","unknown","unknown","unknown",104.66413760185242,"unknown","unknown",110.7328155040741,"","","",""
"b7cec81",-14534.192393541336,"unknown",-14526.908675909042,-14520.443394422531,0.0,5.773671865463257,9.433927297592163,15.529300928115845,26.663779497146606,33.43249583244324,50.28797626495361,57.07548141479492,"unknown",62.38232779502869,66.18521165847778,"unknown","unknown","unknown","unknown","unknown","unknown","unknown",71.934250831604,"unknown","unknown",78.65669536590576,"","","",""
"bf983ba",-196.46706342697144,"unknown",-188.21296644210815,-181.37106776237488,0.0,6.547401428222656,14.758928775787354,22.133448839187622,35.14993214607239,42.505231857299805,49.66277813911438,56.43243455886841,"unknown",63.679123878479004,68.0940752029419,"unknown","unknown","unknown","unknown","unknown","unknown","unknown",74.80595064163208,"unknown","unknown",81.38475751876831,"","","",""
"b53b559","","","","","","","","","","","","","","","","","","","","","","","","","","","","","",""
"4a92bfd","","","","","","","","","","","","","","","","","","","","","","","","","","","","","",""
"90434eb","","","","","","","","","","","","","","","","","","","","","","","","","","","","","",""
"37674f9","","","","","","","","","","","","","","","","","","","","","","","","","","","","","",""
"0dc300b","","","","","","","","","","","","","","","","","","","","","","","","","","","","","",""
"1800004","","","","","","","","","","","","","","","","","","","","","","","","","","","","","",""
"7b3c431",-3256.2134506702423,"unknown",-3249.7667648792267,-3244.4469809532166,0.0,6.397204399108887,16.31759238243103,21.971014261245728,36.25353670120239,41.92741894721985,94.39872574806213,101.38757061958313,"unknown",108.25873374938965,109.77041983604431,"unknown","unknown","unknown","unknown","unknown","unknown","unknown",116.7747254371643,"unknown","unknown",122.17570328712463,"","","",""
"2457ed6",-209761.75562667847,"unknown",-209755.62895560265,-209749.1357176304,0.0,7.050939083099365,10.321102142333984,17.68562912940979,34.9959499835968,40.370283365249634,78.38678622245789,"unknown",84.46251511573792,89.74946975708008,92.1405577659607,"unknown","unknown","unknown","unknown","unknown","unknown","unknown",97.54389500617981,"unknown","unknown",103.46116662025452,"","","",""
"c4bba29",-54.96407985687256,"unknown",-49.20987296104431,-43.834410190582275,0.0,7.329584360122681,13.049779176712036,20.034127235412598,42.9051628112793,50.101807832717896,69.02327418327332,74.96640634536743,"unknown",80.91901922225952,82.87142014503479,"unknown","unknown","unknown","unknown","unknown","unknown","unknown",88.79953360557556,"unknown","unknown",94.54637289047241,"","","",""
"2dffb9e",-1220.6535332202911,"unknown",-1215.300888299942,-1208.3992414474487,0.0,7.282878875732422,9.43755054473877,15.604869604110718,26.604642391204834,33.53973841667175,50.83248043060303,56.95963430404663,"unknown",63.4659788608551,65.36571216583252,"unknown","unknown","unknown","unknown","unknown","unknown","unknown",71.09899497032166,"unknown","unknown",76.97522830963135,"","","",""
"7a35b75",-20844.635831594467,"unknown",-20839.305644273758,-20832.853708982468,0.0,6.8033294677734375,12.311680793762207,18.61829948425293,37.24617028236389,43.162002086639404,108.80114126205444,115.21913719177246,"unknown",122.12193512916565,123.99136400222778,"unknown","unknown","unknown","unknown","unknown","unknown","unknown",130.36391377449036,"unknown","unknown",137.62281560897827,"","","",""
"3883e37","","","","","","","","","","","","","","","","","","","","","","","","","","","","","",""
"eacd6a3","","","","","","","","","","","","","","","","","","","","","","","","","","","","","",""
"d09321f","","","","","","","","","","","","","","","","","","","","","","","","","","","","","",""
"58b1c8e","","","","","","","","","","","","","","","","","","","","","","","","","","","","","",""
"bf3dfcf","","","","","","","","","","","","","","","","","","","","","","","","","","","","","",""
"80e625f","","","","","","","","","","","","","","","","","","","","","","","","","","","","","",""
"9846ca8","","","","","","","","","","","","","","","","","","","","","","","","","","","","","",""
"cc02471",-25761.218303203583,"unknown",-25754.471568346024,-25748.47162437439,0.0,5.678829193115234,8.541836738586426,15.680554628372192,58.926300048828125,66.11470580101013,98.75253582000732,105.12139391899109,"unknown",112.17803239822388,120.65728092193604,"unknown","unknown","unknown","unknown","unknown","unknown","unknown",127.26820683479309,"unknown","unknown",133.22402358055115,"","","",""
"0a30844","","","","","","","","","","","","","","","","","","","","","","","","","","","","","",""
"43d0b63",-9620.63773727417,"unknown",-9614.307322978973,-9607.299367427826,0.0,6.4062299728393555,9.817259073257446,16.323519945144653,38.81335663795471,45.62437605857849,67.30930995941162,74.15728664398193,"unknown",81.39476680755615,83.09557127952576,"unknown","unknown","unknown","unknown","unknown","unknown","unknown",90.23397779464722,"unknown","unknown",97.12871289253235,"","","",""
"addf295","","","","","","","","","","","","","","","","","","","","","","","","","","","","","",""
"1a8e45b",-86.34035444259644,"unknown",-79.75523471832275,-74.290762424469,0.0,6.337970495223999,12.971948146820068,19.889647960662842,34.72632646560669,41.43204402923584,52.071773290634155,58.09543704986572,"unknown",63.92314314842224,65.30624079704285,"unknown","unknown","unknown","unknown","unknown","unknown","unknown",72.32876300811768,"unknown","unknown",79.32080221176147,"","","",""
"5f2a1aa","","","","","","","","","","","","","","","","","","","","","","","","","","","","","",""
"87b3434","","","","","","","","","","","","","","","","","","","","","","","","","","","","","",""
"bd305b8","","","","","","","","","","","","","","","","","","","","","","","","","","","","","",""
"4b70ed3",-3832.100349664688,"unknown",-3824.9280297756195,-3818.767509460449,0.0,6.5567967891693115,17.549159288406372,23.994298219680786,39.81066179275513,45.45927357673645,53.393980264663696,58.697531938552856,"unknown",64.90123295783997,66.69483518600464,"unknown","unknown","unknown","unknown","unknown","unknown","unknown",73.37712931632996,"unknown","unknown",80.23232793807983,"","","",""
"8ec15bc",-12965.852042198181,"unknown",-12959.086857795715,-12952.476585388184,0.0,6.8627049922943115,19.733306169509888,25.38654375076294,26.591869592666626,33.55057692527771,63.190356969833374,"unknown",69.9541482925415,75.50253176689148,76.89178252220154,"unknown","unknown","unknown","unknown","unknown","unknown","unknown",83.78517866134644,"unknown","unknown",89.09924054145813,"","","",""
"6c8906b","","","","","","","","","","","","","","","","","","","","","","","","","","","","","",""
"dae9b13","","","","","","","","","","","","","","","","","","","","","","","","","","","","","",""
"4828266","","","","","","","","","","","","","","","","","","","","","","","","","","","","","",""
"614fc3f",-7069.349420547485,"unknown",-7061.959148406982,-7055.884465456009,0.0,5.617486238479614,11.995129108428955,17.41859269142151,130.38983845710754,137.46139359474182,144.1910364627838,150.28653073310852,"unknown",156.08949208259583,158.30226945877075,"unknown","unknown","unknown","unknown","unknown","unknown","unknown",164.0747354030609,"unknown","unknown",170.12116193771362,"","","",""
"a300755","","","","","","","","","","","","","","","","","","","","","","","","","","","","","",""
"802d704","","","","","","","","","","","","","","","","","","","","","","","","","","","","","",""
"e892cd4","","","","","","","","","","","","","","","","","","","","","","","","","","","","","",""
"ac42d69",-3240.0195457935333,"unknown",-3234.4185285568237,-3228.819995880127,0.0,6.0023415088653564,43.63507390022278,49.15882754325867,68.01154899597168,75.09029698371887,92.56376433372498,99.00201892852783,"unknown",105.84729671478271,107.84063911437988,"unknown","unknown","unknown","unknown","unknown","unknown","unknown",114.3044798374176,"unknown","unknown",120.3458342552185,"","","",""
"7bb45d3","","","","","","","","","","","","","","","","","","","","","","","","","","","","","",""
"7622483","","","","","","","","","","","","","","","","","","","","","","","","","","","","","",""
"730747e",-20664.51518893242,"unknown",-20657.821450948715,-20651.30913209915,0.0,5.927575588226318,11.51234221458435,17.93094825744629,32.35833120346069,39.031524658203125,52.1397340297699,58.52840805053711,"unknown",64.60021758079529,70.35055541992188,"unknown","unknown","unknown","unknown","unknown","unknown","unknown",76.6529188156128,"unknown","unknown",83.42101788520813,"","","",""
"07ff49d",-8942.03367972374,"unknown",-8936.20862865448,-8930.244222164154,0.0,5.870126485824585,9.782256603240967,15.822547912597656,52.64453935623169,58.52914071083069,64.82905292510986,72.0912230014801,"unknown",78.00431323051453,94.93275260925293,"unknown","unknown","unknown","unknown","unknown","unknown","unknown",101.11835360527039,"unknown","unknown",108.05731892585754,"","","",""
"22fdb61","","","","","","","","","","","","","","","","","","","","","","","","","","","","","",""
"db046f2","","","","","","","","","","","","","","","","","","","","","","","","","","","","","",""
"99ee852",-25388.76478457451,"unknown",-25383.002370119095,-25376.544917583466,0.0,5.825740098953247,13.118400573730469,20.384679555892944,35.03028631210327,40.609076738357544,175.90859079360962,183.02589559555054,"unknown",190.00660490989685,195.9076132774353,"unknown","unknown","unknown","unknown","unknown","unknown","unknown",202.20828223228455,"unknown","unknown",207.82508397102356,"","","",""
"ad2fc5b",-83.22136640548706,"unknown",-77.7867341041565,-72.30556654930115,0.0,6.199376344680786,16.423985719680786,22.339666604995728,58.150200843811035,64.685715675354,80.47616672515869,87.20998048782349,"unknown",92.74806189537048,95.52206373214722,"unknown","unknown","unknown","unknown","unknown","unknown","unknown",100.98301815986633,"unknown","unknown",106.98212575912476,"","","",""
"d318264","","","","","","","","","","","","","","","","","","","","","","","","","","","","","",""
"741ef32",-603.4842731952667,"unknown",-596.619553565979,-590.1123189926147,0.0,5.739869832992554,51.54236960411072,58.33508658409119,925.0413110256195,930.6979827880859,1003.0115969181061,1009.2754683494568,"unknown",1015.1413207054138,1032.2387750148773,"unknown","unknown","unknown","unknown","unknown","unknown","unknown",1037.6587674617767,"unknown","unknown",1043.5030372142792,"","","",""
"b75259d","","","","","","","","","","","","","","","","","","","","","","","","","","","","","",""
"b67425b","","","","","","","","","","","","","","","","","","","","","","","","","","","","","",""
"446ad6c",-4259.274303436279,"unknown",-4252.577167272568,-4246.96644282341,0.0,6.622451066970825,9.723128318786621,15.1246337890625,27.812781810760498,34.21587777137756,45.11482071876526,50.94595789909363,"unknown",57.08241820335388,59.24173069000244,"unknown","unknown","unknown","unknown","unknown","unknown","unknown",65.91374325752258,"unknown","unknown",71.73944616317749,"","","",""
"70405ea","","","","","","","","","","","","","","","","","","","","","","","","","","","","","",""
"1117a63",-17829.258811473846,"unknown",-17822.13803601265,-17814.999498844147,0.0,5.866313934326172,19.39647650718689,24.613201141357422,43.53420376777649,49.19372344017029,71.00333404541016,76.48028588294983,"unknown",83.45449185371399,92.92668390274048,"unknown","unknown","unknown","unknown","unknown","unknown","unknown",99.74090099334717,"unknown","unknown",106.94730710983276,"","","",""
"537189f","","","","","","","","","","","","","","","","","","","","","","","","","","","","","",""
"17b5a6e","","","","","","","","","","","","","","","","","","","","","","","","","","","","","",""
"d3e37eb",-295442.98811006546,"unknown",-295437.695045948,-295432.01262545586,0.0,6.579137325286865,9.135648965835571,16.186052560806274,32.060067892074585,39.12119102478027,61.713542222976685,67.97599267959595,"unknown",75.04309439659119,77.08660554885864,"unknown","unknown","unknown","unknown","unknown","unknown","unknown",83.53366303443909,"unknown","unknown",90.53390741348267,"","","",""
"2ee7f92",-924.7924847602844,"unknown",-917.6735463142395,-910.8864545822144,0.0,5.625050783157349,9.535041570663452,15.972762823104858,18.475663661956787,24.15754246711731,52.13146638870239,58.39994716644287,"unknown",64.78759574890137,66.48092889785767,"unknown","unknown","unknown","unknown","unknown","unknown","unknown",72.24110293388367,"unknown","unknown",79.25364422798157,"","","",""
"89d63ed",-5450.658864736557,"unknown",-5444.763110637665,-5438.289266824722,0.0,7.107484340667725,9.10647201538086,15.053419828414917,18.552635669708252,24.54894232749939,37.16735124588013,44.37111806869507,"unknown",49.85360264778137,51.8889741897583,"unknown","unknown","unknown","unknown","unknown","unknown","unknown",57.2500159740448,"unknown","unknown",63.47678828239441,"","","",""
"c0a644e",-99253.46810984612,"unknown",-99247.82310962677,-99242.21846961975,0.0,5.345256090164185,12.428720951080322,18.29783344268799,31.36410355567932,37.918980836868286,49.560571908950806,55.39693260192871,"unknown",61.58518981933594,63.384872913360596,"unknown","unknown","unknown","unknown","unknown","unknown","unknown",70.68836092948914,"unknown","unknown",76.62877941131592,"","","",""
"80f558b",-9068.263247966766,"unknown",-9061.663191318512,-9054.531859874725,0.0,6.330368995666504,12.657662868499756,18.25136137008667,47.44797158241272,53.81934142112732,76.47292566299438,82.75923442840576,"unknown",88.45471835136414,92.88047814369202,"unknown","unknown","unknown","unknown","unknown","unknown","unknown",98.7604432106018,"unknown","unknown",105.26430583000183,"","","",""
"87e4f18","","","","","","","","","","","","","","","","","","","","","","","","","","","","","",""
"0186834","","","","","","","","","","","","","","","","","","","","","","","","","","","","","",""
"0355f6d",-12731.886936903,"unknown",-12724.665274620056,-12718.678562641144,0.0,5.599147796630859,13.500550031661987,20.709633827209473,46.99007487297058,54.348668575286865,104.37731337547302,110.17541241645813,"unknown",115.77785444259644,118.27515149116516,"unknown","unknown","unknown","unknown","unknown","unknown","unknown",124.18328905105591,"unknown","unknown",130.14112281799316,"","","",""
"fa6a8b8","","","","","","","","","","","","","","","","","","","","","","","","","","","","","",""
"145d339",-15639.582242488861,"unknown",-15632.994240999222,-15626.1288793087,0.0,7.10662317276001,9.835767984390259,16.00263285636902,40.2330265045166,47.087631940841675,55.43882083892822,62.46515250205994,"unknown",69.31011438369751,71.61927938461304,"unknown","unknown","unknown","unknown","unknown","unknown","unknown",78.16467881202698,"unknown","unknown",83.5044436454773,"","","",""
"e96f42c","","","","","","","","","","","","","","","","","","","","","","","","","","","","","",""
"f382ec0","","","","","","","","","","","","","","","","","","","","","","","","","","","","","",""
"962a7dd",-14.764131307601929,"unknown",-8.859649658203125,-2.479039192199707,0.0,6.479288578033447,12.91858720779419,19.70048189163208,42.6498589515686,49.90969729423523,70.07267570495605,"unknown",76.36316466331482,81.82828736305237,89.9730064868927,"unknown","unknown","unknown","unknown","unknown","unknown","unknown",96.93269324302673,"unknown","unknown",103.98596549034119,"","","",""
"5c97513","","","","","","","","","","","","","","","","","","","","","","","","","","","","","",""
"acc6118",-14018.197963953018,"unknown",-14012.292860507965,-14005.585541725159,0.0,6.191687345504761,12.120289087295532,19.10861372947693,36.15836715698242,42.28672671318054,49.777337074279785,56.06814527511597,"unknown",62.53177237510681,64.24542593955994,"unknown","unknown","unknown","unknown","unknown","unknown","unknown",71.30614900588989,"unknown","unknown",77.8513286113739,"","","",""
"d33371d","","","","","","","","","","","","","","","","","","","","","","","","","","","","","",""
"5d45bd1","","","","","","","","","","","","","","","","","","","","","","","","","","","","","",""
"cfcbc2d","","","","","","","","","","","","","","","","","","","","","","","","","","","","","",""
"98ecb86",-836.498780965805,"unknown",-829.8284134864807,-822.9776654243469,0.0,6.035011529922485,8.980574131011963,15.695886373519897,18.440047025680542,25.648919105529785,45.02577447891235,51.170204162597656,"unknown",57.79817199707031,61.16415739059448,"unknown","unknown","unknown","unknown","unknown","unknown","unknown",66.5114164352417,"unknown","unknown",73.28638434410095,"","","",""
"7636563",-39.423057079315186,"unknown",-33.969666481018066,-28.304045915603638,0.0,7.180448532104492,11.975147247314453,19.126698970794678,33.18957710266113,39.92043137550354,47.04629945755005,53.72737216949463,"unknown",59.06454610824585,60.946900367736816,"unknown","unknown","unknown","unknown","unknown","unknown","unknown",67.0278480052948,"unknown","unknown",72.65459418296814,"","","",""
"5d2b358","","","","","","","","","","","","","","","","","","","","","","","","","","","","","",""
"5d9ae0c","","","","","","","","","","","","","","","","","","","","","","","","","","","","","",""
"73d4e20","","","","","","","","","","","","","","","","","","","","","","","","","","","","","",""
"be94a32","","","","","","","","","","","","","","","","","","","","","","","","","","","","","",""
"9f972fb","","","","","","","","","","","","","","","","","","","","","","","","","","","","","",""
"6e93efd",-617.4273490905762,"unknown",-611.6325314044952,-605.7498645782471,0.0,6.011836051940918,8.315007448196411,13.961006879806519,16.032756090164185,23.804435968399048,35.951663970947266,42.34601664543152,"unknown",47.84882354736328,49.25424528121948,"unknown","unknown","unknown","unknown","unknown","unknown","unknown",54.786723375320435,"unknown","unknown",60.28921294212341,"","","",""
"5a4afae","","","","","","","","","","","","","","","","","","","","","","","","","","","","","",""
"c34e373","","","","","","","","","","","","","","","","","","","","","","","","","","","","","",""
"6bac72b",-10996.083357095718,"unknown",-10990.093994140625,-10984.110721349716,0.0,5.833369493484497,10.402604341506958,16.13097310066223,35.41484880447388,42.0013325214386,69.62358736991882,75.75550746917725,"unknown",81.21558547019958,83.32988834381104,"unknown","unknown","unknown","unknown","unknown","unknown","unknown",89.53893804550171,"unknown","unknown",95.3234977722168,"","","",""
"c9285e4",-6898.147463560104,"unknown",-6891.250667095184,-6885.515423297882,0.0,5.638141870498657,49950.43793320656,49955.83726859093,50169.397852897644,50175.64217400551,68366.53756570816,"unknown",68373.35539388657,68379.3062312603,68381.17448234558,"unknown","unknown","unknown","unknown","unknown","unknown","unknown",68388.58421754837,"unknown","unknown",68394.88667201996,"","","",""
"bd4b2f4",-13662.834572315216,"unknown",-13657.097729921341,-13651.165618419647,0.0,5.342416763305664,8.69033432006836,14.821395635604858,35.51316571235657,41.07582092285156,47.51845955848694,53.24195384979248,"unknown",60.40674185752869,62.80375671386719,"unknown","unknown","unknown","unknown","unknown","unknown","unknown",69.0421552658081,"unknown","unknown",76.08203864097595,"","","",""
"bd650e8","","","","","","","","","","","","","","","","","","","","","","","","","","","","","",""
"b81bc6e","","","","","","","","","","","","","","","","","","","","","","","","","","","","","",""
"0ff20c2",-976505.5563044548,"unknown",-976499.4803435802,-976492.6836247444,0.0,5.358039140701294,8.115070819854736,14.836850643157959,42.655144929885864,48.138747453689575,62.987571716308594,68.74625539779663,"unknown",75.55311608314514,78.14111971855164,"unknown","unknown","unknown","unknown","unknown","unknown","unknown",83.75977063179016,"unknown","unknown",90.0374825000763,"","","",""
"b0e3caa","","","","","","","","","","","","","","","","","","","","","","","","","","","","","",""
"45f7f6c","","","","","","","","","","","","","","","","","","","","","","","","","","","","","",""
"1df700a","","","","","","","","","","","","","","","","","","","","","","","","","","","","","",""
"d3a396c",-31557.324184417725,"unknown",-31550.487265348434,-31544.044620513916,0.0,6.418405771255493,12.252663850784302,18.387949228286743,20.024228811264038,27.167810440063477,37.54854655265808,44.89308142662048,"unknown",51.46779227256775,53.59470462799072,"unknown","unknown","unknown","unknown","unknown","unknown","unknown",59.89584445953369,"unknown","unknown",65.24653458595276,"","","",""
"79b129c","","","","","","","","","","","","","","","","","","","","","","","","","","","","","",""
"d85b5c4","","","","","","","","","","","","","","","","","","","","","","","","","","","","","",""
"43b56f8","","","","","","","","","","","","","","","","","","","","","","","","","","","","","",""
"3ecbabb","","","","","","","","","","","","","","","","","","","","","","","","","","","","","",""
"c9c92b5","","","","","","","","","","","","","","","","","","","","","","","","","","","","","",""
"f9b9236",-3248.3985211849213,"unknown",-3241.975156545639,-3236.3590767383575,0.0,5.650828123092651,7.703660011291504,14.423834562301636,27.309160709381104,34.315921783447266,49.19360947608948,55.59015655517578,"unknown",62.80092167854309,64.89096188545227,"unknown","unknown","unknown","unknown","unknown","unknown","unknown",70.33105325698853,"unknown","unknown",77.34674978256226,"","","",""
"4a0236d","","","","","","","","","","","","","","","","","","","","","","","","","","","","","",""
"b7a265d","","","","","","","","","","","","","","","","","","","","","","","","","","","","","",""
"912afde","","","","","","","","","","","","","","","","","","","","","","","","","","","","","",""
"c97639e","","","","","","","","","","","","","","","","","","","","","","","","","","","","","",""
"af72486",-15284.211926221848,"unknown",-15277.90289926529,-15271.389587402344,0.0,6.279576778411865,11.37070608139038,16.99175500869751,178.21011996269226,184.0889699459076,211.01602149009705,216.63200187683105,"unknown",223.63508915901184,242.12684321403503,"unknown","unknown","unknown","unknown","unknown","unknown","unknown",247.54193949699402,"unknown","unknown",253.86689352989197,"","","",""
"e2517d9","","","","","","","","","","","","","","","","","","","","","","","","","","","","","",""
"1e88a68","","","","","","","","","","","","","","","","","","","","","","","","","","","","","",""
"9d97673","","","","","","","","","","","","","","","","","","","","","","","","","","","","","",""
"aa07d95",-10060.17942738533,"unknown",-10053.99898147583,-10047.116553544998,0.0,6.600409984588623,23.23455572128296,29.860116004943848,64.52590680122375,71.39494252204895,131.00197219848633,137.34769296646118,"unknown",144.3152334690094,148.85209465026855,"unknown","unknown","unknown","unknown","unknown","unknown","unknown",155.60721921920776,"unknown","unknown",161.4290030002594,"","","",""
"d27b032","","","","","","","","","","","","","","","","","","","","","","","","","","","","","",""
"38c4951","","","","","","","","","","","","","","","","","","","","","","","","","","","","","",""
"13dba9e","","","","","","","","","","","","","","","","","","","","","","","","","","","","","",""
"e6d310e",-2280.609040260315,"unknown",-2275.230360507965,-2268.1317794322968,0.0,5.552712917327881,18.004985094070435,25.16887664794922,54.229963302612305,61.08536458015442,75.69232368469238,81.10531687736511,"unknown",88.12657904624939,90.26133370399475,"unknown","unknown","unknown","unknown","unknown","unknown","unknown",96.29685544967651,"unknown","unknown",102.2037262916565,"","","",""
"8c74aa5",-281463.00239777565,"unknown",-281457.2058262825,-281451.3310222626,0.0,6.750646591186523,73.60861992835999,79.77194213867188,110.45492196083069,117.63780426979065,133.18813371658325,139.47533345222473,"unknown",146.03612542152405,147.9516053199768,"unknown","unknown","unknown","unknown","unknown","unknown","unknown",154.33771324157715,"unknown","unknown",159.9539339542389,"","","",""
"679fa36","","","","","","","","","","","","","","","","","","","","","","","","","","","","","",""
"b164bf7","","","","","","","","","","","","","","","","","","","","","","","","","","","","","",""
"7e62763","","","","","","","","","","","","","","","","","","","","","","","","","","","","","",""
"c7a7d85",-248960.78459525108,"unknown",-248953.93820023537,-248948.1741259098,0.0,6.045501947402954,9.365508317947388,14.620600461959839,35.80969977378845,41.06647992134094,53.85219383239746,59.218385219573975,"unknown",66.18058395385742,68.02357578277588,"unknown","unknown","unknown","unknown","unknown","unknown","unknown",73.9241373538971,"unknown","unknown",80.53619861602783,"","","",""
"3b7f267","","","","","","","","","","","","","","","","","","","","","","","","","","","","","",""
"fa1efad","","","","","","","","","","","","","","","","","","","","","","","","","","","","","",""
"ae58bf1",-5556.919818878174,"unknown",-5551.10701417923,-5545.294627904892,0.0,5.924592733383179,8.725695610046387,14.216156005859375,33.484023094177246,40.18019342422485,51.01980900764465,56.976760149002075,"unknown",62.9445641040802,64.89960837364197,"unknown","unknown","unknown","unknown","unknown","unknown","unknown",70.56562924385071,"unknown","unknown",76.76397228240967,"","","",""
"492238f","","","","","","","","","","","","","","","","","","","","","","","","","","","","","",""
"43c977d",-185281.7970354557,"unknown",-185276.30630469322,-185271.1183769703,0.0,6.302452325820923,20.8696506023407,27.299209594726562,88.1575767993927,93.84028363227844,105.42915678024292,111.77016377449036,"unknown",117.92610311508179,127.55708384513855,"unknown","unknown","unknown","unknown","unknown","unknown","unknown",133.9960401058197,"unknown","unknown",140.59314823150635,"","","",""
"4eff6be","","","","","","","","","","","","","","","","","","","","","","","","","","","","","",""
"e1b193b",-2243.179331302643,"unknown",-2236.1545939445496,-2230.382310628891,0.0,6.848393201828003,172.35858178138733,179.28605723381042,191.09167742729187,198.0528621673584,209.11365914344788,216.1945607662201,"unknown",221.59256386756897,223.0750069618225,"unknown","unknown","unknown","unknown","unknown","unknown","unknown",229.44029068946838,"unknown","unknown",234.77693915367126,"","","",""
"1415cd3","","","","","","","","","","","","","","","","","","","","","","","","","","","","","",""
"2953e33","","","","","","","","","","","","","","","","","","","","","","","","","","","","","",""
"a540012","","","","","","","","","","","","","","","","","","","","","","","","","","","","","",""
"dd88e0f","","","","","","","","","","","","","","","","","","","","","","","","","","","","","",""
"d135983","","","","","","","","","","","","","","","","","","","","","","","","","","","","","",""
"814517e",-877.630551815033,"unknown",-870.4333713054657,-864.4192180633545,0.0,7.729132413864136,200.61549139022827,207.69879364967346,229.21757078170776,236.14736795425415,380.7743651866913,387.368182182312,"unknown",393.7577574253082,396.27979040145874,"unknown","unknown","unknown","unknown","unknown","unknown","unknown",403.2188937664032,"unknown","unknown",410.4344570636749,"","","",""
"53deb5c",-497755.7437260151,"unknown",-497750.11884593964,-497744.7035806179,0.0,5.5026092529296875,10.590651988983154,16.459551334381104,46.63689661026001,52.02225184440613,81.51857399940491,"unknown",87.66728806495667,93.68748188018799,96.80041289329529,"unknown","unknown","unknown","unknown","unknown","unknown","unknown",102.71705794334412,"unknown","unknown",109.08502697944641,"","","",""
"e4cf342","","","","","","","","","","","","","","","","","","","","","","","","","","","","","",""
"c1a9909","","","","","","","","","","","","","","","","","","","","","","","","","","","","","",""
"844ab34","","","","","","","","","","","","","","","","","","","","","","","","","","","","","",""
"fc2538d",-176.70207262039185,"unknown",-170.87416887283325,-165.36631083488464,0.0,5.906903505325317,1827.3810596466064,1834.2536315917969,4335.391720056534,4342.348692655563,4351.53135061264,4357.024022102356,"unknown",4362.700711965561,4368.036992311478,"unknown","unknown","unknown","unknown","unknown","unknown","unknown",4374.975002288818,"unknown","unknown",4380.446337938309,"","","",""
"4c228f6",-678.5353524684906,"unknown",-672.6357369422913,-666.7431209087372,0.0,6.018865585327148,87.05601930618286,92.62819314002991,142.16080927848816,149.2317419052124,162.04264497756958,167.668963432312,"unknown",174.82320284843445,180.52042746543884,"unknown","unknown","unknown","unknown","unknown","unknown","unknown",186.5398464202881,"unknown","unknown",192.02898716926575,"","","",""
"747ce5f","","","","","","","","","","","","","","","","","","","","","","","","","","","","","",""
"6ab42f2","","","","","","","","","","","","","","","","","","","","","","","","","","","","","",""
"41f2447",-2811.9765441417694,"unknown",-2805.053691625595,-2797.946068763733,0.0,6.779905080795288,9.252925157546997,16.712466955184937,31.563462257385254,38.544516801834106,50.04356288909912,57.639726638793945,"unknown",64.2825608253479,67.10641145706177,"unknown","unknown","unknown","unknown","unknown","unknown","unknown",73.70520043373108,"unknown","unknown",79.75661897659302,"","","",""
"5bf619a","","","","","","","","","","","","","","","","","","","","","","","","","","","","","",""
"a123713","","","","","","","","","","","","","","","","","","","","","","","","","","","","","",""
"4997357","","","","","","","","","","","","","","","","","","","","","","","","","","","","","",""
"5455b1d","","","","","","","","","","","","","","","","","","","","","","","","","","","","","",""
"f52861b","","","","","","","","","","","","","","","","","","","","","","","","","","","","","",""
"466a0ab","","","","","","","","","","","","","","","","","","","","","","","","","","","","","",""
"399b994","","","","","","","","","","","","","","","","","","","","","","","","","","","","","",""
"6568ea1",-296594.2162718773,"unknown",-296588.8375952244,-296583.07387566566,0.0,6.0365986824035645,11.723482608795166,18.721955060958862,59.05586504936218,66.24947214126587,205.41228199005127,212.45699906349182,"unknown",217.75035166740417,219.24420809745789,"unknown","unknown","unknown","unknown","unknown","unknown","unknown",224.93322920799255,"unknown","unknown",231.36810398101807,"","","",""
"a839247","","","","","","","","","","","","","","","","","","","","","","","","","","","","","",""
"5d6ad7f",-116028.45863318443,"unknown",-116022.78907632828,-116015.96272397041,0.0,6.796161890029907,11.395344257354736,17.12009358406067,28.881942749023438,34.71831035614014,46.710932970047,52.70146560668945,"unknown",58.497069358825684,67.64509081840515,"unknown","unknown","unknown","unknown","unknown","unknown","unknown",73.70808458328247,"unknown","unknown",80.00960111618042,"","","",""
"528d0fe","","","","","","","","","","","","","","","","","","","","","","","","","","","","","",""
"900150c",-59342.281239748,"unknown",-59336.956557035446,-59330.564130306244,0.0,6.192956924438477,8.093563318252563,15.537963390350342,43.74170637130737,49.22534537315369,87.07120966911316,94.27263331413269,"unknown",101.23576045036316,118.00663185119629,"unknown","unknown","unknown","unknown","unknown","unknown","unknown",124.48217439651489,"unknown","unknown",130.01848459243774,"","","",""
"924de30","","","","","","","","","","","","","","","","","","","","","","","","","","","","","",""
"d925650","","","","","","","","","","","","","","","","","","","","","","","","","","","","","",""
"37798a6","","","","","","","","","","","","","","","","","","","","","","","","","","","","","",""
"ff10184",-94387.69125366211,"unknown",-94380.6856739521,-94374.53660774231,0.0,5.232006072998047,17.417665481567383,23.043212890625,54.29685378074646,61.549750328063965,90.82713723182678,97.1669397354126,"unknown",104.06435132026672,105.9896593093872,"unknown","unknown","unknown","unknown","unknown","unknown","unknown",112.02039813995361,"unknown","unknown",119.10535478591919,"","","",""
"cde7968",-801391.4617908001,"unknown",-801385.8395035267,-801379.6437139511,0.0,7.033633708953857,12.486438751220703,18.862030029296875,82.91832065582275,89.0521388053894,110.1988480091095,116.93877172470093,"unknown",122.9600076675415,125.18786311149597,"unknown","unknown","unknown","unknown","unknown","unknown","unknown",130.63996934890747,"unknown","unknown",136.24708580970764,"","","",""
"52d61f6",-4834.260365009308,"unknown",-4827.665385484695,-4821.471279382706,0.0,6.245722770690918,11.651826620101929,17.043500900268555,1998.4001066684723,2004.318336725235,2023.1446478366852,2029.267701625824,"unknown",2035.1482729911804,2036.9893391132355,"unknown","unknown","unknown","unknown","unknown","unknown","unknown",2043.3987069129944,"unknown","unknown",2049.8744974136353,"","","",""
"34d8485",-1043.9426367282867,"unknown",-1038.5382759571075,-1032.0690672397614,0.0,6.999581336975098,108.43602705001831,114.22728776931763,193.53799033164978,199.78748083114624,253.24988508224487,258.7400050163269,"unknown",264.0460958480835,266.6165931224823,"unknown","unknown","unknown","unknown","unknown","unknown","unknown",272.1225321292877,"unknown","unknown",279.4606292247772,"","","",""
"693ef79",-2582.242974758148,"unknown",-2575.936037540436,-2568.9315671920776,0.0,6.845121622085571,12.679294347763062,18.37981343269348,42.01617693901062,49.23003840446472,69.80819296836853,75.49822068214417,"unknown",82.65262126922607,85.11525511741638,"unknown","unknown","unknown","unknown","unknown","unknown","unknown",90.59201836585999,"unknown","unknown",96.77270698547363,"","","",""
"0d5233e","","","","","","","","","","","","","","","","","","","","","","","","","","","","","",""
"f0a4194","","","","","","","","","","","","","","","","","","","","","","","","","","","","","",""
"11e5d50",-272945.43311953545,"unknown",-272939.8998069763,-272933.82310914993,0.0,6.1528403759002686,133.61551690101624,139.82663679122925,188.49628925323486,195.4267122745514,204.44736242294312,210.98367547988892,"unknown",217.06498861312866,220.5868546962738,"unknown","unknown","unknown","unknown","unknown","unknown","unknown",226.7992172241211,"unknown","unknown",232.61274886131287,"","","",""
"047f2ca","","","","","","","","","","","","","","","","","","","","","","","","","","","","","",""
"02b634c","","","","","","","","","","","","","","","","","","","","","","","","","","","","","",""
"0f91d63",-1339.0525133609772,"unknown",-1332.2480609416962,-1326.5502171516418,0.0,5.67974853515625,8.180210828781128,14.819931507110596,27.878772497177124,34.402568340301514,42.96608352661133,49.303488969802856,"unknown",55.34434723854065,58.9321084022522,"unknown","unknown","unknown","unknown","unknown","unknown","unknown",65.16912651062012,"unknown","unknown",72.33488082885742,"","","",""
"87e086c","","","","","","","","","","","","","","","","","","","","","","","","","","","","","",""
"ece9ce7","","","","","","","","","","","","","","","","","","","","","","","","","","","","","",""
"a975113","","","","","","","","","","","","","","","","","","","","","","","","","","","","","",""
"59c79dc",-26025.640078306198,"unknown",-26020.437423229218,-26013.903712034225,0.0,5.865728139877319,12.698447942733765,19.899978160858154,55.08210515975952,62.30132269859314,106.6075792312622,"unknown",112.88480138778687,119.494553565979,123.06779050827026,"unknown","unknown","unknown","unknown","unknown","unknown","unknown",129.79387998580933,"unknown","unknown",136.49914693832397,"","","",""
"dee5269",-1285.1125288009644,"unknown",-1278.504097700119,-1272.6995267868042,0.0,6.901684999465942,11.761781930923462,17.907283782958984,59.836299657821655,66.98018074035645,89.51963019371033,"unknown",96.18848848342896,102.75778460502625,117.33701348304749,"unknown","unknown","unknown","unknown","unknown","unknown","unknown",123.39986085891724,"unknown","unknown",129.65112280845642,"","","",""
"844fef2",-109730.8679907322,"unknown",-109723.70355510712,-109717.16040682793,0.0,6.540807247161865,12.402569055557251,17.864944458007812,95.82257199287415,102.27623844146729,164.15885305404663,"unknown",170.84269309043884,176.74493861198425,180.50917720794678,"unknown","unknown","unknown","unknown","unknown","unknown","unknown",186.2571141719818,"unknown","unknown",192.64169764518738,"","","",""
"ef7d623","","","","","","","","","","","","","","","","","","","","","","","","","","","","","",""
"a54cf83","","","","","","","","","","","","","","","","","","","","","","","","","","","","","",""
"e98cdcd",-706.2495551109314,"unknown",-699.4140501022339,-693.8189928531647,0.0,6.655344247817993,13.392060041427612,18.75396156311035,55.400816917419434,61.00328540802002,123.2095901966095,128.52758717536926,"unknown",134.44187378883362,137.17399716377258,"unknown","unknown","unknown","unknown","unknown","unknown","unknown",143.5824019908905,"unknown","unknown",149.12055277824402,"","","",""
"a3ff1ab",-60802.10714364052,"unknown",-60795.780408144,-60789.69047832489,0.0,6.442051887512207,14.317804336547852,21.47148323059082,62.77158880233765,69.38577127456665,195.27530193328857,201.25718879699707,"unknown",206.83120775222778,209.65842151641846,"unknown","unknown","unknown","unknown","unknown","unknown","unknown",215.7661955356598,"unknown","unknown",221.90211486816406,"","","",""
"33bcee6","","","","","","","","","","","","","","","","","","","","","","","","","","","","","",""
"c494a29","","","","","","","","","","","","","","","","","","","","","","","","","","","","","",""
"aa68b7a","","","","","","","","","","","","","","","","","","","","","","","","","","","","","",""
"92db041","","","","","","","","","","","","","","","","","","","","","","","","","","","","","",""
"b921637","","","","","","","","","","","","","","","","","","","","","","","","","","","","","",""
"0fa3c49","","","","","","","","","","","","","","","","","","","","","","","","","","","","","",""
"cb28371","","","","","","","","","","","","","","","","","","","","","","","","","","","","","",""
"a664235","","","","","","","","","","","","","","","","","","","","","","","","","","","","","",""
"81f41fd","","","","","","","","","","","","","","","","","","","","","","","","","","","","","",""
"f38953f","","","","","","","","","","","","","","","","","","","","","","","","","","","","","",""
"6801018","","","","","","","","","","","","","","","","","","","","","","","","","","","","","",""
"ac3a94c","","","","","","","","","","","","","","","","","","","","","","","","","","","","","",""
"eccfff0","","","","","","","","","","","","","","","","","","","","","","","","","","","","","",""
"49f21e0","","","","","","","","","","","","","","","","","","","","","","","","","","","","","",""
"02ed09a","","","","","","","","","","","","","","","","","","","","","","","","","","","","","",""
"37b9a9f",-20542.614354610443,"unknown",-20537.214333295822,-20530.40513420105,0.0,7.3947577476501465,4176.754075050354,4182.849990129471,4185.095604658127,4192.202613830566,4282.44410610199,4289.250566959381,"unknown",4295.09063410759,4297.231369018555,"unknown","unknown","unknown","unknown","unknown","unknown","unknown",4302.768700838089,"unknown","unknown",4309.0694127082825,"","","",""
"3c0c7c1","","","","","","","","","","","","","","","","","","","","","","","","","","","","","",""
"89f6d9e",-30712.09965610504,"unknown",-30705.276921987534,-30699.944046735764,0.0,6.2739481925964355,9.677989482879639,16.48275327682495,29.413570642471313,35.075563192367554,52.12379002571106,58.6731014251709,"unknown",65.25083494186401,66.85747480392456,"unknown","unknown","unknown","unknown","unknown","unknown","unknown",73.64528751373291,"unknown","unknown",79.97181510925293,"","","",""
"39dc9b8","","","","","","","","","","","","","","","","","","","","","","","","","","","","","",""
"56bae3a","","","","","","","","","","","","","","","","","","","","","","","","","","","","","",""
"28ec805","","","","","","","","","","","","","","","","","","","","","","","","","","","","","",""
"4c8a5bc","","","","","","","","","","","","","","","","","","","","","","","","","","","","","",""
"48179d1","","","","","","","","","","","","","","","","","","","","","","","","","","","","","",""
"e845b6b","","","","","","","","","","","","","","","","","","","","","","","","","","","","","",""
"619e952",-8032.172012329102,"unknown",-8026.46115398407,-8019.590077877045,0.0,6.55379581451416,9.425635576248169,14.949796199798584,28.434560298919678,35.23227834701538,41.82715463638306,48.67410182952881,"unknown",55.932690143585205,58.94989371299744,"unknown","unknown","unknown","unknown","unknown","unknown","unknown",65.45870566368103,"unknown","unknown",72.01396942138672,"","","",""
"0fd9ca7","","","","","","","","","","","","","","","","","","","","","","","","","","","","","",""
"ff125d4","","","","","","","","","","","","","","","","","","","","","","","","","","","","","",""
"0dc7823","","","","","","","","","","","","","","","","","","","","","","","","","","","","","",""
"64155b9","","","","","","","","","","","","","","","","","","","","","","","","","","","","","",""
"9cfbb83","","","","","","","","","","","","","","","","","","","","","","","","","","","","","",""
"f6ffd76","","","","","","","","","","","","","","","","","","","","","","","","","","","","","",""
"57b0697","","","","","","","","","","","","","","","","","","","","","","","","","","","","","",""
"1c202a8","","","","","","","","","","","","","","","","","","","","","","","","","","","","","",""
"3e625ac","","","","","","","","","","","","","","","","","","","","","","","","","","","","","",""
"6b36bf5",-685802.9787187576,"unknown",-685797.6331386566,-685790.8067884445,0.0,5.82871413230896,74.71767401695251,80.15235042572021,277.75549602508545,283.8920724391937,298.3672935962677,304.28212547302246,"unknown",310.20717430114746,1025.0208520889282,"unknown","unknown","unknown","unknown","unknown","unknown","unknown",1032.2035281658173,"unknown","unknown",1038.1284267902374,"","","",""
"99775ba",-462.10238885879517,"unknown",-456.68279004096985,-449.93882489204407,0.0,5.281312942504883,7.862950325012207,14.671717405319214,26.138975143432617,33.04720687866211,42.00602746009827,48.24973487854004,"unknown",55.507201194763184,57.820350885391235,"unknown","unknown","unknown","unknown","unknown","unknown","unknown",64.45457863807678,"unknown","unknown",69.83423280715942,"","","",""
"152aa4d",-4556.354054927826,"unknown",-4550.940948724747,-4544.371806144714,0.0,5.792189121246338,8.175671100616455,14.651155948638916,16.750341653823853,23.21746253967285,52.10654544830322,59.3259072303772,"unknown",65.76391196250916,67.7437481880188,"unknown","unknown","unknown","unknown","unknown","unknown","unknown",73.84651803970337,"unknown","unknown",79.16724014282227,"","","",""
"ced331f","","","","","","","","","","","","","","","","","","","","","","","","","","","","","",""
"1d235c1","","","","","","","","","","","","","","","","","","","","","","","","","","","","","",""
"e6de912",-5460.1937844753265,"unknown",-5452.973975658417,-5446.628087759018,0.0,6.43314003944397,7.8944292068481445,13.551275253295898,27.463501930236816,34.230738162994385,46.25244998931885,53.315324544906616,"unknown",59.82846808433533,61.263362407684326,"unknown","unknown","unknown","unknown","unknown","unknown","unknown",67.12664890289307,"unknown","unknown",73.42244982719421,"","","",""
"76bbc0d",-9495.523864269257,"unknown",-9489.616875648499,-9484.231065750122,0.0,7.2112486362457275,15809.158734321594,15815.772743225098,15838.614008665085,15845.408214569092,15882.44918346405,15889.014425992966,"unknown",15894.680423498154,15896.8678855896,"unknown","unknown","unknown","unknown","unknown","unknown","unknown",15903.629505872726,"unknown","unknown",15910.783723831177,"","","",""
"36b4ec5",-80122.71393036842,"unknown",-80116.22448253632,-80109.65311646461,0.0,7.46317720413208,9.557549476623535,15.327392816543579,27.338449478149414,33.167001485824585,52.73840308189392,58.716214656829834,"unknown",64.01852607727051,65.41590142250061,"unknown","unknown","unknown","unknown","unknown","unknown","unknown",70.76588463783264,"unknown","unknown",77.04917049407959,"","","",""
"7de2a3d","","","","","","","","","","","","","","","","","","","","","","","","","","","","","",""
"dbe3880","","","","","","","","","","","","","","","","","","","","","","","","","","","","","",""
"877fb69",-21477.689464330673,"unknown",-21471.39234972,-21464.483184337616,0.0,5.95405125617981,10.931296825408936,17.581725120544434,38.67940354347229,45.680301666259766,56.59044337272644,"unknown",62.05232787132263,68.33064937591553,70.96340656280518,"unknown","unknown","unknown","unknown","unknown","unknown","unknown",77.78796863555908,"unknown","unknown",83.82223963737488,"","","",""
"c17e360","","","","","","","","","","","","","","","","","","","","","","","","","","","","","",""
"51be121","","","","","","","","","","","","","","","","","","","","","","","","","","","","","",""
"e9e1409","","","","","","","","","","","","","","","","","","","","","","","","","","","","","",""
"051761f","","","","","","","","","","","","","","","","","","","","","","","","","","","","","",""
"1c627cb","","","","","","","","","","","","","","","","","","","","","","","","","","","","","",""
"5177026","","","","","","","","","","","","","","","","","","","","","","","","","","","","","",""
"db0051d","","","","","","","","","","","","","","","","","","","","","","","","","","","","","",""
"9e9a81e","","","","","","","","","","","","","","","","","","","","","","","","","","","","","",""
"6289e6c","","","","","","","","","","","","","","","","","","","","","","","","","","","","","",""
"a9b4533","","","","","","","","","","","","","","","","","","","","","","","","","","","","","",""
"1db8420","","","","","","","","","","","","","","","","","","","","","","","","","","","","","",""
"8a1ecd0","","","","","","","","","","","","","","","","","","","","","","","","","","","","","",""
"8fd863f","","","","","","","","","","","","","","","","","","","","","","","","","","","","","",""
"644830a","","","","","","","","","","","","","","","","","","","","","","","","","","","","","",""
"5dbecee","","","","","","","","","","","","","","","","","","","","","","","","","","","","","",""
"86c5f35","","","","","","","","","","","","","","","","","","","","","","","","","","","","","",""
"4c072d3","","","","","","","","","","","","","","","","","","","","","","","","","","","","","",""
"89bbcd3","","","","","","","","","","","","","","","","","","","","","","","","","","","","","",""
"aa9ac00","","","","","","","","","","","","","","","","","","","","","","","","","","","","","",""
"9a1b5fa","","","","","","","","","","","","","","","","","","","","","","","","","","","","","",""
"d003724","","","","","","","","","","","","","","","","","","","","","","","","","","","","","",""
"3a03bea","","","","","","","","","","","","","","","","","","","","","","","","","","","","","",""
"e427669","","","","","","","","","","","","","","","","","","","","","","","","","","","","","",""
"12dfda3","","","","","","","","","","","","","","","","","","","","","","","","","","","","","",""
"3226bb3","","","","","","","","","","","","","","","","","","","","","","","","","","","","","",""
"9f4d288","","","","","","","","","","","","","","","","","","","","","","","","","","","","","",""
"35adcf1","","","","","","","","","","","","","","","","","","","","","","","","","","","","","",""
"b2621a2",-120.00550866127014,"unknown",-112.88068985939026,-106.23097395896912,0.0,6.3120949268341064,9.844962358474731,16.970155477523804,41.41744542121887,47.279191732406616,64.72537446022034,71.16116642951965,"unknown",77.81376266479492,80.16951107978821,"unknown","unknown","unknown","unknown","unknown","unknown","unknown",86.96507716178894,"unknown","unknown",93.19336318969727,"","","",""
"6099d06",-6565.832256793976,"unknown",-6559.147483110428,-6553.3615045547485,0.0,6.344137191772461,17.378511428833008,24.61855387687683,41.63133978843689,48.015044927597046,106.92921876907349,112.37025952339172,"unknown",118.17521095275879,124.96346664428711,"unknown","unknown","unknown","unknown","unknown","unknown","unknown",131.13555431365967,"unknown","unknown",137.71127605438232,"","","",""
"d91bf84","unknown","unknown","unknown","unknown",0.0,"unknown",37.80611491203308,"unknown",71.95895862579346,"unknown",98.57955074310303,"unknown","unknown","unknown",155.63670921325684,"unknown","unknown","unknown","unknown","unknown","unknown","unknown","unknown","unknown","unknown","unknown","","","",""
"c3db77a","","","","","","","","","","","","","","","","","","","","","","","","","","","","","",""
"db7d9c3","unknown","unknown","unknown","unknown",0.0,"unknown",13.875288486480713,"unknown",1107.5267369747162,"unknown",1116.858733177185,"unknown","unknown","unknown",1132.6574032306671,"unknown","unknown","unknown","unknown","unknown","unknown","unknown","unknown","unknown","unknown","unknown","","","",""
"7d9c3_1","unknown","unknown","unknown","unknown",0.0,"unknown",13.875288486480713,"unknown",1107.5267369747162,"unknown",1116.858733177185,"unknown","unknown","unknown",1132.6574032306671,"unknown","unknown","unknown","unknown","unknown","unknown","unknown","unknown","unknown","unknown","unknown","","","",""
"804c32f","","","","","","","","","","","","","","","","","","","","","","","","","","","","","",""
