"","1","recurso","1b","2","cont","3","cont_1","4","dilema","5","x_1","6A","6B","7","v_x_1","8","x_2","9A","9B","10","v_x_2","11","12A","12B","13_1","13_2","13_3","15","2_1","3_1"
"518e9b8",-15337.056059122086,"unknown",-15330.308489322662,-15323.51538348198,0.0,6.161579132080078,9.44999885559082,14.790106773376465,29.39410376548767,35.240920066833496,51.396363258361816,"unknown",57.25665879249573,63.80241894721985,67.42185592651367,"unknown","","unknown","unknown","unknown","","unknown","unknown","unknown",74.41921639442444,"unknown","unknown",79.75164031982422,"",""
"b5edd3c",-27244.157871484756,"unknown",-27237.922795772552,-27232.274809598923,0.0,5.726345777511597,8.841716527938843,15.770461559295654,36.96327090263367,42.88314890861511,55.24341797828674,61.0674889087677,"unknown",67.1595139503479,69.15768623352051,"unknown","","unknown","unknown","unknown","","unknown","unknown","unknown",75.95487809181213,"unknown","unknown",82.69689607620239,"",""
"374ecf8",-4357.075523853302,"unknown",-4350.201544523239,-4343.52007317543,0.0,6.608048439025879,12.575250148773193,19.216192722320557,47.418498039245605,53.86240315437317,74.69900870323181,"unknown",80.20309853553772,86.95624995231628,88.35273241996765,"unknown","","unknown","unknown","unknown","","unknown","unknown","unknown",95.33523440361023,"unknown","unknown",101.60374331474304,"",""
"89f120b","","","","","","","","","","","","","","","","","","","","","","","","","","","","","",""
"1883ca0","unknown","unknown","unknown","unknown",0.0,"unknown",26.944347620010376,"unknown",57.36459493637085,"unknown",73.54117965698242,"unknown","unknown","unknown",87.92321586608887,"unknown","","unknown","unknown","unknown","","unknown","unknown","unknown","unknown","unknown","unknown","unknown","",""
"8d2da97",-10624.705552101135,"unknown",-10618.583399295807,-10611.540670633316,0.0,5.951027870178223,9.036784410476685,16.27909779548645,30.936375617980957,36.80282425880432,50.245545625686646,56.926809549331665,"unknown",64.2519211769104,66.47177076339722,"unknown","","unknown","unknown","unknown","","unknown","unknown","unknown",72.02808833122253,"unknown","unknown",79.14719843864441,"",""
"2541155",-6191.13866353035,"unknown",-6185.244240522385,-6179.446303844452,0.0,7.579619646072388,9.366794347763062,16.191086530685425,32.158552169799805,39.373586654663086,45.91887140274048,"unknown",51.82331132888794,58.116650342941284,79.37872529029846,"unknown","","unknown","unknown","unknown","","unknown","unknown","unknown",84.8441321849823,"unknown","unknown",91.68295121192932,"",""
"ac6f3f6",-71666.66858673096,"unknown",-71660.95303344727,-71654.94103097916,0.0,5.707628965377808,12.688831090927124,19.632126092910767,46.89517068862915,53.16635036468506,74.24244546890259,80.7364649772644,"unknown",86.24394392967224,88.84521555900574,"unknown","","unknown","unknown","unknown","","unknown","unknown","unknown",94.6571912765503,"unknown","unknown",100.96744656562805,"",""
"62447b9",-897308.2859661579,"unknown",-897302.8773021698,-897295.7868204117,0.0,5.627386808395386,10.178115844726562,16.332556009292603,55.02084827423096,61.687488317489624,110.22535705566406,"unknown",116.76537704467773,122.14848899841309,125.49520015716553,"unknown","","unknown","unknown","unknown","","unknown","unknown","unknown",131.8448932170868,"unknown","unknown",137.8514142036438,"",""
"20f3e2e",-2295.0030715465546,"unknown",-2287.961217880249,-2280.798341989517,0.0,6.4156105518341064,17.523061275482178,23.950169801712036,63.59896779060364,70.35302186012268,90.25973391532898,"unknown",97.39495587348938,103.1104109287262,104.97584867477417,"unknown","","unknown","unknown","unknown","","unknown","unknown","unknown",111.44767427444458,"unknown","unknown",118.270592212677,"",""
"4e53c5c",-382185.77204084396,"unknown",-382178.606292963,-382173.1567399502,0.0,6.954066038131714,23.16092872619629,30.114468574523926,70.8662600517273,77.91053104400635,104.368319272995,110.08582258224487,"unknown",117.28732490539551,119.93973398208618,"unknown","","unknown","unknown","unknown","","unknown","unknown","unknown",126.93223237991333,"unknown","unknown",132.839688539505,"",""
"ac6ecda","","","","","","","","","","","","","","","","","","","","","","","","","","","","","",""
"c899adb",-20923.988823652267,"unknown",-20917.710464954376,-20911.867471456528,0.0,5.594886779785156,15.676467418670654,22.376957893371582,52.81549572944641,58.27928185462952,65.9860520362854,"unknown",71.98585414886475,78.50780582427979,82.33187007904053,"unknown","","unknown","unknown","unknown","","unknown","unknown","unknown",87.63531684875488,"unknown","unknown",94.26464414596558,"",""
"b8ec123","","","","","","","","","","","","","","","","","","","","","","","","","","","","","",""
"07b298c","","","","","","","","","","","","","","","","","","","","","","","","","","","","","",""
"49db8c4",-9872.395748853683,"unknown",-9866.516819000244,-9861.072801351547,0.0,6.139803886413574,16.156232833862305,22.738663911819458,39.4263551235199,44.8774995803833,55.86265015602112,"unknown",61.475178480148315,67.29905462265015,70.38859724998474,"unknown","","unknown","unknown","unknown","","unknown","unknown","unknown",77.04302668571472,"unknown","unknown",83.89516019821167,"",""
"ea8c0d6",-93.56042671203613,"unknown",-87.02096629142761,-81.6352846622467,0.0,5.789302825927734,9.703653573989868,16.136180877685547,425.87586641311646,432.1124818325043,440.77121925354004,447.0059621334076,"unknown",452.9789402484894,459.591849565506,"unknown","","unknown","unknown","unknown","","unknown","unknown","unknown",465.5939042568207,"unknown","unknown",472.3045060634613,"",""
"7cf831f",-910.7278575897217,"unknown",-904.9683423042297,-899.3011267185211,0.0,6.114696979522705,12.475700855255127,19.713406324386597,57.884389877319336,64.36060953140259,97.23597407341003,104.12298679351807,"unknown",111.26520586013794,114.72418117523193,"unknown","","unknown","unknown","unknown","","unknown","unknown","unknown",121.52829599380493,"unknown","unknown",128.95804452896118,"",""
"41f497c","","","","","","","","","","","","","","","","","","","","","","","","","","","","","",""
"f496964","","","","","","","","","","","","","","","","","","","","","","","","","","","","","",""
"68c3192","","","","","","","","","","","","","","","","","","","","","","","","","","","","","",""
"eb77de6","","","","","","","","","","","","","","","","","","","","","","","","","","","","","",""
"8ce483d","","","","","","","","","","","","","","","","","","","","","","","","","","","","","",""
"79868cd",-353.5341730117798,"unknown",-347.747599363327,-342.23298954963684,0.0,6.481905698776245,272937.472271204,272943.17546606064,272969.5039460659,272975.55549168587,272989.62414598465,272996.44317269325,"unknown",273002.55802583694,273005.1007063389,"unknown","","unknown","unknown","unknown","","unknown","unknown","unknown",273010.9466750622,"unknown","unknown",273016.268219471,"",""
"56ee475",-9063.71210193634,"unknown",-9057.383628368378,-9051.818437337875,0.0,6.519122838973999,10.310756921768188,15.6450035572052,29.315422773361206,35.25634741783142,93.20943260192871,"unknown",100.085529088974,106.70937609672546,109.3410472869873,"unknown","","unknown","unknown","unknown","","unknown","unknown","unknown",116.60794568061829,"unknown","unknown",123.6610176563263,"",""
"916c172",-382.8814196586609,"unknown",-376.2451832294464,-369.40069007873535,0.0,7.015551567077637,11.909161806106567,17.296363830566406,27.456932306289673,33.70036697387695,40.0415415763855,"unknown",45.62633013725281,51.67177176475525,53.4277617931366,"unknown","","unknown","unknown","unknown","","unknown","unknown","unknown",59.517637491226196,"unknown","unknown",65.76206612586975,"",""
"d9696dd",-119269.1000547409,"unknown",-119263.08133339882,-119256.36080265045,0.0,8.169477224349976,279245.84768509865,279252.0078229904,279294.03160214424,279299.7989885807,279309.10831809044,"unknown",279316.5547504425,279322.7708363533,621754.4866435528,"unknown","","unknown","unknown","unknown","","unknown","unknown","unknown",621761.2169411182,"unknown","unknown",621767.8208165169,"",""
"eff7ebe",-4029.2864332199097,"unknown",-4022.9883999824524,-4016.189692258835,0.0,5.735769987106323,8.02584981918335,13.970452070236206,33.1699104309082,39.21737790107727,60.06436371803284,"unknown",66.78581166267395,72.34832382202148,74.49923276901245,"unknown","","unknown","unknown","unknown","","unknown","unknown","unknown",82.12366771697998,"unknown","unknown",87.76781868934631,"",""
"5d4fcbe",-18.075154304504395,"unknown",-11.771989107131958,-5.690855979919434,0.0,5.520798683166504,9.410333395004272,14.933696269989014,41.63886570930481,47.149593114852905,58.731863021850586,64.85487627983093,"unknown",71.85579752922058,77.58973860740662,"unknown","","unknown","unknown","unknown","","unknown","unknown","unknown",83.79279112815857,"unknown","unknown",89.88071203231812,"",""
"170bd80","","","","","","","","","","","","","","","","","","","","","","","","","","","","","",""
"7a54533",-961.9178738594055,"unknown",-955.5320699214935,-949.5538055896759,0.0,5.746747970581055,12.985000848770142,19.19972562789917,38.799439668655396,44.45535063743591,58.47604560852051,64.75812602043152,"unknown",71.71468591690063,85.68176746368408,"unknown","","unknown","unknown","unknown","","unknown","unknown","unknown",91.5013632774353,"unknown","unknown",97.5055320262909,"",""
"d874e84","","","","","","","","","","","","","","","","","","","","","","","","","","","","","",""
"c28b1a9","","","","","","","","","","","","","","","","","","","","","","","","","","","","","",""
"7384692","","","","","","","","","","","","","","","","","","","","","","","","","","","","","",""
"90ccafb","","","","","","","","","","","","","","","","","","","","","","","","","","","","","",""
"0327530",-354392.3141231537,"unknown",-354322.2178514004,-354254.5811789036,0.0,5.525282382965088,11.697282314300537,17.795089960098267,47.14153170585632,53.32261371612549,84.45601963996887,91.03857445716858,"unknown",97.55087280273438,109.11304903030396,115.72795987129211,131.42810583114624,"unknown",136.74498748779297,143.55476450920105,146.09963750839233,"unknown","unknown","unknown","unknown",153.31676268577576,"unknown",158.77620148658752,"",""
"47dcadc",-2624.8446679115295,"unknown",-2618.5847659111023,-2611.819219827652,0.0,5.830442905426025,14.985921144485474,21.076656579971313,75.10814332962036,81.65085577964783,114.1116292476654,"unknown",121.33426022529602,127.98389220237732,131.49602961540222,"unknown","","unknown","unknown","unknown","","unknown","unknown","unknown",137.6338722705841,"unknown","unknown",143.81560945510864,"",""
"233ee90","","","","","","","","","","","","","","","","","","","","","","","","","","","","","",""
"db844b1","","","","","","","","","","","","","","","","","","","","","","","","","","","","","",""
"e4c0f9c","","","","","","","","","","","","","","","","","","","","","","","","","","","","","",""
"fd01af9","","","","","","","","","","","","","","","","","","","","","","","","","","","","","",""
"77a5d2f","","","","","","","","","","","","","","","","","","","","","","","","","","","","","",""
"b92dee2","","","","","","","","","","","","","","","","","","","","","","","","","","","","","",""
"50ec1c5","","","","","","","","","","","","","","","","","","","","","","","","","","","","","",""
"11892fd","","","","","","","","","","","","","","","","","","","","","","","","","","","","","",""
"5ba2fe6","","","","","","","","","","","","","","","","","","","","","","","","","","","","","",""
"c94e42e",-1710.0416882038116,"unknown",-1703.6362142562866,-1697.776400089264,0.0,5.559335231781006,7.892461061477661,14.000051736831665,21.41463327407837,26.81904649734497,39.49920630455017,46.47004294395447,"unknown",53.32528233528137,56.52109217643738,"unknown","","unknown","unknown","unknown","","unknown","unknown","unknown",63.1621618270874,"unknown","unknown",69.9769492149353,"",""
"ee4b6cd","","","","","","","","","","","","","","","","","","","","","","","","","","","","","",""
"f2291ba","","","","","","","","","","","","","","","","","","","","","","","","","","","","","",""
"fb6ca94","","","","","","","","","","","","","","","","","","","","","","","","","","","","","",""
"516417f",-8083.2065851688385,"unknown",-8076.359122037888,-8070.206139564514,0.0,5.469538927078247,15.957687377929688,23.080334663391113,64.96322011947632,72.19207215309143,88.97298645973206,95.8880500793457,"unknown",102.71372842788696,104.69884634017944,"unknown","","unknown","unknown","unknown","","unknown","unknown","unknown",110.63111448287964,"unknown","unknown",117.56839680671692,"",""
"7a0eabe","","","","","","","","","","","","","","","","","","","","","","","","","","","","","",""
"7b65802","","","","","","","","","","","","","","","","","","","","","","","","","","","","","",""
"5e09b84","","","","","","","","","","","","","","","","","","","","","","","","","","","","","",""
"7da3821","","","","","","","","","","","","","","","","","","","","","","","","","","","","","",""
"2f5762a",-51059.86386299133,"unknown",-51053.475083589554,-51047.79321575165,0.0,7.092896223068237,11.246388912200928,16.932483673095703,35.96105742454529,41.606918811798096,69.3027925491333,"unknown",75.09474158287048,82.01146078109741,107.02480149269104,"unknown","","unknown","unknown","unknown","","unknown","unknown","unknown",112.49301385879517,"unknown","unknown",117.85836362838745,"",""
"50a0fdd",-653.7329423427582,"unknown",-647.5302362442017,-641.9735107421875,0.0,6.397105932235718,56.55429553985596,63.806872606277466,98.97379851341248,105.46767544746399,135.82179713249207,"unknown",141.6948094367981,148.1922857761383,166.157799243927,"unknown","","unknown","unknown","unknown","","unknown","unknown","unknown",172.99903964996338,"unknown","unknown",179.7739589214325,"",""
"b7cec81",-134170.78122377396,"unknown",-134115.88374757767,-134061.12216210365,0.0,6.006347417831421,9.412492990493774,15.751940727233887,30.535854816436768,36.531331062316895,78.08488178253174,"unknown",84.41398811340332,90.64344668388367,94.07647180557251,"unknown","","unknown","unknown","unknown","","unknown","unknown","unknown",99.98602628707886,"unknown","unknown",105.7400586605072,"",""
"bf983ba",-14.852789878845215,"unknown",-8.71107792854309,-1.6374537944793701,0.0,5.381618976593018,30.091524362564087,35.56330585479736,42.39986824989319,48.73524212837219,59.086466550827026,64.62444233894348,"unknown",70.26222491264343,71.80581331253052,"unknown","","unknown","unknown","unknown","","unknown","unknown","unknown",78.24498581886292,"unknown","unknown",84.49381852149963,"",""
"b53b559","","","","","","","","","","","","","","","","","","","","","","","","","","","","","",""
"4a92bfd","","","","","","","","","","","","","","","","","","","","","","","","","","","","","",""
"90434eb","","","","","","","","","","","","","","","","","","","","","","","","","","","","","",""
"37674f9","","","","","","","","","","","","","","","","","","","","","","","","","","","","","",""
"0dc300b","","","","","","","","","","","","","","","","","","","","","","","","","","","","","",""
"1800004","","","","","","","","","","","","","","","","","","","","","","","","","","","","","",""
"7b3c431",-2218.2880821228027,"unknown",-2212.9458894729614,-2205.975725412369,0.0,5.674856901168823,10.90205717086792,17.826024770736694,35.85343933105469,42.60690760612488,61.36802124977112,"unknown",67.67773365974426,73.30104279518127,75.00414299964905,"unknown","","unknown","unknown","unknown","","unknown","unknown","unknown",81.0839626789093,"unknown","unknown",86.72025156021118,"",""
"2457ed6",-636.2858102321625,"unknown",-629.5710504055023,-623.6738421916962,0.0,6.704749345779419,12.311776161193848,18.559513330459595,36.929320335388184,43.11547303199768,63.67199349403381,"unknown",69.78394341468811,75.39042639732361,83.3006603717804,"unknown","","unknown","unknown","unknown","","unknown","unknown","unknown",89.81424760818481,"unknown","unknown",95.21131587028503,"",""
"c4bba29",-61.79586887359619,"unknown",-54.69235801696777,-48.331433057785034,0.0,7.008291244506836,8.889951944351196,15.519668817520142,36.53061556816101,43.477092266082764,56.84780502319336,62.099634647369385,"unknown",67.81274151802063,69.47078371047974,"unknown","","unknown","unknown","unknown","","unknown","unknown","unknown",76.28901147842407,"unknown","unknown",82.99571132659912,"",""
"2dffb9e",-31.081804275512695,"unknown",-25.691909790039062,-18.69341492652893,0.0,6.566354513168335,11.593650341033936,16.75285530090332,30.42592978477478,37.15998673439026,47.15907096862793,53.85605573654175,"unknown",60.76321744918823,63.12187623977661,"unknown","","unknown","unknown","unknown","","unknown","unknown","unknown",69.0390989780426,"unknown","unknown",75.08653903007507,"",""
"7a35b75",-10809.359421253204,"unknown",-10803.904087305069,-10797.774646520615,0.0,6.302406311035156,12.159895420074463,19.332597494125366,36.60576128959656,42.667585611343384,66.70767569541931,"unknown",73.58238434791565,79.88398027420044,81.6068663597107,"unknown","","unknown","unknown","unknown","","unknown","unknown","unknown",87.92676663398743,"unknown","unknown",93.21250796318054,"",""
"3883e37","","","","","","","","","","","","","","","","","","","","","","","","","","","","","",""
"eacd6a3","","","","","","","","","","","","","","","","","","","","","","","","","","","","","",""
"d09321f","","","","","","","","","","","","","","","","","","","","","","","","","","","","","",""
"58b1c8e","","","","","","","","","","","","","","","","","","","","","","","","","","","","","",""
"bf3dfcf","","","","","","","","","","","","","","","","","","","","","","","","","","","","","",""
"80e625f","","","","","","","","","","","","","","","","","","","","","","","","","","","","","",""
"9846ca8","","","","","","","","","","","","","","","","","","","","","","","","","","","","","",""
"cc02471",-291473.15753889084,"unknown",-291466.1675543785,-291459.3216576576,0.0,6.069921255111694,7.635259389877319,13.982998847961426,29.78167963027954,35.511600732803345,74.62706017494202,80.58853316307068,"unknown",87.54396104812622,89.18652415275574,"unknown","","unknown","unknown","unknown","","unknown","unknown","unknown",95.62279462814331,"unknown","unknown",101.70412516593933,"",""
"0a30844","","","","","","","","","","","","","","","","","","","","","","","","","","","","","",""
"43d0b63",-89.10618281364441,"unknown",-82.50574564933777,-76.10128402709961,0.0,7.347919225692749,14.22177505493164,20.830164909362793,39.330445289611816,46.344820499420166,62.204434394836426,68.54366683959961,"unknown",74.79958009719849,77.46281170845032,"unknown","","unknown","unknown","unknown","","unknown","unknown","unknown",84.61868238449097,"unknown","unknown",90.3321099281311,"",""
"addf295","","","","","","","","","","","","","","","","","","","","","","","","","","","","","",""
"1a8e45b",-23401.312617063522,"unknown",-23394.743327856064,-23389.175768375397,0.0,5.792242050170898,13.749901294708252,19.53198766708374,73.43956995010376,80.94292688369751,85.90844345092773,92.42402577400208,"unknown",98.14388346672058,101.79659509658813,"unknown","","unknown","unknown","unknown","","unknown","unknown","unknown",108.64929461479187,"unknown","unknown",115.15317440032959,"",""
"5f2a1aa","","","","","","","","","","","","","","","","","","","","","","","","","","","","","",""
"87b3434","","","","","","","","","","","","","","","","","","","","","","","","","","","","","",""
"bd305b8","","","","","","","","","","","","","","","","","","","","","","","","","","","","","",""
"4b70ed3",-28380.876952409744,"unknown",-28375.022562980652,-28367.92202758789,0.0,6.139740705490112,30.11209726333618,36.044047594070435,71.5476086139679,78.64634203910828,112.63476943969727,118.39497113227844,"unknown",124.32764053344727,131.20111751556396,"unknown","","unknown","unknown","unknown","","unknown","unknown","unknown",137.35005068778992,"unknown","unknown",144.0709743499756,"",""
"8ec15bc",-72.82753491401672,"unknown",-65.56607294082642,-59.302549600601196,0.0,5.784420013427734,7.918813705444336,14.010397911071777,36921.17349100113,36928.57268571854,36951.75227975845,"unknown",36957.162462472916,36962.932622909546,36964.95510554314,"unknown","","unknown","unknown","unknown","","unknown","unknown","unknown",36972.18419647217,"unknown","unknown",36977.63332748413,"",""
"6c8906b","","","","","","","","","","","","","","","","","","","","","","","","","","","","","",""
"dae9b13","","","","","","","","","","","","","","","","","","","","","","","","","","","","","",""
"4828266","","","","","","","","","","","","","","","","","","","","","","","","","","","","","",""
"614fc3f",-59006.474991321564,"unknown",-58999.385501384735,-58992.626074552536,0.0,5.887737035751343,10.015195369720459,16.75190758705139,29.001490831375122,34.73234224319458,45.557713747024536,"unknown",52.13971757888794,58.59455943107605,60.49968123435974,"unknown","","unknown","unknown","unknown","","unknown","unknown","unknown",66.94507622718811,"unknown","unknown",73.98296976089478,"",""
"a300755","","","","","","","","","","","","","","","","","","","","","","","","","","","","","",""
"802d704","","","","","","","","","","","","","","","","","","","","","","","","","","","","","",""
"e892cd4","","","","","","","","","","","","","","","","","","","","","","","","","","","","","",""
"ac42d69",-4408.382687807083,"unknown",-4401.361872434616,-4395.7631578445435,0.0,5.359925270080566,8.609590291976929,15.179626941680908,29.82586431503296,36.936381816864014,49.12390470504761,55.4954776763916,"unknown",60.7861704826355,62.956308126449585,"unknown","","unknown","unknown","unknown","","unknown","unknown","unknown",69.79035663604736,"unknown","unknown",75.1601791381836,"",""
"7bb45d3","","","","","","","","","","","","","","","","","","","","","","","","","","","","","",""
"7622483","","","","","","","","","","","","","","","","","","","","","","","","","","","","","",""
"730747e",-1848.2928535938263,"unknown",-1842.217288017273,-1835.1053669452667,0.0,7.023954629898071,14.235268831253052,20.14400577545166,31.84401249885559,38.98550295829773,45.19652509689331,"unknown",52.21721577644348,59.289846658706665,64.10452723503113,"unknown","","unknown","unknown","unknown","","unknown","unknown","unknown",69.47293496131897,"unknown","unknown",74.81854605674744,"",""
"07ff49d",-758973.3813180923,"unknown",-758966.222628355,-758959.6545715332,0.0,8.404651880264282,12.828484058380127,23.403783798217773,66.72299194335938,76.80333542823792,91.73492884635925,"unknown",100.04197716712952,108.26284313201904,168.07163739204407,"unknown","","unknown","unknown","unknown","","unknown","unknown","unknown",177.24301147460938,"unknown","unknown",183.06621718406677,-25.521475553512573,""
"22fdb61","","","","","","","","","","","","","","","","","","","","","","","","","","","","","",""
"db046f2","","","","","","","","","","","","","","","","","","","","","","","","","","","","","",""
"99ee852",-61489.0463449955,"unknown",-61482.83560037613,-61475.75809955597,0.0,6.283961296081543,12.420526266098022,18.495458841323853,38.398354053497314,45.17696571350098,53.977423429489136,60.09689927101135,"unknown",65.98501777648926,92.93547940254211,"unknown","","unknown","unknown","unknown","","unknown","unknown","unknown",98.92669034004211,"unknown","unknown",105.81096816062927,"",""
"ad2fc5b",-2764931.828121662,"unknown",-2764925.41488266,-2764919.3972320557,0.0,5.829507350921631,14.831626415252686,21.48839235305786,50.33499717712402,56.33931350708008,85.35753226280212,"unknown",91.30841636657715,98.58502078056335,100.69530367851257,"unknown","","unknown","unknown","unknown","","unknown","unknown","unknown",106.78504300117493,"unknown","unknown",112.53483748435974,-5238.680770158768,""
"d318264","","","","","","","","","","","","","","","","","","","","","","","","","","","","","",""
"741ef32",-72.04659962654114,"unknown",-66.19163608551025,-60.675766706466675,0.0,6.73407506942749,10.817408323287964,17.338143825531006,33.30718398094177,39.05328702926636,58.965081453323364,65.61588072776794,"unknown",70.89049577713013,72.56566834449768,"unknown","","unknown","unknown","unknown","","unknown","unknown","unknown",79.37480568885803,"unknown","unknown",86.15140867233276,"",""
"b75259d","","","","","","","","","","","","","","","","","","","","","","","","","","","","","",""
"b67425b","","","","","","","","","","","","","","","","","","","","","","","","","","","","","",""
"446ad6c",-6560.50603723526,"unknown",-6554.272084474564,-6548.48295378685,0.0,6.10322642326355,8.505214929580688,14.04149055480957,80.88438940048218,88.15627193450928,120.43391990661621,"unknown",126.81104254722595,132.87807440757751,134.77168154716492,"unknown","","unknown","unknown","unknown","","unknown","unknown","unknown",141.1269142627716,"unknown","unknown",146.66402626037598,"",""
"70405ea","","","","","","","","","","","","","","","","","","","","","","","","","","","","","",""
"1117a63",-1210.1241791248322,"unknown",-1204.2357063293457,-1197.561895608902,0.0,6.954180717468262,15.615647315979004,22.37802767753601,42.41102457046509,47.92406678199768,66.35672426223755,"unknown",73.49992442131042,80.65258002281189,86.00911092758179,"unknown","","unknown","unknown","unknown","","unknown","unknown","unknown",92.81585907936096,"unknown","unknown",98.93653988838196,"",""
"537189f","","","","","","","","","","","","","","","","","","","","","","","","","","","","","",""
"17b5a6e","","","","","","","","","","","","","","","","","","","","","","","","","","","","","",""
"d3e37eb",-93804.28436255455,"unknown",-93797.02949619293,-93789.96760082245,0.0,5.609255075454712,10.010604619979858,15.886146783828735,33.56169581413269,39.695693016052246,81.44090223312378,87.09678745269775,"unknown",94.33803725242615,95.95670127868652,"unknown","","unknown","unknown","unknown","","unknown","unknown","unknown",102.5927586555481,"unknown","unknown",109.32505941390991,"",""
"2ee7f92",-10954.084762096405,"unknown",-10948.437293052673,-10941.961731672287,0.0,7.001100778579712,1325.7235043048859,1331.3742711544037,1389.0192720890045,1395.6595640182495,1402.8796560764313,1409.2332730293274,"unknown",1415.3177840709686,1982.0407741069794,"unknown","","unknown","unknown","unknown","","unknown","unknown","unknown",1988.8702144622803,"unknown","unknown",1994.666886806488,"",""
"89d63ed",-992.9551813602448,"unknown",-985.8293025493622,-978.7095413208008,0.0,6.965434551239014,8.879360675811768,15.780853033065796,29.1747305393219,35.39313578605652,41.46584153175354,"unknown",47.673285245895386,54.08483123779297,56.18816924095154,"unknown","","unknown","unknown","unknown","","unknown","unknown","unknown",62.794281244277954,"unknown","unknown",68.59442782402039,"",""
"c0a644e",-7482.317474603653,"unknown",-7476.7619614601135,-7471.192246198654,0.0,6.85226845741272,14.404452085494995,20.02780270576477,31.321279287338257,37.32773184776306,86.65144944190979,"unknown",93.78753662109375,101.1134660243988,104.65103125572205,"unknown","","unknown","unknown","unknown","","unknown","unknown","unknown",110.94689965248108,"unknown","unknown",117.9661374092102,"",""
"80f558b",-1401739.031042099,"unknown",-1401732.6074335575,-1401726.412462473,0.0,6.967513799667358,13.013481616973877,19.21185803413391,45.538411140441895,52.37353873252869,64.48463225364685,"unknown",70.4204912185669,76.26002216339111,78.65746474266052,"unknown","","unknown","unknown","unknown","","unknown","unknown","unknown",85.74910831451416,"unknown","unknown",91.03618144989014,"",""
"87e4f18","","","","","","","","","","","","","","","","","","","","","","","","","","","","","",""
"0186834","","","","","","","","","","","","","","","","","","","","","","","","","","","","","",""
"0355f6d",-169791.81203222275,"unknown",-169785.6926574707,-169778.5841741562,0.0,6.658260107040405,14.973442077636719,21.91621446609497,41.09618830680847,47.07563018798828,57.982160568237305,"unknown",63.286954164505005,70.3328287601471,72.80238270759583,"unknown","","unknown","unknown","unknown","","unknown","unknown","unknown",78.2379322052002,"unknown","unknown",85.17339038848877,"",""
"fa6a8b8","","","","","","","","","","","","","","","","","","","","","","","","","","","","","",""
"145d339",-5771.276678323746,"unknown",-5764.7656445503235,-5759.210304021835,0.0,6.696244716644287,8.76722502708435,15.37543272972107,31.967117309570312,38.56942439079285,46.60153293609619,52.473819732666016,"unknown",58.270673751831055,62.12601184844971,"unknown","","unknown","unknown","unknown","","unknown","unknown","unknown",70.3756628036499,"unknown","unknown",77.54636669158936,"",""
"e96f42c","","","","","","","","","","","","","","","","","","","","","","","","","","","","","",""
"f382ec0","","","","","","","","","","","","","","","","","","","","","","","","","","","","","",""
"962a7dd",-965.8765907287598,"unknown",-959.179958820343,-953.3160576820374,0.0,7.117011070251465,48.25297665596008,54.310887575149536,30152.12907934189,30158.028582572937,30193.691818237305,"unknown",30199.893072605133,30205.356697320938,30208.818073034286,"unknown","","unknown","unknown","unknown","","unknown","unknown","unknown",30214.108931064606,"unknown","unknown",30219.93349814415,"",""
"5c97513","","","","","","","","","","","","","","","","","","","","","","","","","","","","","",""
"acc6118",-7892.073653936386,"unknown",-7886.081919908524,-7880.237266302109,0.0,6.526610612869263,11.05582571029663,17.914863348007202,38.005123138427734,43.344650745391846,58.06562614440918,"unknown",64.74964880943298,71.90486097335815,74.05908203125,81.06941938400269,85.00121450424194,90.7661280632019,"unknown",96.74555826187134,233.37238192558289,"unknown","unknown","unknown","unknown",238.8798770904541,"unknown",245.25065207481384,"",""
"d33371d","","","","","","","","","","","","","","","","","","","","","","","","","","","","","",""
"5d45bd1","","","","","","","","","","","","","","","","","","","","","","","","","","","","","",""
"cfcbc2d","","","","","","","","","","","","","","","","","","","","","","","","","","","","","",""
"98ecb86",-5021.5274930000305,"unknown",-5015.598059415817,-5009.381608247757,0.0,6.351968050003052,8.925191402435303,14.535857200622559,26.93414330482483,33.94683003425598,36.79219579696655,43.5201575756073,"unknown",49.21911001205444,55.89240741729736,61.241262912750244,80.39465498924255,86.09907484054565,"unknown",92.02711296081543,94.98217368125916,"unknown","unknown","unknown","unknown",102.07295536994934,"unknown",109.04852485656738,"",""
"7636563",-278.4483308792114,"unknown",-271.32430934906006,-265.374858379364,0.0,7.05110502243042,12.546032905578613,17.87308669090271,120.79617762565613,127.68188738822937,146.52772188186646,"unknown",152.06628608703613,157.77020049095154,159.502779006958,"unknown","","unknown","unknown","unknown","","unknown","unknown","unknown",166.34292483329773,"unknown","unknown",171.95471286773682,"",""
"5d2b358","","","","","","","","","","","","","","","","","","","","","","","","","","","","","",""
"5d9ae0c","","","","","","","","","","","","","","","","","","","","","","","","","","","","","",""
"73d4e20","","","","","","","","","","","","","","","","","","","","","","","","","","","","","",""
"be94a32","","","","","","","","","","","","","","","","","","","","","","","","","","","","","",""
"9f972fb","","","","","","","","","","","","","","","","","","","","","","","","","","","","","",""
"6e93efd",-485.98098158836365,"unknown",-479.987984418869,-473.8936176300049,0.0,6.762195587158203,650.7460687160492,658.2701985836029,659.6646726131439,665.3228294849396,677.1021316051483,"unknown",684.1177384853363,690.9249405860901,692.0609407424927,"unknown","","unknown","unknown","unknown","","unknown","unknown","unknown",698.7388293743134,"unknown","unknown",704.4161803722382,"",""
"5a4afae","","","","","","","","","","","","","","","","","","","","","","","","","","","","","",""
"c34e373","","","","","","","","","","","","","","","","","","","","","","","","","","","","","",""
"6bac72b",-11572.894261837006,"unknown",-11565.88365650177,-11560.186814546585,0.0,5.7975757122039795,8.790836095809937,15.195456981658936,53.823941230773926,62.460328578948975,71.57315039634705,77.33063459396362,"unknown",84.70915102958679,86.48794460296631,"unknown","","unknown","unknown","unknown","","unknown","unknown","unknown",93.76555705070496,"unknown","unknown",100.37604928016663,"",""
"c9285e4",-2677.6168065071106,"unknown",-2671.3351669311523,-2663.9344985485077,0.0,7.430290699005127,128.53155088424683,134.7824628353119,990.3740477561951,996.9857201576233,1001.8321270942688,"unknown",1007.4720959663391,1013.1772410869598,1015.8390755653381,"unknown","","unknown","unknown","unknown","","unknown","unknown","unknown",1022.1940734386444,"unknown","unknown",1029.0345346927643,"",""
"bd4b2f4",-2926.69859457016,"unknown",-2919.451156139374,-2913.674660921097,0.0,5.633821249008179,9.79316759109497,16.79774284362793,53.99876809120178,59.211594581604004,91.49247860908508,"unknown",97.36761140823364,104.44553089141846,107.7107081413269,"unknown","","unknown","unknown","unknown","","unknown","unknown","unknown",113.51672911643982,"unknown","unknown",118.90574789047241,"",""
"bd650e8","","","","","","","","","","","","","","","","","","","","","","","","","","","","","",""
"b81bc6e","","","","","","","","","","","","","","","","","","","","","","","","","","","","","",""
"0ff20c2",-52665.113167762756,"unknown",-52657.95613861084,-52651.2886493206,0.0,7.248995542526245,1781346.247503996,1781353.2605218887,1952066.8789482117,1952072.6089382172,1952101.921435833,"unknown",1952109.096925497,1952114.5112669468,1952116.828044176,"unknown","","unknown","unknown","unknown","","unknown","unknown","unknown",1952122.3700594902,"unknown","unknown",1952129.3825011253,"",1779133.8382601738
"b0e3caa","","","","","","","","","","","","","","","","","","","","","","","","","","","","","",""
"45f7f6c","","","","","","","","","","","","","","","","","","","","","","","","","","","","","",""
"1df700a","","","","","","","","","","","","","","","","","","","","","","","","","","","","","",""
"d3a396c",-12165.42568898201,"unknown",-12159.035007715225,-12152.497438192368,0.0,6.174081325531006,8.23601484298706,14.533860445022583,24.774801015853882,31.33263349533081,3895.827802658081,"unknown",3902.0436398983,3907.8542704582214,6344.216646194458,"unknown","","unknown","unknown","unknown","","unknown","unknown","unknown",6350.972313165665,"unknown","unknown",6358.402072906494,"",""
"79b129c","","","","","","","","","","","","","","","","","","","","","","","","","","","","","",""
"d85b5c4",-565969.4307134151,"unknown",-565962.293627739,-565955.2650151253,0.0,6.8569018840789795,10.547319412231445,17.01120686531067,28.580852270126343,35.577125549316406,43.04270839691162,"unknown",48.42505693435669,53.91995406150818,55.3216655254364,"unknown","","unknown","unknown","unknown","","unknown","unknown","unknown",61.525649309158325,"unknown","unknown",67.9963731765747,"",""
"43b56f8","","","","","","","","","","","","","","","","","","","","","","","","","","","","","",""
"3ecbabb","","","","","","","","","","","","","","","","","","","","","","","","","","","","","",""
"c9c92b5","","","","","","","","","","","","","","","","","","","","","","","","","","","","","",""
"f9b9236",-3064.1718225479126,"unknown",-3058.9908850193024,-3052.0421075820923,0.0,6.333101511001587,8.843246459960938,15.62523078918457,17.754504919052124,24.2495858669281,54.27087664604187,"unknown",60.72636795043945,67.74825668334961,70.40844392776489,"unknown","","unknown","unknown","unknown","","unknown","unknown","unknown",76.14165496826172,"unknown","unknown",82.392906665802,"",""
"4a0236d","","","","","","","","","","","","","","","","","","","","","","","","","","","","","",""
"b7a265d","","","","","","","","","","","","","","","","","","","","","","","","","","","","","",""
"912afde","","","","","","","","","","","","","","","","","","","","","","","","","","","","","",""
"c97639e","","","","","","","","","","","","","","","","","","","","","","","","","","","","","",""
"af72486",-24186.987484931946,"unknown",-24180.838321447372,-24175.34528374672,0.0,7.279930353164673,13.728058099746704,19.231577157974243,32.913262367248535,38.85016751289368,52.57027864456177,"unknown",59.38809299468994,64.89192986488342,66.88281178474426,"unknown","","unknown","unknown","unknown","","unknown","unknown","unknown",73.90314102172852,"unknown","unknown",79.69141840934753,"",""
"e2517d9","","","","","","","","","","","","","","","","","","","","","","","","","","","","","",""
"1e88a68","","","","","","","","","","","","","","","","","","","","","","","","","","","","","",""
"9d97673","","","","","","","","","","","","","","","","","","","","","","","","","","","","","",""
"aa07d95",-39.11255717277527,"unknown",-32.97469687461853,-26.54605007171631,0.0,6.414203882217407,21.948867321014404,27.52546215057373,29.310726642608643,36.36963653564453,66.34679174423218,"unknown",72.15460205078125,78.01275849342346,79.49712586402893,"unknown","","unknown","unknown","unknown","","unknown","unknown","unknown",85.90848016738892,"unknown","unknown",92.24649000167847,"",""
"d27b032","","","","","","","","","","","","","","","","","","","","","","","","","","","","","",""
"38c4951","","","","","","","","","","","","","","","","","","","","","","","","","","","","","",""
"13dba9e","","","","","","","","","","","","","","","","","","","","","","","","","","","","","",""
"e6d310e",-1153.06502699852,"unknown",-1146.3938565254211,-1140.073394060135,0.0,5.427321434020996,12.791622400283813,19.90327739715576,40.30487394332886,46.150970220565796,83.95979142189026,"unknown",90.06470680236816,96.86112260818481,99.38964128494263,"unknown","","unknown","unknown","unknown","","unknown","unknown","unknown",106.07618856430054,"unknown","unknown",113.14886260032654,"",""
"8c74aa5",-1714.9534981250763,"unknown",-1709.6198618412018,-1702.5015623569489,0.0,6.8688273429870605,12.107170343399048,17.82319974899292,32.405893087387085,38.386332511901855,67.99883389472961,"unknown",73.30492544174194,79.80958867073059,81.69535565376282,"unknown","","unknown","unknown","unknown","","unknown","unknown","unknown",87.91091537475586,"unknown","unknown",93.51004028320312,"",""
"679fa36","","","","","","","","","","","","","","","","","","","","","","","","","","","","","",""
"b164bf7","","","","","","","","","","","","","","","","","","","","","","","","","","","","","",""
"7e62763","","","","","","","","","","","","","","","","","","","","","","","","","","","","","",""
"c7a7d85",-183.3427770137787,"unknown",-176.8501477241516,-171.25730204582214,0.0,5.589892148971558,65.43993425369263,71.10107612609863,128.128968000412,134.1970546245575,255.53069162368774,261.6274485588074,"unknown",267.4253580570221,269.58321809768677,"unknown","","unknown","unknown","unknown","","unknown","unknown","unknown",275.7151484489441,"unknown","unknown",282.78248500823975,"",""
"3b7f267","","","","","","","","","","","","","","","","","","","","","","","","","","","","","",""
"fa1efad","","","","","","","","","","","","","","","","","","","","","","","","","","","","","",""
"ae58bf1",-158.28446745872498,"unknown",-151.45397186279297,-144.75496077537537,0.0,6.498975515365601,28.866441011428833,35.70757174491882,69.4667239189148,76.12723803520203,92.32253360748291,"unknown",99.41358733177185,106.27799820899963,109.56567764282227,"unknown","","unknown","unknown","unknown","","unknown","unknown","unknown",115.59817552566528,"unknown","unknown",121.18379831314087,"",""
"492238f","","","","","","","","","","","","","","","","","","","","","","","","","","","","","",""
"43c977d",-38289.858036756516,"unknown",-38283.77155208588,-38275.55190420151,0.0,6.462747097015381,10.662899255752563,16.452580451965332,52.386099338531494,59.79296588897705,92.92248892784119,98.53860759735107,"unknown",103.94370579719543,105.82764768600464,"unknown","","unknown","unknown","unknown","","unknown","unknown","unknown",113.02164721488953,"unknown","unknown",118.82655382156372,"",""
"4eff6be","","","","","","","","","","","","","","","","","","","","","","","","","","","","","",""
"e1b193b",-2844.0557949543,"unknown",-2838.347261428833,-2832.753180027008,0.0,6.35706901550293,9.795666933059692,17.47123622894287,21.431864023208618,28.36168146133423,53.6415228843689,59.94625234603882,"unknown",65.59857368469238,67.40740942955017,"unknown","","unknown","unknown","unknown","","unknown","unknown","unknown",73.09734964370728,"unknown","unknown",79.33770632743835,"",""
"1415cd3","","","","","","","","","","","","","","","","","","","","","","","","","","","","","",""
"2953e33","","","","","","","","","","","","","","","","","","","","","","","","","","","","","",""
"a540012","","","","","","","","","","","","","","","","","","","","","","","","","","","","","",""
"dd88e0f","","","","","","","","","","","","","","","","","","","","","","","","","","","","","",""
"d135983","","","","","","","","","","","","","","","","","","","","","","","","","","","","","",""
"814517e",-7299.734162330627,"unknown",-7292.686584711075,-7287.30469083786,0.0,5.573014259338379,12.832552433013916,19.764726877212524,36.33680963516235,42.65222787857056,54.12642025947571,59.911213874816895,"unknown",66.50704288482666,69.64816951751709,"unknown","","unknown","unknown","unknown","","unknown","unknown","unknown",76.73542380332947,"unknown","unknown",83.3248987197876,"",""
"53deb5c",-268493.54260897636,"unknown",-268488.13445687294,-268481.22449827194,0.0,6.1697282791137695,11.050828456878662,16.98637294769287,37.666807889938354,43.6338415145874,55.26142072677612,61.975810527801514,"unknown",67.6167619228363,70.72619223594666,"unknown","","unknown","unknown","unknown","","unknown","unknown","unknown",77.5538923740387,"unknown","unknown",83.59577631950378,"",""
"e4cf342","","","","","","","","","","","","","","","","","","","","","","","","","","","","","",""
"c1a9909","","","","","","","","","","","","","","","","","","","","","","","","","","","","","",""
"844ab34","","","","","","","","","","","","","","","","","","","","","","","","","","","","","",""
"fc2538d",-11439.301856279373,"unknown",-11432.946805715561,-11427.49214220047,0.0,6.265944004058838,9.697469472885132,15.020244121551514,17.104496240615845,24.192788124084473,48.945783615112305,"unknown",55.11371326446533,60.82024359703064,62.46346473693848,"unknown","","unknown","unknown","unknown","","unknown","unknown","unknown",68.53936386108398,"unknown","unknown",74.89249086380005,"",""
"4c228f6",-10445.071726083755,"unknown",-10439.83634352684,-10433.943915367126,0.0,5.751984119415283,7.584918737411499,14.762593269348145,23.639951705932617,28.89680290222168,42.493067264556885,48.70132064819336,"unknown",54.07422590255737,82.02607321739197,"unknown","","unknown","unknown","unknown","","unknown","unknown","unknown",88.16248393058777,"unknown","unknown",94.95055794715881,"",""
"747ce5f","","","","","","","","","","","","","","","","","","","","","","","","","","","","","",""
"6ab42f2","","","","","","","","","","","","","","","","","","","","","","","","","","","","","",""
"41f2447",-8786.128688573837,"unknown",-8780.259773015976,-8773.815155267715,0.0,6.064944744110107,12.621029376983643,19.810544967651367,39.152562618255615,45.18023347854614,55.64606332778931,"unknown",62.34398126602173,69.56090354919434,71.84668350219727,"unknown","","unknown","unknown","unknown","","unknown","unknown","unknown",78.62788081169128,"unknown","unknown",85.55597758293152,"",""
"5bf619a",-1740.226534128189,"unknown",-1733.540606021881,-1726.3648891448975,0.0,5.780925512313843,10.992207765579224,17.99121332168579,38.00199484825134,44.90870380401611,66.43748021125793,"unknown",73.21860027313232,80.22948575019836,81.5257179737091,"unknown","","unknown","unknown","unknown","","unknown","unknown","unknown",88.37792181968689,"unknown","unknown",95.22895050048828,"",""
"a123713","","","","","","","","","","","","","","","","","","","","","","","","","","","","","",""
"4997357","","","","","","","","","","","","","","","","","","","","","","","","","","","","","",""
"5455b1d","","","","","","","","","","","","","","","","","","","","","","","","","","","","","",""
"f52861b","","","","","","","","","","","","","","","","","","","","","","","","","","","","","",""
"466a0ab","","","","","","","","","","","","","","","","","","","","","","","","","","","","","",""
"399b994","","","","","","","","","","","","","","","","","","","","","","","","","","","","","",""
"6568ea1",-1369.1956572532654,"unknown",-1362.7004549503326,-1356.983963251114,0.0,5.868866443634033,11.667747735977173,17.344833612442017,50.52102828025818,56.169572591781616,84.48890233039856,91.66032075881958,"unknown",98.45155358314514,99.93744468688965,"unknown","","unknown","unknown","unknown","","unknown","unknown","unknown",106.11454319953918,"unknown","unknown",112.92440819740295,"",""
"a839247","","","","","","","","","","","","","","","","","","","","","","","","","","","","","",""
"5d6ad7f",-1138.7177884578705,"unknown",-1133.1084599494934,-1126.0498661994934,0.0,6.305539846420288,66.08303761482239,73.27996850013733,10720.811099767685,10727.289222955704,10770.440244913101,10776.978688955307,"unknown",10782.533416986465,10784.948066234589,"unknown","","unknown","unknown","unknown","","unknown","unknown","unknown",10790.790453672409,"unknown","unknown",10797.68855714798,"",""
"528d0fe","","","","","","","","","","","","","","","","","","","","","","","","","","","","","",""
"900150c",-23376.72739458084,"unknown",-23371.13613009453,-23364.547849416733,0.0,6.868377208709717,16.86287236213684,22.740840435028076,49.401020765304565,54.96848011016846,98.3510513305664,103.87164735794067,"unknown",109.59012055397034,111.41080975532532,"unknown","","unknown","unknown","unknown","","unknown","unknown","unknown",118.40978074073792,"unknown","unknown",125.2083568572998,"",""
"924de30","","","","","","","","","","","","","","","","","","","","","","","","","","","","","",""
"d925650","","","","","","","","","","","","","","","","","","","","","","","","","","","","","",""
"37798a6","","","","","","","","","","","","","","","","","","","","","","","","","","","","","",""
"ff10184",-2087.3259739875793,"unknown",-2081.4661412239075,-2075.8669304847717,0.0,6.753363609313965,24.714613437652588,30.84388041496277,122.79082655906677,129.71341633796692,210.52601766586304,217.54024410247803,"unknown",223.06299781799316,224.98131704330444,"unknown","","unknown","unknown","unknown","","unknown","unknown","unknown",231.4638271331787,"unknown","unknown",237.68199253082275,"",""
"cde7968",-526235.5378563404,"unknown",-526229.1178758144,-526222.7886271477,0.0,6.165700674057007,11.419887065887451,18.195676565170288,50.96415448188782,56.96846079826355,70.18616700172424,"unknown",77.29488205909729,82.73779034614563,85.05690717697144,"unknown","","unknown","unknown","unknown","","unknown","unknown","unknown",92.26704025268555,"unknown","unknown",97.9010443687439,"",""
"52d61f6",-521.6969039440155,"unknown",-514.5764408111572,-508.3718147277832,0.0,6.105729579925537,9.95695686340332,15.987651586532593,34.72823429107666,41.11105966567993,64.876473903656,"unknown",71.80362486839294,78.15085363388062,79.68307852745056,"unknown","","unknown","unknown","unknown","","unknown","unknown","unknown",85.2900538444519,"unknown","unknown",91.06441378593445,"",""
"34d8485",-21387.525970220566,"unknown",-21381.507803440094,-21374.866802215576,0.0,7.351160287857056,15.82191252708435,22.349735021591187,104.03689575195312,111.00669980049133,136.8724274635315,143.1262686252594,"unknown",149.13067626953125,155.31516981124878,"unknown","","unknown","unknown","unknown","","unknown","unknown","unknown",160.50580668449402,"unknown","unknown",166.97908568382263,"",""
"693ef79",-9620.910659313202,"unknown",-9615.016295433044,-9607.347346544266,0.0,7.167731761932373,21.761088132858276,28.209076642990112,61.714821338653564,67.78807377815247,110.04863238334656,115.7923755645752,"unknown",121.97628736495972,128.35464930534363,"unknown","","unknown","unknown","unknown","","unknown","unknown","unknown",134.686861038208,"unknown","unknown",139.98914766311646,"",""
"0d5233e","","","","","","","","","","","","","","","","","","","","","","","","","","","","","",""
"f0a4194","","","","","","","","","","","","","","","","","","","","","","","","","","","","","",""
"11e5d50",-113162.19779634476,"unknown",-113155.88677406311,-113148.54866313934,0.0,5.580017805099487,7.281405687332153,14.213040590286255,25.363100290298462,32.7289822101593,38.18673634529114,"unknown",44.74496579170227,50.84832453727722,52.475271224975586,"unknown","","unknown","unknown","unknown","","unknown","unknown","unknown",58.667826652526855,"unknown","unknown",64.31699109077454,"",""
"047f2ca","","","","","","","","","","","","","","","","","","","","","","","","","","","","","",""
"02b634c","","","","","","","","","","","","","","","","","","","","","","","","","","","","","",""
"0f91d63",-160.96488976478577,"unknown",-155.54671478271484,-148.64136600494385,0.0,6.456426620483398,8.132915019989014,14.665109395980835,34.990869998931885,42.28059387207031,51.29508566856384,"unknown",57.612415075302124,64.84982895851135,66.86618328094482,"unknown","","unknown","unknown","unknown","","unknown","unknown","unknown",73.85997080802917,"unknown","unknown",80.66854524612427,"",""
"87e086c","","","","","","","","","","","","","","","","","","","","","","","","","","","","","",""
"ece9ce7","","","","","","","","","","","","","","","","","","","","","","","","","","","","","",""
"a975113","","","","","","","","","","","","","","","","","","","","","","","","","","","","","",""
"59c79dc",-33.21373271942139,"unknown",-26.004802703857422,-20.700589179992676,0.0,5.501561164855957,11.463316917419434,17.617746114730835,2195.9489698410034,2202.076728105545,2216.9085850715637,"unknown",2223.097327232361,2229.295074224472,2252.384100675583,"unknown","","unknown","unknown","unknown","","unknown","unknown","unknown",2259.800451040268,"unknown","unknown",2266.0440254211426,"",""
"dee5269",-2379.1631951332092,"unknown",-2373.508101940155,-2366.4141294956207,0.0,7.204727411270142,10.328096628189087,15.85953140258789,31.6801540851593,37.38395094871521,96.54037857055664,103.63359808921814,"unknown",110.27094292640686,114.04892945289612,"unknown","","unknown","unknown","unknown","","unknown","unknown","unknown",120.67727971076965,"unknown","unknown",127.8006341457367,"",""
"844fef2",-5488.402435302734,"unknown",-5481.4856016635895,-5475.501551866531,0.0,6.582089900970459,13.29720163345337,18.66520118713379,37.85585117340088,44.256669759750366,52.853848695755005,"unknown",58.829639196395874,65.59880352020264,67.82164764404297,"unknown","","unknown","unknown","unknown","","unknown","unknown","unknown",74.29273581504822,"unknown","unknown",80.21424412727356,"",""
"ef7d623","","","","","","","","","","","","","","","","","","","","","","","","","","","","","",""
"a54cf83","","","","","","","","","","","","","","","","","","","","","","","","","","","","","",""
"e98cdcd",-3729079.5033011436,"unknown",-3729073.8174242973,-3729068.135225773,0.0,5.8533008098602295,13.70065188407898,20.92352032661438,64.98002290725708,70.76278853416443,118.07792901992798,"unknown",124.7027997970581,131.37034249305725,134.36646246910095,"unknown","","unknown","unknown","unknown","","unknown","unknown","unknown",141.14332628250122,"unknown","unknown",146.57456707954407,"",""
"a3ff1ab",-8703.064054489136,"unknown",-8697.54145026207,-8691.273897409439,0.0,7.0423948764801025,53.34605383872986,60.40156269073486,86.40794014930725,92.12901020050049,230.9845325946808,"unknown",237.69124603271484,243.78096055984497,245.63046002388,"unknown","","unknown","unknown","unknown","","unknown","unknown","unknown",252.42402577400208,"unknown","unknown",257.7756404876709,"",""
"33bcee6","","","","","","","","","","","","","","","","","","","","","","","","","","","","","",""
"c494a29","","","","","","","","","","","","","","","","","","","","","","","","","","","","","",""
"aa68b7a","","","","","","","","","","","","","","","","","","","","","","","","","","","","","",""
"92db041","","","","","","","","","","","","","","","","","","","","","","","","","","","","","",""
"b921637","","","","","","","","","","","","","","","","","","","","","","","","","","","","","",""
"0fa3c49","","","","","","","","","","","","","","","","","","","","","","","","","","","","","",""
"cb28371","","","","","","","","","","","","","","","","","","","","","","","","","","","","","",""
"a664235","","","","","","","","","","","","","","","","","","","","","","","","","","","","","",""
"81f41fd","","","","","","","","","","","","","","","","","","","","","","","","","","","","","",""
"f38953f","","","","","","","","","","","","","","","","","","","","","","","","","","","","","",""
"6801018","","","","","","","","","","","","","","","","","","","","","","","","","","","","","",""
"ac3a94c","","","","","","","","","","","","","","","","","","","","","","","","","","","","","",""
"eccfff0","","","","","","","","","","","","","","","","","","","","","","","","","","","","","",""
"49f21e0","","","","","","","","","","","","","","","","","","","","","","","","","","","","","",""
"02ed09a","","","","","","","","","","","","","","","","","","","","","","","","","","","","","",""
"37b9a9f",-3778.9657411575317,"unknown",-3772.903461456299,-3767.4869446754456,0.0,6.590039014816284,20.33230710029602,26.211562395095825,30.037468194961548,36.3234167098999,130098.5136961937,"unknown",130104.44180345535,130111.6033835411,130119.14492821693,"unknown","","unknown","unknown","unknown","","unknown","unknown","unknown",130125.4455499649,"unknown","unknown",130131.34623551369,"",""
"3c0c7c1","","","","","","","","","","","","","","","","","","","","","","","","","","","","","",""
"89f6d9e",-1699.2984607219696,"unknown",-1693.6798372268677,-1686.764148235321,0.0,6.151511192321777,12.064253807067871,18.179935932159424,33.16627502441406,39.18902587890625,50.01245474815369,"unknown",56.6679904460907,63.57637310028076,193322.93598675728,"unknown","","unknown","unknown","unknown","","unknown","unknown","unknown",193329.96284413338,"unknown","unknown",193336.7574622631,"",""
"39dc9b8","","","","","","","","","","","","","","","","","","","","","","","","","","","","","",""
"56bae3a","","","","","","","","","","","","","","","","","","","","","","","","","","","","","",""
"28ec805","","","","","","","","","","","","","","","","","","","","","","","","","","","","","",""
"4c8a5bc","","","","","","","","","","","","","","","","","","","","","","","","","","","","","",""
"48179d1","","","","","","","","","","","","","","","","","","","","","","","","","","","","","",""
"e845b6b","","","","","","","","","","","","","","","","","","","","","","","","","","","","","",""
"619e952",-28319.74754166603,"unknown",-28313.693388223648,-28307.140893936157,0.0,6.04668927192688,8.931816101074219,15.78873324394226,29.724534273147583,36.032994985580444,43.38972306251526,"unknown",50.00162482261658,55.72592496871948,58.25035500526428,"unknown","","unknown","unknown","unknown","","unknown","unknown","unknown",64.35904836654663,"unknown","unknown",70.35302495956421,"",""
"0fd9ca7","","","","","","","","","","","","","","","","","","","","","","","","","","","","","",""
"ff125d4","","","","","","","","","","","","","","","","","","","","","","","","","","","","","",""
"0dc7823","","","","","","","","","","","","","","","","","","","","","","","","","","","","","",""
"64155b9","","","","","","","","","","","","","","","","","","","","","","","","","","","","","",""
"9cfbb83","","","","","","","","","","","","","","","","","","","","","","","","","","","","","",""
"f6ffd76","","","","","","","","","","","","","","","","","","","","","","","","","","","","","",""
"57b0697","","","","","","","","","","","","","","","","","","","","","","","","","","","","","",""
"1c202a8","","","","","","","","","","","","","","","","","","","","","","","","","","","","","",""
"3e625ac","","","","","","","","","","","","","","","","","","","","","","","","","","","","","",""
"6b36bf5",-1277.9615683555603,"unknown",-1271.1301755905151,-1264.1443345546722,0.0,6.261748313903809,34252.62947487831,34259.714344739914,34271.038331747055,34276.39352798462,34328.210222005844,"unknown",34334.720878601074,34340.421421289444,34510.20187139511,"unknown","","unknown","unknown","unknown","","unknown","unknown","unknown",34517.49871635437,"unknown","unknown",34524.39991188049,"",""
"99775ba",-4558.0836844444275,"unknown",-4551.427691936493,-4545.128676891327,0.0,5.5205237865448,180.27224135398865,187.1018922328949,193.43750047683716,200.35243153572083,406.35500478744507,411.85028076171875,"unknown",417.75894236564636,420.8045346736908,"unknown","","unknown","unknown","unknown","","unknown","unknown","unknown",427.16223430633545,"unknown","unknown",432.69700503349304,"",""
"152aa4d",-1352.1388938426971,"unknown",-1346.089510679245,-1339.9286251068115,0.0,6.269747972488403,9.93155288696289,16.104368209838867,37.80871510505676,43.581899642944336,92.87767434120178,100.18374538421631,"unknown",105.89848160743713,107.72595071792603,"unknown","","unknown","unknown","unknown","","unknown","unknown","unknown",114.64290452003479,"unknown","unknown",121.16563749313354,"",""
"ced331f","","","","","","","","","","","","","","","","","","","","","","","","","","","","","",""
"1d235c1","","","","","","","","","","","","","","","","","","","","","","","","","","","","","",""
"e6de912",-92.19684839248657,"unknown",-86.07952904701233,-78.95091438293457,0.0,6.471023321151733,15.094471454620361,21.852853059768677,43.26138877868652,50.718104124069214,66.62899017333984,73.89128351211548,"unknown",80.88825249671936,83.68015718460083,"unknown","","unknown","unknown","unknown","","unknown","unknown","unknown",88.9772117137909,"unknown","unknown",94.59744477272034,"",""
"76bbc0d",-14025.981429100037,"unknown",-14019.130773067474,-14013.737971305847,0.0,6.4164183139801025,15.28292965888977,22.16724443435669,46.55501890182495,53.48728060722351,63.049301624298096,"unknown",69.93063449859619,76.935298204422,79.44300270080566,"unknown","","unknown","unknown","unknown","","unknown","unknown","unknown",86.23901224136353,"unknown","unknown",93.47410893440247,"",""
"36b4ec5",-8405.735462665558,"unknown",-8398.890524148941,-8392.089997053146,0.0,6.287474155426025,25.162657737731934,31.39304828643799,280528.14325904846,280534.62306523323,280555.7134871483,"unknown",280562.7254219055,280569.2539880276,280570.7738008499,"unknown","","unknown","unknown","unknown","","unknown","unknown","unknown",280577.9855196476,"unknown","unknown",280584.8996357918,"",""
"7de2a3d","","","","","","","","","","","","","","","","","","","","","","","","","","","","","",""
"dbe3880","","","","","","","","","","","","","","","","","","","","","","","","","","","","","",""
"877fb69",-368.7145748138428,"unknown",-362.88436675071716,-357.55961298942566,0.0,6.8545355796813965,13.746757984161377,19.49353337287903,27.93455672264099,33.828861474990845,37.75125217437744,"unknown",43.945940256118774,51.07338833808899,53.64444828033447,"unknown","","unknown","unknown","unknown","","unknown","unknown","unknown",59.29478311538696,"unknown","unknown",66.59155654907227,"",""
"c17e360","","","","","","","","","","","","","","","","","","","","","","","","","","","","","",""
"51be121","","","","","","","","","","","","","","","","","","","","","","","","","","","","","",""
"e9e1409","","","","","","","","","","","","","","","","","","","","","","","","","","","","","",""
"051761f","","","","","","","","","","","","","","","","","","","","","","","","","","","","","",""
"1c627cb","","","","","","","","","","","","","","","","","","","","","","","","","","","","","",""
"5177026","","","","","","","","","","","","","","","","","","","","","","","","","","","","","",""
"db0051d","","","","","","","","","","","","","","","","","","","","","","","","","","","","","",""
"9e9a81e","","","","","","","","","","","","","","","","","","","","","","","","","","","","","",""
"6289e6c","","","","","","","","","","","","","","","","","","","","","","","","","","","","","",""
"a9b4533","","","","","","","","","","","","","","","","","","","","","","","","","","","","","",""
"1db8420","","","","","","","","","","","","","","","","","","","","","","","","","","","","","",""
"8a1ecd0","","","","","","","","","","","","","","","","","","","","","","","","","","","","","",""
"8fd863f","","","","","","","","","","","","","","","","","","","","","","","","","","","","","",""
"644830a","","","","","","","","","","","","","","","","","","","","","","","","","","","","","",""
"5dbecee","","","","","","","","","","","","","","","","","","","","","","","","","","","","","",""
"86c5f35","","","","","","","","","","","","","","","","","","","","","","","","","","","","","",""
"4c072d3","","","","","","","","","","","","","","","","","","","","","","","","","","","","","",""
"89bbcd3","","","","","","","","","","","","","","","","","","","","","","","","","","","","","",""
"aa9ac00","","","","","","","","","","","","","","","","","","","","","","","","","","","","","",""
"9a1b5fa","","","","","","","","","","","","","","","","","","","","","","","","","","","","","",""
"d003724","","","","","","","","","","","","","","","","","","","","","","","","","","","","","",""
"3a03bea","","","","","","","","","","","","","","","","","","","","","","","","","","","","","",""
"e427669","","","","","","","","","","","","","","","","","","","","","","","","","","","","","",""
"12dfda3","","","","","","","","","","","","","","","","","","","","","","","","","","","","","",""
"3226bb3","","","","","","","","","","","","","","","","","","","","","","","","","","","","","",""
"9f4d288","","","","","","","","","","","","","","","","","","","","","","","","","","","","","",""
"35adcf1","","","","","","","","","","","","","","","","","","","","","","","","","","","","","",""
"b2621a2",-4483.57576584816,"unknown",-4477.06871342659,-4471.63769698143,0.0,5.946704149246216,28.537071466445923,35.61543297767639,59.12839198112488,65.34437441825867,91.42516303062439,"unknown",98.30627584457397,104.7143030166626,107.37019777297974,"unknown","","unknown","unknown","unknown","","unknown","unknown","unknown",113.5219292640686,"unknown","unknown",119.4006621837616,"",""
"6099d06",-5360.284615755081,"unknown",-5354.922824382782,-5348.972822666168,0.0,6.1776251792907715,12.269115924835205,18.860812187194824,41.92121243476868,48.15141940116882,55.3884654045105,"unknown",61.582985401153564,67.22121787071228,69.92934274673462,"unknown","","unknown","unknown","unknown","","unknown","unknown","unknown",76.00553464889526,"unknown","unknown",82.97775411605835,"",""
"d91bf84","unknown","unknown","unknown","unknown",0.0,"unknown",216.94263648986816,"unknown",933.7366263866425,"unknown",983.1383724212646,"unknown","unknown","unknown",1369.5949232578278,"unknown","","unknown","unknown","unknown","","unknown","unknown","unknown","unknown","unknown","unknown","unknown","",""
"c3db77a","","","","","","","","","","","","","","","","","","","","","","","","","","","","","",""
"db7d9c3","unknown","unknown","unknown","unknown",0.0,"unknown",17.03475856781006,"unknown",35.8312509059906,"unknown",49.37780404090881,"unknown","unknown","unknown",155.62197256088257,"unknown","","unknown","unknown","unknown","","unknown","unknown","unknown","unknown","unknown","unknown","unknown","",""
"7d9c3_1","unknown","unknown","unknown","unknown",0.0,"unknown",17.03475856781006,"unknown",35.8312509059906,"unknown",49.37780404090881,"unknown","unknown","unknown",155.62197256088257,"unknown","","unknown","unknown","unknown","","unknown","unknown","unknown","unknown","unknown","unknown","unknown","",""
"804c32f","","","","","","","","","","","","","","","","","","","","","","","","","","","","","",""
