"","1","recurso","1b","2","cont","3","cont_1","4","dilema","5","x_1","6A","6B","7","v_x_1","8","x_2","9A","9B","10","v_x_2","11","12A","12B","13_1","13_2","13_3","15","7_1","2_1"
"518e9b8",-5564.412361860275,"unknown",-5558.791435956955,-5552.525103569031,0.0,6.044519424438477,11.416132926940918,18.603733777999878,121.5152633190155,134.9988353252411,140.6429591178894,146.37278771400452,"unknown",152.68942880630493,154.8783950805664,"unknown","","unknown","unknown","unknown","","unknown","unknown","unknown",160.9548261165619,"unknown","unknown",167.0027368068695,"",""
"b5edd3c",-28203.487820148468,"unknown",-28197.810714244843,-28191.892300367355,0.0,6.911342620849609,11.067136287689209,18.32661461830139,39.76621437072754,45.44332218170166,50.01454043388367,56.77254939079285,"unknown",63.487509965896606,65.2010543346405,"unknown","","unknown","unknown","unknown","","unknown","unknown","unknown",71.83536911010742,"unknown","unknown",77.80010223388672,"",""
"374ecf8",-9681.901513338089,"unknown",-9675.950073480606,-9668.915397405624,0.0,6.113015174865723,10.431735754013062,16.092028379440308,47.088391065597534,53.63287281990051,59.37928104400635,66.42781233787537,"unknown",72.72968697547913,74.29499006271362,"unknown","","unknown","unknown","unknown","","unknown","unknown","unknown",80.648197889328,"unknown","unknown",87.51485538482666,"",""
"89f120b","","","","","","","","","","","","","","","","","","","","","","","","","","","","","",""
"1883ca0","unknown","unknown","unknown","unknown",0.0,"unknown",21.285531044006348,"unknown",62.39999294281006,"unknown",87.8505790233612,"unknown","unknown","unknown",132.80636835098267,"unknown","","unknown","unknown","unknown","","unknown","unknown","unknown","unknown","unknown","unknown","unknown","",""
"8d2da97",-10282.514678239822,"unknown",-10276.601524114609,-10270.378864049911,0.0,6.229276895523071,9.804929256439209,15.8716459274292,38.41333508491516,45.055331230163574,58.78015160560608,65.01937055587769,"unknown",72.30770540237427,73.89179134368896,"unknown","","unknown","unknown","unknown","","unknown","unknown","unknown",80.31888675689697,"unknown","unknown",86.93448376655579,"",""
"2541155",-5771.938855886459,"unknown",-5765.840440988541,-5760.126367807388,0.0,6.823538780212402,8.239485502243042,15.12079668045044,32.01000213623047,39.39149069786072,46.57757115364075,52.73284411430359,"unknown",58.64657115936279,60.97043800354004,"unknown","","unknown","unknown","unknown","","unknown","unknown","unknown",66.76600384712219,"unknown","unknown",73.47675013542175,"",""
"ac6f3f6",-16.082642555236816,"unknown",-8.992809057235718,-1.79231858253479,0.0,6.394660472869873,9.612797737121582,15.866822242736816,17.873054027557373,24.382450819015503,78.8337516784668,84.51624894142151,"unknown",90.81883215904236,93.99563717842102,"unknown","","unknown","unknown","unknown","","unknown","unknown","unknown",100.68197441101074,"unknown","unknown",107.05494928359985,"",""
"62447b9",-368936.0086071491,"unknown",-368928.8416647911,-368922.1338467598,0.0,6.690114736557007,11.24834942817688,18.422267198562622,54.19839429855347,60.07974648475647,131.95410418510437,138.70342206954956,"unknown",145.0155065059662,177.79123711585999,"unknown","","unknown","unknown","unknown","","unknown","unknown","unknown",184.22961378097534,"unknown","unknown",190.05223155021667,"",""
"20f3e2e",-37832.46823501587,"unknown",-37825.76995038986,-37819.2422516346,0.0,6.595832109451294,20.597527265548706,26.78046703338623,86.26181244850159,92.48034644126892,126.56678414344788,133.85718178749084,"unknown",140.34980249404907,142.78144764900208,"unknown","","unknown","unknown","unknown","","unknown","unknown","unknown",149.63267636299133,"unknown","unknown",154.95663046836853,"",""
"4e53c5c",-1581.0535516738892,"unknown",-1574.544277191162,-1568.286993265152,0.0,7.153938293457031,22.957056283950806,29.807748317718506,91.59086513519287,97.67184257507324,106.95239758491516,"unknown",114.06755566596985,119.35565662384033,120.99292039871216,"unknown","","unknown","unknown","unknown","","unknown","unknown","unknown",127.01922917366028,"unknown","unknown",132.86110091209412,"",""
"ac6ecda","","","","","","","","","","","","","","","","","","","","","","","","","","","","","",""
"c899adb",-8819.16558265686,"unknown",-8813.256926774979,-8807.064133644104,0.0,5.716913461685181,12.679977893829346,19.786822080612183,37.17326593399048,43.48881530761719,49.2822060585022,56.02621793746948,"unknown",62.032665491104126,66.83330798149109,"unknown","","unknown","unknown","unknown","","unknown","unknown","unknown",73.63363075256348,"unknown","unknown",79.5782425403595,"",""
"b8ec123","","","","","","","","","","","","","","","","","","","","","","","","","","","","","",""
"07b298c","","","","","","","","","","","","","","","","","","","","","","","","","","","","","",""
"49db8c4",-9920.981926441193,"unknown",-9914.282226800919,-9907.859659671783,0.0,5.448673963546753,10.486772298812866,16.18829107284546,37.522658348083496,44.38359832763672,55.05351543426514,61.93990349769592,"unknown",68.6652340888977,71.21348857879639,"unknown","","unknown","unknown","unknown","","unknown","unknown","unknown",76.57761359214783,"unknown","unknown",82.46759247779846,"",""
"ea8c0d6",-55182.68905544281,"unknown",-55177.44230937958,-55171.20406842232,0.0,7.087124347686768,13.864681959152222,19.376715183258057,94.67052459716797,101.33640551567078,127.3604006767273,133.0666856765747,"unknown",138.77672410011292,141.93850111961365,"unknown","","unknown","unknown","unknown","","unknown","unknown","unknown",147.5058765411377,"unknown","unknown",154.75218296051025,"",""
"7cf831f",-875.5388927459717,"unknown",-868.5088193416595,-862.9396994113922,0.0,6.572418451309204,18.082864999771118,24.411530017852783,82.48924851417542,89.86039781570435,95.49967980384827,102.37573385238647,"unknown",108.24770069122314,110.37484359741211,"unknown","","unknown","unknown","unknown","","unknown","unknown","unknown",116.40992498397827,"unknown","unknown",122.00372624397278,"",""
"41f497c","","","","","","","","","","","","","","","","","","","","","","","","","","","","","",""
"f496964","","","","","","","","","","","","","","","","","","","","","","","","","","","","","",""
"68c3192","","","","","","","","","","","","","","","","","","","","","","","","","","","","","",""
"eb77de6","","","","","","","","","","","","","","","","","","","","","","","","","","","","","",""
"8ce483d",-375449.2250623703,"unknown",-375443.7926850319,-375437.4014906883,0.0,6.400784015655518,7.987865209579468,13.799222707748413,22.962612867355347,29.12944793701172,46.17565035820007,52.29900503158569,"unknown",57.70497679710388,60.76028847694397,"unknown","","unknown","unknown","unknown","","unknown","unknown","unknown",67.14683556556702,"unknown","unknown",73.96713924407959,"",""
"79868cd","unknown","unknown","unknown","unknown",0.0,"unknown",7.476266860961914,"unknown",929472.294144392,"unknown",929508.0728895664,"unknown","unknown","unknown",929522.1231863499,"unknown","","unknown","unknown","unknown","","unknown","unknown","unknown","unknown","unknown","unknown","unknown","",""
"56ee475",-6368.474976539612,"unknown",-6363.186757326126,-6356.370771884918,0.0,7.003813743591309,461.9684901237488,468.6388623714447,483.44922518730164,490.207332611084,496.81762862205505,503.5411286354065,"unknown",510.61357283592224,512.8723874092102,"unknown","","unknown","unknown","unknown","","unknown","unknown","unknown",518.6187877655029,"unknown","unknown",524.8145513534546,"",""
"916c172",-5474.34030008316,"unknown",-5468.972977638245,-5463.100639343262,0.0,6.678152322769165,12.263879776000977,18.54941153526306,1023.7937529087067,1030.9762156009674,2627.014809846878,2633.6443569660187,"unknown",2639.19380736351,3883.8357536792755,"unknown","","unknown","unknown","unknown","","unknown","unknown","unknown",3889.7780787944794,"unknown","unknown",3896.1415314674377,"",""
"d9696dd",-48480.617916345596,"unknown",-48473.77438902855,-48468.416716337204,0.0,5.984245538711548,8.108464002609253,14.584256649017334,16.817102909088135,22.238947868347168,1635581.1141633987,1635587.1687471867,"unknown",1635594.0026085377,1635596.359242916,"unknown","","unknown","unknown","unknown","","unknown","unknown","unknown",1635601.8352165222,"unknown","unknown",1635608.0908620358,"",""
"eff7ebe",-36346.634315252304,"unknown",-36340.05603194237,-36334.4809384346,0.0,7.111188650131226,8.98000454902649,15.720858573913574,20.34072709083557,26.529463291168213,64.90546655654907,71.21924424171448,"unknown",77.32047772407532,79.39535593986511,"unknown","","unknown","unknown","unknown","","unknown","unknown","unknown",85.11191630363464,"unknown","unknown",91.27913022041321,"",""
"5d4fcbe",-999.919561624527,"unknown",-994.3122684955597,-988.5946016311646,0.0,5.543452978134155,25.723697423934937,31.87315034866333,51.87676930427551,58.19422650337219,72.79490971565247,78.65081310272217,"unknown",84.84237408638,87.5731520652771,"unknown","","unknown","unknown","unknown","","unknown","unknown","unknown",94.2900881767273,"unknown","unknown",100.32627582550049,"",""
"170bd80","","","","","","","","","","","","","","","","","","","","","","","","","","","","","",""
"7a54533",-4876.992661476135,"unknown",-4870.676091909409,-4864.125620126724,0.0,5.390671730041504,13.75250792503357,19.73402714729309,78.79537582397461,85.38126039505005,111.40280413627625,118.10504865646362,"unknown",124.56049299240112,125.92229270935059,"unknown","","unknown","unknown","unknown","","unknown","unknown","unknown",132.80177640914917,"unknown","unknown",139.92160940170288,"",""
"d874e84","","","","","","","","","","","","","","","","","","","","","","","","","","","","","",""
"c28b1a9","","","","","","","","","","","","","","","","","","","","","","","","","","","","","",""
"7384692","","","","","","","","","","","","","","","","","","","","","","","","","","","","","",""
"90ccafb","","","","","","","","","","","","","","","","","","","","","","","","","","","","","",""
"0327530",-66675.31694507599,"unknown",-66668.7401061058,-66661.83154511452,0.0,6.021413326263428,11.074028968811035,16.606346368789673,45.33300733566284,51.43083047866821,104.64882135391235,111.97825264930725,"unknown",117.68113541603088,137.90740990638733,"unknown","","unknown","unknown","unknown","","unknown","unknown","unknown",144.00840187072754,"unknown","unknown",149.67911911010742,"",""
"47dcadc",-1117546.3262519836,"unknown",-1117364.386799097,-1117182.1944248676,0.0,6.595300912857056,16.017762184143066,22.212581872940063,61.5118772983551,68.64911818504333,75.62310767173767,81.72218036651611,"unknown",88.06515336036682,91.07820010185242,"unknown","","unknown","unknown","unknown","","unknown","unknown","unknown",97.37028694152832,"unknown","unknown",103.63659048080444,"",""
"233ee90","","","","","","","","","","","","","","","","","","","","","","","","","","","","","",""
"db844b1","","","","","","","","","","","","","","","","","","","","","","","","","","","","","",""
"e4c0f9c","","","","","","","","","","","","","","","","","","","","","","","","","","","","","",""
"fd01af9","","","","","","","","","","","","","","","","","","","","","","","","","","","","","",""
"77a5d2f","","","","","","","","","","","","","","","","","","","","","","","","","","","","","",""
"b92dee2","","","","","","","","","","","","","","","","","","","","","","","","","","","","","",""
"50ec1c5","","","","","","","","","","","","","","","","","","","","","","","","","","","","","",""
"11892fd","","","","","","","","","","","","","","","","","","","","","","","","","","","","","",""
"5ba2fe6","","","","","","","","","","","","","","","","","","","","","","","","","","","","","",""
"c94e42e",-15485.09866976738,"unknown",-15479.077165842056,-15471.913914203644,0.0,5.89434552192688,10.845608949661255,17.14521551132202,34.455992698669434,39.99549865722656,45.8049213886261,52.310399770736694,"unknown",59.441139936447144,62.39406752586365,"unknown","","unknown","unknown","unknown","","unknown","unknown","unknown",68.88461208343506,"unknown","unknown",75.23363971710205,"",""
"ee4b6cd","","","","","","","","","","","","","","","","","","","","","","","","","","","","","",""
"f2291ba","","","","","","","","","","","","","","","","","","","","","","","","","","","","","",""
"fb6ca94","","","","","","","","","","","","","","","","","","","","","","","","","","","","","",""
"516417f",-4029.417328596115,"unknown",-4023.8130402565002,-4017.4029166698456,0.0,6.696911096572876,16.447088479995728,21.71609663963318,52.73437237739563,59.1044180393219,67.01590371131897,72.56821703910828,"unknown",78.33981394767761,80.23738598823547,"unknown","","unknown","unknown","unknown","","unknown","unknown","unknown",87.50104999542236,"unknown","unknown",94.39246344566345,"",""
"7a0eabe","","","","","","","","","","","","","","","","","","","","","","","","","","","","","",""
"7b65802","","","","","","","","","","","","","","","","","","","","","","","","","","","","","",""
"5e09b84","","","","","","","","","","","","","","","","","","","","","","","","","","","","","",""
"7da3821","","","","","","","","","","","","","","","","","","","","","","","","","","","","","",""
"2f5762a",-22702.906158685684,"unknown",-22696.776607990265,-22690.308389663696,0.0,5.621526002883911,10.209620237350464,16.463444471359253,65.94293522834778,71.90045690536499,78.3069519996643,84.40420007705688,"unknown",91.46197986602783,93.07563781738281,"unknown","","unknown","unknown","unknown","","unknown","unknown","unknown",100.09465289115906,"unknown","unknown",105.56831049919128,"",""
"50a0fdd",-30306.299543380737,"unknown",-30299.444810390472,-30293.135594844818,0.0,5.5745744705200195,13.73717713356018,20.345988035202026,37.82993030548096,43.6887423992157,48.481717348098755,53.77908635139465,"unknown",60.698221921920776,62.56031823158264,"unknown","","unknown","unknown","unknown","","unknown","unknown","unknown",67.90009641647339,"unknown","unknown",73.18073320388794,"",""
"b7cec81",-22709.173844099045,"unknown",-22703.080688476562,-22697.034311771393,0.0,6.290225028991699,9.214187622070312,15.862470865249634,29.686079263687134,36.38548231124878,66.56289267539978,"unknown",73.92266535758972,79.16408514976501,80.5589246749878,"unknown","","unknown","unknown","unknown","","unknown","unknown","unknown",87.879399061203,"unknown","unknown",94.1757800579071,"",""
"bf983ba",-241.2197585105896,"unknown",-235.38345074653625,-228.5202751159668,0.0,5.829294681549072,1780.370329618454,1787.0323603153229,1802.1792271137238,1809.3868992328644,1818.7779664993286,1824.4928817749023,"unknown",1830.3641772270203,1835.8996839523315,"unknown","","unknown","unknown","unknown","","unknown","unknown","unknown",1842.7545487880707,"unknown","unknown",1849.186330318451,"",""
"b53b559","","","","","","","","","","","","","","","","","","","","","","","","","","","","","",""
"4a92bfd","","","","","","","","","","","","","","","","","","","","","","","","","","","","","",""
"90434eb","","","","","","","","","","","","","","","","","","","","","","","","","","","","","",""
"37674f9","","","","","","","","","","","","","","","","","","","","","","","","","","","","","",""
"0dc300b","","","","","","","","","","","","","","","","","","","","","","","","","","","","","",""
"1800004","","","","","","","","","","","","","","","","","","","","","","","","","","","","","",""
"7b3c431",-8528.342086315155,"unknown",-8521.703805208206,-8514.907300233841,0.0,6.876615524291992,151.5675015449524,158.4195945262909,197.8426637649536,204.56285214424133,216.84210872650146,222.9179892539978,"unknown",228.86159253120422,232.50954246520996,"unknown","","unknown","unknown","unknown","","unknown","unknown","unknown",238.77927207946777,"unknown","unknown",244.44475722312927,"",""
"2457ed6",-23893.7990128994,"unknown",-23886.852216005325,-23880.33150243759,0.0,6.748877286911011,10.092089414596558,15.578826189041138,28.74823522567749,34.142645597457886,38.975670337677,45.06005358695984,"unknown",50.48105835914612,52.159303188323975,"unknown","","unknown","unknown","unknown","","unknown","unknown","unknown",59.10568451881409,"unknown","unknown",64.93458032608032,"",""
"c4bba29",-5988.759029388428,"unknown",-5983.421558856964,-5976.762613773346,0.0,6.353336811065674,9.89474105834961,16.889193773269653,52.97667145729065,59.44403386116028,64.1283073425293,71.43241238594055,"unknown",77.9831223487854,79.88261079788208,"unknown","","unknown","unknown","unknown","","unknown","unknown","unknown",85.25445914268494,"unknown","unknown",92.33822894096375,"",""
"2dffb9e",-4848.019469261169,"unknown",-4840.821948051453,-4835.03354716301,0.0,7.259690761566162,9.98863697052002,16.32188129425049,32.824018478393555,38.85672426223755,52.87716603279114,58.64808654785156,"unknown",64.98543858528137,66.91577196121216,"unknown","","unknown","unknown","unknown","","unknown","unknown","unknown",72.67898201942444,"unknown","unknown",78.81245493888855,"",""
"7a35b75",-11162.035477161407,"unknown",-11155.288481712341,-11149.009567022324,0.0,6.333236217498779,12.334865093231201,18.532840251922607,39.864794969558716,47.11811113357544,53.71735501289368,60.11236071586609,"unknown",66.55770516395569,69.99211835861206,"unknown","","unknown","unknown","unknown","","unknown","unknown","unknown",75.4124767780304,"unknown","unknown",81.2632327079773,"",""
"3883e37","","","","","","","","","","","","","","","","","","","","","","","","","","","","","",""
"eacd6a3","","","","","","","","","","","","","","","","","","","","","","","","","","","","","",""
"d09321f","","","","","","","","","","","","","","","","","","","","","","","","","","","","","",""
"58b1c8e","","","","","","","","","","","","","","","","","","","","","","","","","","","","","",""
"bf3dfcf","","","","","","","","","","","","","","","","","","","","","","","","","","","","","",""
"80e625f","","","","","","","","","","","","","","","","","","","","","","","","","","","","","",""
"9846ca8","","","","","","","","","","","","","","","","","","","","","","","","","","","","","",""
"cc02471",-450397.9667341709,"unknown",-450391.83980345726,-450385.79087018967,0.0,6.806671380996704,10.080079555511475,16.565370082855225,38.95989489555359,45.42347025871277,61.89070200920105,68.44420647621155,"unknown",74.18078017234802,76.96300935745239,"unknown","","unknown","unknown","unknown","","unknown","unknown","unknown",83.30290937423706,"unknown","unknown",88.53844094276428,"",""
"0a30844","","","","","","","","","","","","","","","","","","","","","","","","","","","","","",""
"43d0b63",-15.48966908454895,"unknown",-8.68488335609436,-1.8809130191802979,0.0,5.557499408721924,9.867603778839111,16.585310459136963,286.5275077819824,293.81815910339355,300.28530740737915,306.3953697681427,"unknown",313.47672843933105,314.72254514694214,"unknown","","unknown","unknown","unknown","","unknown","unknown","unknown",322.9629318714142,"unknown","unknown",329.1602382659912,"",""
"addf295","","","","","","","","","","","","","","","","","","","","","","","","","","","","","",""
"1a8e45b",-146112.34954500198,"unknown",-146105.80740118027,-146099.66275787354,0.0,6.397571563720703,8.260970830917358,13.94780969619751,28.264858961105347,34.92045331001282,37.86223840713501,43.861969232559204,"unknown",49.347108364105225,56.7379686832428,"unknown","","unknown","unknown","unknown","","unknown","unknown","unknown",62.59936714172363,"unknown","unknown",67.95514416694641,"",""
"5f2a1aa","","","","","","","","","","","","","","","","","","","","","","","","","","","","","",""
"87b3434","","","","","","","","","","","","","","","","","","","","","","","","","","","","","",""
"bd305b8","","","","","","","","","","","","","","","","","","","","","","","","","","","","","",""
"4b70ed3",-16614.894845724106,"unknown",-16609.162634134293,-16603.285316467285,0.0,7.060911655426025,13.181704044342041,20.293850421905518,46.14949560165405,52.89869236946106,58.66269326210022,65.38667106628418,"unknown",71.15633630752563,73.487295627594,"unknown","","unknown","unknown","unknown","","unknown","unknown","unknown",78.90926313400269,"unknown","unknown",85.37645268440247,"",""
"8ec15bc",-3027.8678636550903,"unknown",-3021.6601419448853,-3015.5118174552917,0.0,5.653594970703125,445.72604966163635,451.74550223350525,477.4120948314667,482.89130210876465,486.76446509361267,492.8574059009552,"unknown",498.40812158584595,502.064062833786,"unknown","","unknown","unknown","unknown","","unknown","unknown","unknown",507.9600465297699,"unknown","unknown",514.4197127819061,"",""
"6c8906b","","","","","","","","","","","","","","","","","","","","","","","","","","","","","",""
"dae9b13","","","","","","","","","","","","","","","","","","","","","","","","","","","","","",""
"4828266","","","","","","","","","","","","","","","","","","","","","","","","","","","","","",""
"614fc3f",-99815.65962719917,"unknown",-99808.89999771118,-99802.709638834,0.0,5.49402642250061,8.763108491897583,15.291694164276123,43.2680242061615,48.976064682006836,53.04538702964783,58.50273370742798,"unknown",64.30283260345459,77.84219884872437,"unknown","","unknown","unknown","unknown","","unknown","unknown","unknown",83.9381914138794,"unknown","unknown",91.07951164245605,"",""
"a300755","","","","","","","","","","","","","","","","","","","","","","","","","","","","","",""
"802d704","","","","","","","","","","","","","","","","","","","","","","","","","","","","","",""
"e892cd4","","","","","","","","","","","","","","","","","","","","","","","","","","","","","",""
"ac42d69",-4612.615418434143,"unknown",-4606.319472551346,-4599.882586956024,0.0,7.042598247528076,9.863508939743042,16.56141471862793,103.51823997497559,110.31763696670532,114.89369702339172,121.85714054107666,"unknown",128.66222882270813,130.63290810585022,"unknown","","unknown","unknown","unknown","","unknown","unknown","unknown",136.59355568885803,"unknown","unknown",142.89169216156006,"",""
"7bb45d3","","","","","","","","","","","","","","","","","","","","","","","","","","","","","",""
"7622483","","","","","","","","","","","","","","","","","","","","","","","","","","","","","",""
"730747e",-291.1572778224945,"unknown",-283.3314814567566,-277.5430836677551,0.0,6.515538454055786,17.130661249160767,24.001062631607056,39.536152839660645,46.52052855491638,61.842095613479614,68.10525965690613,"unknown",75.48234844207764,79.5917432308197,"unknown","","unknown","unknown","unknown","","unknown","unknown","unknown",85.5405638217926,"unknown","unknown",92.52550458908081,"",""
"07ff49d",-321.63883805274963,"unknown",-314.75322461128235,-308.1526589393616,0.0,6.697657585144043,89.90878820419312,96.0941219329834,111.4637680053711,117.72686815261841,138.1057848930359,145.48714780807495,"unknown",152.19996404647827,153.80994272232056,"unknown","","unknown","unknown","unknown","","unknown","unknown","unknown",160.411940574646,"unknown","unknown",166.57990670204163,"",""
"22fdb61","","","","","","","","","","","","","","","","","","","","","","","","","","","","","",""
"db046f2","","","","","","","","","","","","","","","","","","","","","","","","","","","","","",""
"99ee852",-3848.232173204422,"unknown",-3841.33238863945,-3834.8297970294952,0.0,6.667925834655762,56.071316957473755,63.212448835372925,97.32070517539978,104.10921335220337,112.03733444213867,117.88726282119751,"unknown",123.70376491546631,133.0726125240326,"unknown","","unknown","unknown","unknown","","unknown","unknown","unknown",138.34192371368408,"unknown","unknown",143.9570996761322,"",""
"ad2fc5b",-34.224149227142334,"unknown",-28.685683012008667,-22.883102655410767,0.0,7.128488540649414,24.506346940994263,30.210556507110596,59.45092487335205,65.4647421836853,101.78834009170532,108.49177384376526,"unknown",114.26240801811218,116.27233123779297,"unknown","","unknown","unknown","unknown","","unknown","unknown","unknown",123.10238814353943,"unknown","unknown",129.62823510169983,"",""
"d318264","","","","","","","","","","","","","","","","","","","","","","","","","","","","","",""
"741ef32",-2059.956163406372,"unknown",-2053.248401403427,-2046.849547624588,0.0,6.161569356918335,10.059450626373291,16.691202878952026,530.3973340988159,536.2585198879242,549.8022994995117,556.106734752655,"unknown",561.8668150901794,586.4274816513062,"unknown","","unknown","unknown","unknown","","unknown","unknown","unknown",592.4564461708069,"unknown","unknown",598.7912886142731,"",""
"b75259d","","","","","","","","","","","","","","","","","","","","","","","","","","","","","",""
"b67425b","","","","","","","","","","","","","","","","","","","","","","","","","","","","","",""
"446ad6c",-7478.796318769455,"unknown",-7472.618422985077,-7465.449259281158,0.0,6.188955307006836,7.674243211746216,13.556537628173828,68.19623875617981,74.80111408233643,96.27378916740417,101.7809545993805,"unknown",108.0593843460083,113.71397829055786,"unknown","","unknown","unknown","unknown","","unknown","unknown","unknown",119.27057671546936,"unknown","unknown",125.2123794555664,"",""
"70405ea","","","","","","","","","","","","","","","","","","","","","","","","","","","","","",""
"1117a63",-118.93055653572083,"unknown",-113.33973097801208,-106.8977677822113,0.0,5.903310537338257,12.162817001342773,18.964364767074585,74.27603077888489,80.10741353034973,92.68129324913025,98.43545413017273,"unknown",104.0936279296875,106.70092964172363,"unknown","","unknown","unknown","unknown","","unknown","unknown","unknown",113.26410841941833,"unknown","unknown",118.72025728225708,"",""
"537189f","","","","","","","","","","","","","","","","","","","","","","","","","","","","","",""
"17b5a6e","","","","","","","","","","","","","","","","","","","","","","","","","","","","","",""
"d3e37eb",-428087.94468665123,"unknown",-428081.5297753811,-428075.06309247017,0.0,6.9293622970581055,9.039713859558105,16.53635048866272,104.90968656539917,112.07842898368835,144.14002895355225,149.88829588890076,"unknown",156.70568585395813,159.34695076942444,"unknown","","unknown","unknown","unknown","","unknown","unknown","unknown",166.52420163154602,"unknown","unknown",173.1836395263672,"",""
"2ee7f92",-3436.334480524063,"unknown",-3430.702627658844,-3424.204162120819,0.0,6.303328037261963,12.402995586395264,18.723840951919556,46.28161668777466,53.82420206069946,72.78393793106079,79.1297504901886,"unknown",86.1702344417572,104.86457228660583,"unknown","","unknown","unknown","unknown","","unknown","unknown","unknown",111.21284413337708,"unknown","unknown",117.20462083816528,"",""
"89d63ed",-2924.663957595825,"unknown",-2917.6994960308075,-2911.9060337543488,0.0,7.239736080169678,41.36278009414673,46.845213174819946,49.3977587223053,55.853431940078735,65.96450901031494,72.65340399742126,"unknown",78.1320207118988,80.1903018951416,"unknown","","unknown","unknown","unknown","","unknown","unknown","unknown",85.85473656654358,"unknown","unknown",91.24231553077698,"",""
"c0a644e",-51.41332268714905,"unknown",-45.83165788650513,-40.39238214492798,0.0,6.929895401000977,11.463692903518677,17.520721912384033,54.10722303390503,61.25607705116272,75.59451246261597,81.58800435066223,"unknown",86.83525443077087,88.45056223869324,"unknown","","unknown","unknown","unknown","","unknown","unknown","unknown",95.48920941352844,"unknown","unknown",100.83116674423218,"",""
"80f558b",-1084530.1945695877,"unknown",-1084524.7176127434,-1084519.0000789165,0.0,6.211665391921997,24.34733271598816,30.386638164520264,46.688103675842285,52.52271509170532,63.61210799217224,70.22289824485779,"unknown",75.74156093597412,78.1898865699768,"unknown","","unknown","unknown","unknown","","unknown","unknown","unknown",85.15134739875793,"unknown","unknown",91.16625142097473,"",""
"87e4f18","","","","","","","","","","","","","","","","","","","","","","","","","","","","","",""
"0186834","","","","","","","","","","","","","","","","","","","","","","","","","","","","","",""
"0355f6d",-843938.4940917492,"unknown",-843932.7669305801,-843926.3686563969,0.0,6.157861948013306,11.38290786743164,17.687642574310303,44.80771803855896,50.74005103111267,57.67572641372681,64.46361136436462,"unknown",71.24776983261108,73.66242837905884,"unknown","","unknown","unknown","unknown","","unknown","unknown","unknown",79.14277672767639,"unknown","unknown",86.13257050514221,"",""
"fa6a8b8","","","","","","","","","","","","","","","","","","","","","","","","","","","","","",""
"145d339",-4204.063864707947,"unknown",-4198.4415538311005,-4192.879162788391,0.0,5.681964874267578,8.850866317749023,14.158509016036987,42.56830143928528,48.14065623283386,64.98669767379761,71.94861912727356,"unknown",77.81229400634766,79.27709627151489,"unknown","","unknown","unknown","unknown","","unknown","unknown","unknown",85.97187089920044,"unknown","unknown",92.72240805625916,"",""
"e96f42c","","","","","","","","","","","","","","","","","","","","","","","","","","","","","",""
"f382ec0","","","","","","","","","","","","","","","","","","","","","","","","","","","","","",""
"962a7dd",-1705.892290353775,"unknown",-1699.0836353302002,-1692.526774406433,0.0,8.295852899551392,16.868306875228882,23.988181114196777,62.662758111953735,69.76427173614502,131.80517959594727,137.20360279083252,"unknown",144.1305058002472,146.06522846221924,"unknown","","unknown","unknown","unknown","","unknown","unknown","unknown",151.39129853248596,"unknown","unknown",156.7302327156067,"",""
"5c97513","","","","","","","","","","","","","","","","","","","","","","","","","","","","","",""
"acc6118",-9800.355658531189,"unknown",-9794.934043169022,-9788.68298983574,0.0,6.079542875289917,8.973378896713257,15.40637993812561,37.262123584747314,42.56826710700989,53.89473080635071,59.536577224731445,"unknown",66.07023286819458,67.91737365722656,"unknown","","unknown","unknown","unknown","","unknown","unknown","unknown",73.31071639060974,"unknown","unknown",78.62468934059143,"",""
"d33371d","","","","","","","","","","","","","","","","","","","","","","","","","","","","","",""
"5d45bd1","","","","","","","","","","","","","","","","","","","","","","","","","","","","","",""
"cfcbc2d","","","","","","","","","","","","","","","","","","","","","","","","","","","","","",""
"98ecb86",-34.64687705039978,"unknown",-27.599920511245728,-21.940008640289307,0.0,5.833643436431885,11.959957361221313,18.945940732955933,42.889230251312256,49.19550681114197,57.76735806465149,64.643381357193,"unknown",70.46683979034424,72.09511637687683,"unknown","","unknown","unknown","unknown","","unknown","unknown","unknown",78.88921523094177,"unknown","unknown",84.81890797615051,"",""
"7636563",-11205.229526996613,"unknown",-11199.019743442535,-11193.489033222198,0.0,7.12635064125061,21.4424569606781,27.47672438621521,78.31182646751404,84.7969138622284,89.26512455940247,95.27671265602112,"unknown",100.7143223285675,102.55803060531616,"unknown","","unknown","unknown","unknown","","unknown","unknown","unknown",109.575932264328,"unknown","unknown",115.13191485404968,"",""
"5d2b358","","","","","","","","","","","","","","","","","","","","","","","","","","","","","",""
"5d9ae0c","","","","","","","","","","","","","","","","","","","","","","","","","","","","","",""
"73d4e20","","","","","","","","","","","","","","","","","","","","","","","","","","","","","",""
"be94a32","","","","","","","","","","","","","","","","","","","","","","","","","","","","","",""
"9f972fb","","","","","","","","","","","","","","","","","","","","","","","","","","","","","",""
"6e93efd",-107.97813367843628,"unknown",-102.2789978981018,-96.787428855896,0.0,5.803174257278442,533.4873402118683,540.789119720459,551.0908479690552,556.5088906288147,582.9057352542877,589.8793721199036,"unknown",595.8067402839661,597.1203601360321,603.8742082118988,606.5781106948853,"unknown",612.1563007831573,618.5804755687714,619.9731848239899,"unknown","unknown","unknown","unknown",625.8748245239258,"unknown",632.0439550876617,"",""
"5a4afae","","","","","","","","","","","","","","","","","","","","","","","","","","","","","",""
"c34e373","","","","","","","","","","","","","","","","","","","","","","","","","","","","","",""
"6bac72b",-179.67009019851685,"unknown",-172.65288877487183,-166.23438382148743,0.0,6.997713088989258,9.56648850440979,16.497023344039917,52.5894832611084,58.885289669036865,87.80616211891174,93.85089325904846,"unknown",100.49842476844788,106.94408750534058,"unknown","","unknown","unknown","unknown","","unknown","unknown","unknown",112.50335240364075,"unknown","unknown",118.80233144760132,"",""
"c9285e4",-3029.6699142456055,"unknown",-3023.1749844551086,-3015.5679275989532,0.0,6.525960683822632,70.28340244293213,76.62874698638916,79.44722747802734,85.76609444618225,96.4170777797699,102.34538722038269,"unknown",109.02829360961914,110.60983610153198,"unknown","","unknown","unknown","unknown","","unknown","unknown","unknown",116.07281637191772,"unknown","unknown",123.1029462814331,"",""
"bd4b2f4",-120.39573454856873,"unknown",-64.80972695350647,-9.717613935470581,0.0,26.38533854484558,33.47568726539612,41.43566012382507,75.67013001441956,81.90157151222229,86.87563753128052,93.79463815689087,"unknown",99.60762739181519,101.55548238754272,"unknown","","unknown","unknown","unknown","","unknown","unknown","unknown",108.34265232086182,"unknown","unknown",113.64941334724426,"",""
"bd650e8","","","","","","","","","","","","","","","","","","","","","","","","","","","","","",""
"b81bc6e","","","","","","","","","","","","","","","","","","","","","","","","","","","","","",""
"0ff20c2",-13554.981057405472,"unknown",-13547.725030899048,-13540.54351401329,0.0,7.487047910690308,9.814595460891724,15.231330871582031,55.268348932266235,62.52756428718567,70.34418654441833,75.71734023094177,"unknown",82.52892470359802,85.41961073875427,"unknown","","unknown","unknown","unknown","","unknown","unknown","unknown",91.15131711959839,"unknown","unknown",98.14651656150818,"",""
"b0e3caa","","","","","","","","","","","","","","","","","","","","","","","","","","","","","",""
"45f7f6c","","","","","","","","","","","","","","","","","","","","","","","","","","","","","",""
"1df700a","","","","","","","","","","","","","","","","","","","","","","","","","","","","","",""
"d3a396c",-759.5511119365692,"unknown",-753.6764404773712,-746.5274806022644,0.0,6.470259666442871,9.087164402008057,16.420750856399536,25.57907509803772,32.66737914085388,36.84147334098816,43.47991752624512,"unknown",49.06534790992737,50.917001724243164,"unknown","","unknown","unknown","unknown","","unknown","unknown","unknown",58.0822012424469,"unknown","unknown",65.24009776115417,"",""
"79b129c",-553875.0607886314,"unknown",-553861.8289666176,-553855.8496417999,0.0,7.069995164871216,9.809256076812744,15.75505781173706,94.08786535263062,100.65603828430176,112.2138409614563,119.47068619728088,"unknown",125.86787366867065,127.4750804901123,"unknown","","unknown","unknown","unknown","","unknown","unknown","unknown",133.95894360542297,"unknown","unknown",140.31036233901978,"",""
"d85b5c4",-21.804698944091797,"unknown",-16.325496196746826,-9.966929197311401,0.0,5.932190656661987,7.8692615032196045,14.777653932571411,32.28529620170593,38.75794577598572,44.20838284492493,50.55372929573059,"unknown",56.5965633392334,57.95372676849365,"unknown","","unknown","unknown","unknown","","unknown","unknown","unknown",63.67223381996155,"unknown","unknown",70.09936475753784,"",""
"43b56f8","","","","","","","","","","","","","","","","","","","","","","","","","","","","","",""
"3ecbabb","","","","","","","","","","","","","","","","","","","","","","","","","","","","","",""
"c9c92b5","","","","","","","","","","","","","","","","","","","","","","","","","","","","","",""
"f9b9236",-12979.426086902618,"unknown",-12972.853683948517,-12965.894995212555,0.0,5.849689483642578,11.605876207351685,17.911099195480347,34.12564539909363,39.99504113197327,58.48229122161865,65.7133560180664,"unknown",71.43901753425598,74.18409562110901,"unknown","","unknown","unknown","unknown","","unknown","unknown","unknown",81.31323409080505,"unknown","unknown",87.60097122192383,"",""
"4a0236d","","","","","","","","","","","","","","","","","","","","","","","","","","","","","",""
"b7a265d","","","","","","","","","","","","","","","","","","","","","","","","","","","","","",""
"912afde","","","","","","","","","","","","","","","","","","","","","","","","","","","","","",""
"c97639e","","","","","","","","","","","","","","","","","","","","","","","","","","","","","",""
"af72486",-42300.092069625854,"unknown",-42292.965369939804,-42286.87035512924,0.0,6.482187986373901,9.28958535194397,16.273109436035156,33.81961393356323,40.48012900352478,44.86231708526611,51.50981831550598,"unknown",58.52948021888733,60.31592893600464,"unknown","","unknown","unknown","unknown","","unknown","unknown","unknown",67.44762587547302,"unknown","unknown",72.95651745796204,"",""
"e2517d9","","","","","","","","","","","","","","","","","","","","","","","","","","","","","",""
"1e88a68","","","","","","","","","","","","","","","","","","","","","","","","","","","","","",""
"9d97673","","","","","","","","","","","","","","","","","","","","","","","","","","","","","",""
"aa07d95",-21939.84244275093,"unknown",-21933.772567987442,-21927.592401742935,0.0,6.688523054122925,8.220166206359863,14.272342205047607,48.10821199417114,53.87939429283142,57.68405747413635,63.663384437561035,"unknown",70.1625247001648,73.14156699180603,"unknown","","unknown","unknown","unknown","","unknown","unknown","unknown",78.84464740753174,"unknown","unknown",85.64610981941223,"",""
"d27b032","","","","","","","","","","","","","","","","","","","","","","","","","","","","","",""
"38c4951","","","","","","","","","","","","","","","","","","","","","","","","","","","","","",""
"13dba9e","","","","","","","","","","","","","","","","","","","","","","","","","","","","","",""
"e6d310e",-7840.775049448013,"unknown",-7835.15225148201,-7828.371876478195,0.0,6.112581729888916,14.653197526931763,20.98628830909729,61.33967685699463,67.49613881111145,72.73697304725647,78.66416549682617,"unknown",84.73801589012146,87.30186748504639,"unknown","","unknown","unknown","unknown","","unknown","unknown","unknown",92.71885895729065,"unknown","unknown",99.50409865379333,"",""
"8c74aa5",-15827.099463224411,"unknown",-15819.881651878357,-15814.449265480042,0.0,7.262920141220093,8.909558296203613,14.601439714431763,36.03775334358215,43.37863850593567,47.44838094711304,52.8073251247406,"unknown",58.396231174468994,59.601882457733154,"unknown","","unknown","unknown","unknown","","unknown","unknown","unknown",66.61274695396423,"unknown","unknown",73.62581157684326,"",""
"679fa36","","","","","","","","","","","","","","","","","","","","","","","","","","","","","",""
"b164bf7","","","","","","","","","","","","","","","","","","","","","","","","","","","","","",""
"7e62763","","","","","","","","","","","","","","","","","","","","","","","","","","","","","",""
"c7a7d85",-310.05048060417175,"unknown",-303.27865266799927,-296.2632863521576,0.0,6.528972864151001,13.365089178085327,18.81855845451355,44.505743980407715,58.63127422332764,79.17874455451965,85.5501856803894,"unknown",91.57509779930115,105.5859432220459,"unknown","","unknown","unknown","unknown","","unknown","unknown","unknown",120.71680879592896,"unknown","unknown",126.030996799469,"",""
"3b7f267","","","","","","","","","","","","","","","","","","","","","","","","","","","","","",""
"fa1efad","","","","","","","","","","","","","","","","","","","","","","","","","","","","","",""
"ae58bf1",-21354.036927700043,"unknown",-21348.55023956299,-21343.1672604084,0.0,5.585177659988403,8.490265130996704,14.064430713653564,37.52617883682251,44.235413551330566,50.11971402168274,56.71142077445984,"unknown",62.91259145736694,65.8303816318512,"unknown","","unknown","unknown","unknown","","unknown","unknown","unknown",71.43891167640686,"unknown","unknown",78.047611951828,"",""
"492238f","","","","","","","","","","","","","","","","","","","","","","","","","","","","","",""
"43c977d",-217376.73721194267,"unknown",-217370.5310268402,-217363.62414622307,0.0,5.400927543640137,11.392319440841675,16.624114751815796,70.59815454483032,76.20381951332092,83.3993272781372,89.8596842288971,"unknown",96.48416185379028,142657.8542573452,"unknown","","unknown","unknown","unknown","","unknown","unknown","unknown",142663.80365252495,"unknown","unknown",142669.68597340584,130683.499158144,""
"4eff6be","","","","","","","","","","","","","","","","","","","","","","","","","","","","","",""
"e1b193b",-8001.174120903015,"unknown",-7994.26750254631,-7987.33102107048,0.0,5.4593915939331055,62.824010372161865,70.03045964241028,76.4951286315918,82.77507638931274,116.96317267417908,128.80830454826355,"unknown",134.3859531879425,137.25704073905945,"unknown","","unknown","unknown","unknown","","unknown","unknown","unknown",143.83733820915222,"unknown","unknown",150.38250970840454,"",""
"1415cd3","","","","","","","","","","","","","","","","","","","","","","","","","","","","","",""
"2953e33","","","","","","","","","","","","","","","","","","","","","","","","","","","","","",""
"a540012","","","","","","","","","","","","","","","","","","","","","","","","","","","","","",""
"dd88e0f","","","","","","","","","","","","","","","","","","","","","","","","","","","","","",""
"d135983","","","","","","","","","","","","","","","","","","","","","","","","","","","","","",""
"814517e",-9180.455738306046,"unknown",-9175.17391037941,-9168.184938430786,0.0,7.095183610916138,19.93140721321106,25.40765881538391,139.02833724021912,145.3713390827179,176.34140157699585,182.64545845985413,"unknown",188.0905704498291,192.342782497406,"unknown","","unknown","unknown","unknown","","unknown","unknown","unknown",198.2107117176056,"unknown","unknown",205.45608735084534,"",""
"53deb5c",-5964927.493299723,"unknown",-5964921.584469795,-5964915.163140774,0.0,5.506272315979004,12.159881353378296,17.625950574874878,61.88267707824707,69.18005228042603,75.27197504043579,82.44134616851807,"unknown",89.01132464408875,91.5743477344513,"unknown","","unknown","unknown","unknown","","unknown","unknown","unknown",97.72389674186707,"unknown","unknown",103.92085552215576,"",-346377.80427122116
"e4cf342","","","","","","","","","","","","","","","","","","","","","","","","","","","","","",""
"c1a9909","","","","","","","","","","","","","","","","","","","","","","","","","","","","","",""
"844ab34","","","","","","","","","","","","","","","","","","","","","","","","","","","","","",""
"fc2538d",-2024.987208366394,"unknown",-2018.3337271213531,-2011.2712051868439,0.0,6.521724462509155,21.695114612579346,27.374774932861328,38.30099296569824,44.21570181846619,71.856290102005,78.55899477005005,"unknown",84.61011385917664,2003.5873131752014,"unknown","","unknown","unknown","unknown","","unknown","unknown","unknown",2009.2029514312744,"unknown","unknown",2014.5962219238281,"",""
"4c228f6",-1498.9015707969666,"unknown",-1492.0037825107574,-1484.9516415596008,0.0,6.412414312362671,15.339309453964233,22.326261520385742,2933.6479666233063,2939.458405971527,2944.4760241508484,2950.6389100551605,"unknown",2957.5402858257294,2959.1517848968506,"unknown","","unknown","unknown","unknown","","unknown","unknown","unknown",2964.7918241024017,"unknown","unknown",2972.0338006019592,"",""
"747ce5f","","","","","","","","","","","","","","","","","","","","","","","","","","","","","",""
"6ab42f2","","","","","","","","","","","","","","","","","","","","","","","","","","","","","",""
"41f2447",-6437.569813251495,"unknown",-6432.297904729843,-6425.180762290955,0.0,6.252317667007446,10.296712875366211,16.41191864013672,31.175567865371704,38.41340684890747,50.55211019515991,56.221039056777954,"unknown",62.8949990272522,65.38501381874084,"unknown","","unknown","unknown","unknown","","unknown","unknown","unknown",71.46988153457642,"unknown","unknown",78.67940831184387,"",""
"5bf619a",-578425.0076293945,"unknown",-578418.3331642151,-578411.4144632816,0.0,6.099798202514648,12.519959211349487,19.35507082939148,77.58861684799194,84.1121392250061,93.11508584022522,99.4211630821228,"unknown",105.33214521408081,106.7011125087738,"unknown","","unknown","unknown","unknown","","unknown","unknown","unknown",112.7024986743927,"unknown","unknown",118.6678614616394,"",""
"a123713","","","","","","","","","","","","","","","","","","","","","","","","","","","","","",""
"4997357","","","","","","","","","","","","","","","","","","","","","","","","","","","","","",""
"5455b1d","","","","","","","","","","","","","","","","","","","","","","","","","","","","","",""
"f52861b","","","","","","","","","","","","","","","","","","","","","","","","","","","","","",""
"466a0ab","","","","","","","","","","","","","","","","","","","","","","","","","","","","","",""
"399b994","","","","","","","","","","","","","","","","","","","","","","","","","","","","","",""
"6568ea1",-1605.2553296089172,"unknown",-1598.2938914299011,-1591.373063325882,0.0,14.383338689804077,19.341177225112915,25.27385115623474,46.03462529182434,60.18807792663574,66.10357856750488,71.8957953453064,"unknown",78.04590773582458,79.29849052429199,"unknown","","unknown","unknown","unknown","","unknown","unknown","unknown",84.62475538253784,"unknown","unknown",90.28878426551819,"",""
"a839247","","","","","","","","","","","","","","","","","","","","","","","","","","","","","",""
"5d6ad7f",-376439.3833117485,"unknown",-376434.00388908386,-376428.65407276154,0.0,6.148138999938965,10.811344861984253,16.341222524642944,32.81379985809326,39.14733409881592,46.709932804107666,52.95101308822632,"unknown",59.746084451675415,62.8052442073822,"unknown","","unknown","unknown","unknown","","unknown","unknown","unknown",69.444087266922,"unknown","unknown",75.95266461372375,"",""
"528d0fe","","","","","","","","","","","","","","","","","","","","","","","","","","","","","",""
"900150c",-9708.142518281937,"unknown",-9701.105772733688,-9694.884674310684,0.0,6.00234842300415,10.539562702178955,16.8119056224823,52.964104413986206,59.11936402320862,68.20561623573303,73.83887362480164,"unknown",80.2288670539856,82.10379481315613,"unknown","","unknown","unknown","unknown","","unknown","unknown","unknown",88.26590418815613,"unknown","unknown",93.97826170921326,"",""
"924de30","","","","","","","","","","","","","","","","","","","","","","","","","","","","","",""
"d925650","","","","","","","","","","","","","","","","","","","","","","","","","","","","","",""
"37798a6","","","","","","","","","","","","","","","","","","","","","","","","","","","","","",""
"ff10184",-189371.87242269516,"unknown",-189365.44450330734,-189359.45220422745,0.0,7.180037260055542,17.01712203025818,24.026852130889893,74.83692598342896,81.08028388023376,133.52146124839783,139.6492509841919,"unknown",146.65217423439026,149.00535368919373,"unknown","","unknown","unknown","unknown","","unknown","unknown","unknown",154.63168287277222,"unknown","unknown",160.2373969554901,"",""
"cde7968",-1415.2616000175476,"unknown",-1408.656347990036,-1403.0379490852356,0.0,6.045433282852173,17.161520957946777,24.01986289024353,100.98370099067688,106.84484434127808,125.39992260932922,131.0344603061676,"unknown",138.15723991394043,141.8897888660431,"unknown","","unknown","unknown","unknown","","unknown","unknown","unknown",148.15810418128967,"unknown","unknown",154.17788314819336,"",""
"52d61f6",-8804.16420173645,"unknown",-8798.292422056198,-8792.4109416008,0.0,6.428664922714233,11.76957106590271,18.068243741989136,54.09073805809021,61.173102378845215,66.17271113395691,72.93930244445801,"unknown",78.61249494552612,80.43251013755798,"unknown","","unknown","unknown","unknown","","unknown","unknown","unknown",86.67596673965454,"unknown","unknown",93.32809925079346,"",""
"34d8485",-8982.419356822968,"unknown",-8975.18360209465,-8968.646129369736,0.0,5.7394773960113525,16.6873939037323,23.731212377548218,48.59213471412659,54.50136113166809,95.37159299850464,101.15226984024048,"unknown",108.01507449150085,126.05587315559387,"unknown","","unknown","unknown","unknown","","unknown","unknown","unknown",132.27833700180054,"unknown","unknown",138.31442999839783,"",""
"693ef79",-863.3465366363525,"unknown",-856.6067507266998,-849.4556269645691,0.0,5.626236915588379,11.35688042640686,17.401297092437744,52.32335162162781,57.96262168884277,65.13124084472656,71.17063760757446,"unknown",76.96652603149414,98.09883332252502,"unknown","","unknown","unknown","unknown","","unknown","unknown","unknown",105.3552565574646,"unknown","unknown",110.67830085754395,"",""
"0d5233e","","","","","","","","","","","","","","","","","","","","","","","","","","","","","",""
"f0a4194","","","","","","","","","","","","","","","","","","","","","","","","","","","","","",""
"11e5d50",-37160.582018613815,"unknown",-37153.193289518356,-37147.34175682068,0.0,5.277562141418457,3140.457731485367,3146.3665738105774,3159.1972720623016,3165.1134734153748,3173.1411588191986,3179.600958108902,"unknown",3185.40869474411,3187.454758167267,"unknown","","unknown","unknown","unknown","","unknown","unknown","unknown",3194.752165079117,"unknown","unknown",3201.194020986557,"",""
"047f2ca",-6002.590263366699,"unknown",-5996.87725520134,-5990.575500011444,0.0,7.194390535354614,11.066553354263306,17.31842064857483,18.79519557952881,25.373321533203125,32.176220417022705,37.83272838592529,"unknown",43.52920889854431,44.88664674758911,"unknown","","unknown","unknown","unknown","","unknown","unknown","unknown",50.61257266998291,"unknown","unknown",56.14792084693909,"",""
"02b634c","","","","","","","","","","","","","","","","","","","","","","","","","","","","","",""
"0f91d63",-4391.882853507996,"unknown",-4385.3005747795105,-4378.401041030884,0.0,5.355418920516968,7.66894006729126,14.163236141204834,15.981523275375366,21.400898218154907,41.149407148361206,48.036033630371094,"unknown",54.3207528591156,62.42445254325867,"unknown","","unknown","unknown","unknown","","unknown","unknown","unknown",69.27308583259583,"unknown","unknown",74.68728971481323,"",""
"87e086c","","","","","","","","","","","","","","","","","","","","","","","","","","","","","",""
"ece9ce7","","","","","","","","","","","","","","","","","","","","","","","","","","","","","",""
"a975113","","","","","","","","","","","","","","","","","","","","","","","","","","","","","",""
"59c79dc",-24319.33220100403,"unknown",-24313.29064321518,-24307.827813863754,0.0,7.505909204483032,11.698681831359863,18.361629724502563,56.31875801086426,61.610918283462524,73.16638517379761,79.52344918251038,"unknown",86.47966957092285,88.78192400932312,"unknown","","unknown","unknown","unknown","","unknown","unknown","unknown",94.64420318603516,"unknown","unknown",101.54597210884094,"",""
"dee5269",-11988.50876545906,"unknown",-11981.546593904495,-11975.449496507645,0.0,5.604256629943848,9.877729415893555,15.61009669303894,49.10562038421631,55.811155557632446,62.04183578491211,68.95103597640991,"unknown",74.59542512893677,78.34988713264465,"unknown","","unknown","unknown","unknown","","unknown","unknown","unknown",85.54941415786743,"unknown","unknown",92.31648826599121,"",""
"844fef2",-4214.363168478012,"unknown",-4208.553012371063,-4203.0212297439575,0.0,6.97298002243042,12.168684005737305,19.26285982131958,70.43521237373352,75.92028594017029,86.97877979278564,92.45427918434143,"unknown",99.05638217926025,100.80153822898865,"unknown","","unknown","unknown","unknown","","unknown","unknown","unknown",107.57591581344604,"unknown","unknown",113.32676768302917,"",""
"ef7d623","","","","","","","","","","","","","","","","","","","","","","","","","","","","","",""
"a54cf83","","","","","","","","","","","","","","","","","","","","","","","","","","","","","",""
"e98cdcd",-49.659184217453,"unknown",-44.03823661804199,-36.94974899291992,0.0,6.8707921504974365,16.571821212768555,22.52079701423645,98.60813045501709,104.64039945602417,165.57974076271057,172.1371259689331,"unknown",177.89984774589539,180.79141068458557,"unknown","","unknown","unknown","unknown","","unknown","unknown","unknown",186.51006627082825,"unknown","unknown",193.26566767692566,"",""
"a3ff1ab",-178801.70504379272,"unknown",-178795.19543671608,-178788.69067835808,0.0,6.477008581161499,40.679155588150024,47.82290577888489,111.6281087398529,118.52544021606445,158.78200674057007,164.5601646900177,"unknown",171.5095055103302,173.95542860031128,"unknown","","unknown","unknown","unknown","","unknown","unknown","unknown",180.9532332420349,"unknown","unknown",187.61734223365784,"",""
"33bcee6",-98863.69785404205,"unknown",-98857.67945361137,-98851.7913081646,0.0,7.192603588104248,14.647100925445557,21.605032444000244,46.685962200164795,53.85732913017273,65.00757908821106,70.80718803405762,"unknown",77.82487845420837,79.55177283287048,"unknown","","unknown","unknown","unknown","","unknown","unknown","unknown",86.65002107620239,"unknown","unknown",92.49117541313171,"",""
"c494a29",-8572.078650712967,"unknown",-8565.662995815277,-8559.839313745499,0.0,6.924395799636841,8.004606008529663,14.169550895690918,15.717695713043213,22.754984140396118,68.95315885543823,75.39915466308594,"unknown",82.48123264312744,84.40575337409973,"unknown","","unknown","unknown","unknown","","unknown","unknown","unknown",91.54786515235901,"unknown","unknown",98.04403614997864,"",""
"aa68b7a","","","","","","","","","","","","","","","","","","","","","","","","","","","","","",""
"92db041","","","","","","","","","","","","","","","","","","","","","","","","","","","","","",""
"b921637","","","","","","","","","","","","","","","","","","","","","","","","","","","","","",""
"0fa3c49","","","","","","","","","","","","","","","","","","","","","","","","","","","","","",""
"cb28371","","","","","","","","","","","","","","","","","","","","","","","","","","","","","",""
"a664235","","","","","","","","","","","","","","","","","","","","","","","","","","","","","",""
"81f41fd",-14.987996816635132,"unknown",-9.40280270576477,-3.4359238147735596,0.0,6.739431381225586,13.456289052963257,19.715937852859497,35.36561918258667,41.15270256996155,42.83333492279053,50.1745285987854,"unknown",56.88576579093933,60.12275004386902,"unknown","","unknown","unknown","unknown","","unknown","unknown","unknown",65.59659433364868,"unknown","unknown",71.76203203201294,"",""
"f38953f","","","","","","","","","","","","","","","","","","","","","","","","","","","","","",""
"6801018","","","","","","","","","","","","","","","","","","","","","","","","","","","","","",""
"ac3a94c","","","","","","","","","","","","","","","","","","","","","","","","","","","","","",""
"eccfff0","","","","","","","","","","","","","","","","","","","","","","","","","","","","","",""
"49f21e0","","","","","","","","","","","","","","","","","","","","","","","","","","","","","",""
"02ed09a","","","","","","","","","","","","","","","","","","","","","","","","","","","","","",""
"37b9a9f",-112378.76318645477,"unknown",-112373.23992013931,-112367.56798934937,0.0,6.763904333114624,10.576385259628296,17.674580335617065,151.44428515434265,157.08737063407898,211.80359148979187,218.7973611354828,"unknown",224.746319770813,226.7733452320099,"unknown","","unknown","unknown","unknown","","unknown","unknown","unknown",232.085107088089,"unknown","unknown",237.76280212402344,"",""
"3c0c7c1","","","","","","","","","","","","","","","","","","","","","","","","","","","","","",""
"89f6d9e",-48664.4093375206,"unknown",-48657.731845378876,-48652.39872598648,0.0,5.605501174926758,13.451277732849121,18.82169270515442,22.073710680007935,29.25142192840576,54.13169193267822,61.01505422592163,"unknown",67.90482115745544,69.91122937202454,"unknown","","unknown","unknown","unknown","","unknown","unknown","unknown",76.80456686019897,"unknown","unknown",82.93270373344421,"",""
"39dc9b8","","","","","","","","","","","","","","","","","","","","","","","","","","","","","",""
"56bae3a","","","","","","","","","","","","","","","","","","","","","","","","","","","","","",""
"28ec805","","","","","","","","","","","","","","","","","","","","","","","","","","","","","",""
"4c8a5bc","","","","","","","","","","","","","","","","","","","","","","","","","","","","","",""
"48179d1","","","","","","","","","","","","","","","","","","","","","","","","","","","","","",""
"e845b6b","","","","","","","","","","","","","","","","","","","","","","","","","","","","","",""
"619e952",-212064.66116809845,"unknown",-212058.02069830894,-212052.50077533722,0.0,5.576266050338745,9.721649408340454,16.717772960662842,39.25308299064636,46.51861572265625,50.5741765499115,57.504756689071655,"unknown",64.73268747329712,66.15236282348633,"unknown","","unknown","unknown","unknown","","unknown","unknown","unknown",71.86066031455994,"unknown","unknown",77.71621060371399,"",""
"0fd9ca7","","","","","","","","","","","","","","","","","","","","","","","","","","","","","",""
"ff125d4","","","","","","","","","","","","","","","","","","","","","","","","","","","","","",""
"0dc7823","","","","","","","","","","","","","","","","","","","","","","","","","","","","","",""
"64155b9","","","","","","","","","","","","","","","","","","","","","","","","","","","","","",""
"9cfbb83","","","","","","","","","","","","","","","","","","","","","","","","","","","","","",""
"f6ffd76","","","","","","","","","","","","","","","","","","","","","","","","","","","","","",""
"57b0697","","","","","","","","","","","","","","","","","","","","","","","","","","","","","",""
"1c202a8","","","","","","","","","","","","","","","","","","","","","","","","","","","","","",""
"3e625ac","","","","","","","","","","","","","","","","","","","","","","","","","","","","","",""
"6b36bf5",-947750.6245276928,"unknown",-947743.4856181145,-947737.3579778671,0.0,6.523175477981567,9.29969573020935,15.458145380020142,51.432843923568726,57.61217021942139,61.762972831726074,68.68249320983887,"unknown",74.77989172935486,80.1531355381012,"unknown","","unknown","unknown","unknown","","unknown","unknown","unknown",87.40360426902771,"unknown","unknown",93.73730516433716,"",""
"99775ba",-722.607171535492,"unknown",-716.1297144889832,-709.6235346794128,0.0,7.474043130874634,16.46895956993103,23.679741859436035,37.72404456138611,43.3711051940918,55.89329552650452,61.986145973205566,"unknown",68.20488953590393,69.7938985824585,"unknown","","unknown","unknown","unknown","","unknown","unknown","unknown",75.21406149864197,"unknown","unknown",81.2256064414978,"",""
"152aa4d",-6569.285707473755,"unknown",-6563.891985654831,-6556.582337379456,0.0,6.513738632202148,13.018606185913086,19.13977360725403,68.97977113723755,75.49507117271423,80.11232805252075,87.35332345962524,"unknown",93.14856386184692,95.65284776687622,"unknown","","unknown","unknown","unknown","","unknown","unknown","unknown",101.46775150299072,"unknown","unknown",108.75699520111084,"",""
"ced331f","","","","","","","","","","","","","","","","","","","","","","","","","","","","","",""
"1d235c1","","","","","","","","","","","","","","","","","","","","","","","","","","","","","",""
"e6de912",-11509.911282539368,"unknown",-11503.220434427261,-11496.239789962769,0.0,6.700243711471558,9.482301235198975,16.478612184524536,96420.95005702972,96427.10758519173,96434.79093289375,96441.85669612885,"unknown",96447.77390885353,96449.76963376999,"unknown","","unknown","unknown","unknown","","unknown","unknown","unknown",96455.76307034492,"unknown","unknown",96462.2811396122,"",""
"76bbc0d",-111547.5927901268,"unknown",-111541.84481048584,-111536.18600797653,0.0,5.625915288925171,8.03860330581665,14.425268650054932,37.32089900970459,44.436137437820435,48.72720956802368,56.00824308395386,"unknown",61.50550627708435,62.60206890106201,"unknown","","unknown","unknown","unknown","","unknown","unknown","unknown",67.90142798423767,"unknown","unknown",73.33153486251831,"",""
"36b4ec5",-222081.65873932838,"unknown",-222075.28884243965,-222068.01598477364,0.0,5.529254913330078,7.9641406536102295,13.419660091400146,24.721983909606934,30.488885402679443,48.03459143638611,54.915326833724976,"unknown",60.30189490318298,61.839187145233154,"unknown","","unknown","unknown","unknown","","unknown","unknown","unknown",68.50052618980408,"unknown","unknown",73.98908042907715,"",""
"7de2a3d","","","","","","","","","","","","","","","","","","","","","","","","","","","","","",""
"dbe3880","","","","","","","","","","","","","","","","","","","","","","","","","","","","","",""
"877fb69",-756.8652143478394,"unknown",-750.6957128047943,-744.5028648376465,0.0,5.663422584533691,58.38875389099121,65.1269919872284,87.21447801589966,93.14628744125366,97.39925289154053,104.24705028533936,"unknown",110.48089051246643,113.18961215019226,"unknown","","unknown","unknown","unknown","","unknown","unknown","unknown",119.22110486030579,"unknown","unknown",125.19462895393372,"",""
"c17e360","","","","","","","","","","","","","","","","","","","","","","","","","","","","","",""
"51be121","","","","","","","","","","","","","","","","","","","","","","","","","","","","","",""
"e9e1409","","","","","","","","","","","","","","","","","","","","","","","","","","","","","",""
"051761f","","","","","","","","","","","","","","","","","","","","","","","","","","","","","",""
"1c627cb","","","","","","","","","","","","","","","","","","","","","","","","","","","","","",""
"5177026","","","","","","","","","","","","","","","","","","","","","","","","","","","","","",""
"db0051d","","","","","","","","","","","","","","","","","","","","","","","","","","","","","",""
"9e9a81e","","","","","","","","","","","","","","","","","","","","","","","","","","","","","",""
"6289e6c","","","","","","","","","","","","","","","","","","","","","","","","","","","","","",""
"a9b4533","","","","","","","","","","","","","","","","","","","","","","","","","","","","","",""
"1db8420","","","","","","","","","","","","","","","","","","","","","","","","","","","","","",""
"8a1ecd0","","","","","","","","","","","","","","","","","","","","","","","","","","","","","",""
"8fd863f","","","","","","","","","","","","","","","","","","","","","","","","","","","","","",""
"644830a","","","","","","","","","","","","","","","","","","","","","","","","","","","","","",""
"5dbecee","","","","","","","","","","","","","","","","","","","","","","","","","","","","","",""
"86c5f35","","","","","","","","","","","","","","","","","","","","","","","","","","","","","",""
"4c072d3","","","","","","","","","","","","","","","","","","","","","","","","","","","","","",""
"89bbcd3","","","","","","","","","","","","","","","","","","","","","","","","","","","","","",""
"aa9ac00","","","","","","","","","","","","","","","","","","","","","","","","","","","","","",""
"9a1b5fa","","","","","","","","","","","","","","","","","","","","","","","","","","","","","",""
"d003724","","","","","","","","","","","","","","","","","","","","","","","","","","","","","",""
"3a03bea","","","","","","","","","","","","","","","","","","","","","","","","","","","","","",""
"e427669","","","","","","","","","","","","","","","","","","","","","","","","","","","","","",""
"12dfda3","","","","","","","","","","","","","","","","","","","","","","","","","","","","","",""
"3226bb3","","","","","","","","","","","","","","","","","","","","","","","","","","","","","",""
"9f4d288","","","","","","","","","","","","","","","","","","","","","","","","","","","","","",""
"35adcf1","","","","","","","","","","","","","","","","","","","","","","","","","","","","","",""
"b2621a2",-13.960437297821045,"unknown",-8.329379081726074,-2.8399581909179688,0.0,7.160961627960205,9.001750946044922,15.1656813621521,31.884302377700806,37.915918827056885,41.507702112197876,47.06252455711365,"unknown",52.87233376502991,55.07654404640198,"unknown","","unknown","unknown","unknown","","unknown","unknown","unknown",61.39623832702637,"unknown","unknown",68.47948169708252,"",""
"6099d06",-630.995680809021,"unknown",-625.1809115409851,-618.3170881271362,0.0,5.945549964904785,50.414265394210815,57.51409912109375,78.37922501564026,85.55345487594604,99.77237868309021,105.75157713890076,"unknown",112.32977652549744,115.88114047050476,"unknown","","unknown","unknown","unknown","","unknown","unknown","unknown",121.59138655662537,"unknown","unknown",127.26471853256226,"",""
"d91bf84","unknown","unknown","unknown","unknown",0.0,"unknown",61790.0344350338,"unknown",61891.6034553051,"unknown",61908.32888674736,"unknown","unknown","unknown",61923.42848563194,"unknown","","unknown","unknown","unknown","","unknown","unknown","unknown","unknown","unknown","unknown","unknown","",""
"c3db77a","","","","","","","","","","","","","","","","","","","","","","","","","","","","","",""
"db7d9c3","unknown","unknown","unknown","unknown",0.0,"unknown",94.10937833786011,"unknown",112.21270442008972,"unknown",121.77243113517761,"unknown","unknown","unknown",137.3205282688141,"unknown","","unknown","unknown","unknown","","unknown","unknown","unknown","unknown","unknown","unknown","unknown","",""
"7d9c3_1","unknown","unknown","unknown","unknown",0.0,"unknown",94.10937833786011,"unknown",112.21270442008972,"unknown",121.77243113517761,"unknown","unknown","unknown",137.3205282688141,"unknown","","unknown","unknown","unknown","","unknown","unknown","unknown","unknown","unknown","unknown","unknown","",""
"804c32f","","","","","","","","","","","","","","","","","","","","","","","","","","","","","",""
