"","1","recurso","1b","2","cont","3","cont_1","4","dilema","5","yo_1","6A_yo","6B_yo","6C_yo","7_yo","v_yo_1","8_yo","yo_2","9A_yo","9B_yo","9C_yo","10_yo","v_yo_2","11_yo","12A_yo","12B_yo","12C_yo","13_yo_1","13_yo_2","13_yo_3","5_otro","otro_1","6A_otro","6B_otro","6C_otro","7_otro","v_otro_1","8_otro","otro_2","9A_otro","9B_otro","9C_otro","10_otro","v_otro_2","11_otro","12A_otro","12B_otro","12C_otro","13_otro_1","13_otro_2","13_otro_3","14"
"518e9b8",-3945.5060353279114,-3939.6912894248962,-3932.9880821704865,-3926.6637449264526,0.0,7.068325042724609,80.19108629226685,89.06531548500061,102.95377349853516,109.97573041915894,117.59090995788574,124.48879146575928,"unknown","unknown",130.2977433204651,133.03748106956482,"unknown","","unknown","unknown","unknown","unknown","","unknown","unknown","unknown","unknown",140.2810788154602,"","unknown",146.21824026107788,158.85274028778076,"unknown",164.231059551239,"unknown",171.28316044807434,172.98018836975098,"unknown","","unknown","unknown","unknown","unknown","","unknown","unknown","unknown","unknown",178.40441846847534,"unknown","unknown",184.94944643974304
"b5edd3c","","","","","","","","","","","","","","","","","","","","","","","","","","","","","","","","","","","","","","","","","","","","","","","","","","","",""
"374ecf8",-344.67489767074585,-338.8530330657959,-332.88420152664185,-326.1526725292206,0.0,6.77644419670105,10.584937334060669,17.622916221618652,55.205809354782104,61.05699825286865,68.12780332565308,"unknown",74.71954226493835,"unknown",81.04745054244995,82.8208875656128,"unknown","","unknown","unknown","unknown","unknown","","unknown","unknown","unknown","unknown",88.2496440410614,"","unknown",94.02956557273865,96.41425728797913,"unknown",102.30098581314087,"unknown",109.42992401123047,110.90554475784302,"unknown","","unknown","unknown","unknown","unknown","","unknown","unknown","unknown","unknown",118.21902441978455,"unknown","unknown",125.23233366012573
"89f120b","","","","","","","","","","","","","","","","","","","","","","","","","","","","","","","","","","","","","","","","","","","","","","","","","","","",""
"1883ca0",-4090.022998571396,-4083.5739097595215,-4076.3124675750732,-4069.2552382946014,0.0,6.0750343799591064,8.75336480140686,16.9630446434021,30.50672483444214,37.79613924026489,44.16912817955017,"unknown","unknown",50.50612783432007,57.049641370773315,62.980751037597656,"unknown","","unknown","unknown","unknown","unknown","","unknown","unknown","unknown","unknown",69.08088040351868,"","unknown",76.37278652191162,105.42868661880493,"unknown",110.92823457717896,"unknown",116.64604496955872,122.6601185798645,"unknown","","unknown","unknown","unknown","unknown","","unknown","unknown","unknown","unknown",129.63704562187195,"unknown","unknown",136.33808040618896
"8d2da97","","","","","","","","","","","","","","","","","","","","","","","","","","","","","","","","","","","","","","","","","","","","","","","","","","","",""
"2541155",-5873.083378314972,-5867.4655084609985,-5860.394473552704,-5854.961336612701,0.0,7.167435646057129,3740.1700196266174,3748.5457108020782,3785.9527802467346,3791.697557449341,3795.0103738307953,"unknown",3801.396691083908,"unknown",3808.56996011734,3812.1324672698975,"unknown","","unknown","unknown","unknown","unknown","","unknown","unknown","unknown","unknown",3817.343118906021,"","unknown",3824.0663619041443,3826.1912684440613,3832.9823141098022,"unknown","unknown",3840.1251418590546,3852.5806856155396,"unknown","","unknown","unknown","unknown","unknown","","unknown","unknown","unknown","unknown",3858.6815097332,"unknown","unknown",3865.547605276108
"ac6f3f6",-1393.9603424072266,-1388.6267251968384,-1382.3415043354034,-1375.954047203064,0.0,6.118645906448364,8.46473240852356,15.60308575630188,32.236907720565796,39.406838178634644,55.372594356536865,61.295395612716675,"unknown","unknown",67.15339422225952,68.91376256942749,"unknown","","unknown","unknown","unknown","unknown","","unknown","unknown","unknown","unknown",76.12425017356873,"","unknown",82.67824125289917,88.32200598716736,93.87880349159241,"unknown","unknown",99.73176836967468,101.64858961105347,"unknown","","unknown","unknown","unknown","unknown","","unknown","unknown","unknown","unknown",107.0406608581543,"unknown","unknown",113.60352301597595
"62447b9","","","","","","","","","","","","","","","","","","","","","","","","","","","","","","","","","","","","","","","","","","","","","","","","","","","",""
"20f3e2e",-6027.872074842453,-6020.861262559891,-6014.894064426422,-6008.449749946594,0.0,6.466021537780762,11.475292921066284,19.671313285827637,71.32778072357178,78.26900672912598,81.15690922737122,"unknown",87.8442018032074,"unknown",94.12571310997009,96.45016098022461,"unknown","","unknown","unknown","unknown","unknown","","unknown","unknown","unknown","unknown",102.97896265983582,"","unknown",108.5316653251648,114.10252380371094,"unknown",119.60870599746704,"unknown",126.35350680351257,127.85079073905945,133.3307921886444,140.8172252178192,146.02344012260437,"unknown","unknown",151.48201155662537,153.154235124588,"unknown","unknown","unknown","unknown","unknown",160.1888451576233,"unknown",166.23544836044312
"4e53c5c",-106997.07053422928,-106990.0300245285,-106984.76515579224,-106978.34889817238,0.0,7.348393678665161,13.660156011581421,21.280924797058105,47.16553354263306,54.414042472839355,69.72312378883362,"unknown","unknown",75.01463794708252,80.42359590530396,83.27697920799255,"unknown","","unknown","unknown","unknown","unknown","","unknown","unknown","unknown","unknown",90.15090298652649,"","unknown",97.30195546150208,99.55789136886597,"unknown",106.0682168006897,"unknown",112.63647890090942,114.31903219223022,"unknown","","unknown","unknown","unknown","unknown","","unknown","unknown","unknown","unknown",120.89799475669861,"unknown","unknown",126.329754114151
"ac6ecda","","","","","","","","","","","","","","","","","","","","","","","","","","","","","","","","","","","","","","","","","","","","","","","","","","","",""
"c899adb",-4142.231887340546,-4135.993493318558,-4130.15075469017,-4123.290043354034,0.0,5.663107395172119,7.2524940967559814,14.157843112945557,36.775232791900635,42.769752740859985,54.716362953186035,"unknown","unknown",61.50725984573364,68.25525164604187,70.03396320343018,"unknown","","unknown","unknown","unknown","unknown","","unknown","unknown","unknown","unknown",75.83366584777832,"","unknown",81.26477980613708,113.42387461662292,"unknown",119.11952090263367,"unknown",124.77023243904114,126.88007521629333,"unknown","","unknown","unknown","unknown","unknown","","unknown","unknown","unknown","unknown",133.04819631576538,"unknown","unknown",139.2392599582672
"b8ec123","","","","","","","","","","","","","","","","","","","","","","","","","","","","","","","","","","","","","","","","","","","","","","","","","","","",""
"07b298c","","","","","","","","","","","","","","","","","","","","","","","","","","","","","","","","","","","","","","","","","","","","","","","","","","","",""
"4c7f106","","","","","","","","","","","","","","","","","","","","","","","","","","","","","","","","","","","","","","","","","","","","","","","","","","","",""
"49db8c4",-19474.012632846832,-19467.319729328156,-19460.411340236664,-19454.973172187805,0.0,5.784429550170898,10.438529968261719,17.60649013519287,39.9919810295105,46.39792037010193,49.132732629776,"unknown","unknown",55.15049362182617,61.074881076812744,62.977099895477295,"unknown","","unknown","unknown","unknown","unknown","","unknown","unknown","unknown","unknown",70.06310081481934,"","unknown",76.69724440574646,85.7471776008606,"unknown",91.35329341888428,"unknown",97.70029807090759,105.9425528049469,"unknown","","unknown","unknown","unknown","unknown","","unknown","unknown","unknown","unknown",112.74141263961792,"unknown","unknown",118.390695810318
"ea8c0d6",-305461.0398697853,-305454.8067984581,-305449.0954301357,-305442.2413635254,0.0,6.219707489013672,9.659483909606934,18.35340666770935,42.87486219406128,50.17773199081421,88.40385460853577,"unknown",94.78021144866943,"unknown",101.07095432281494,104.97158741950989,"unknown","","unknown","unknown","unknown","unknown","","unknown","unknown","unknown","unknown",111.36571335792542,"","unknown",116.86247038841248,125.7109112739563,"unknown","unknown",131.3892571926117,137.41705584526062,140.42966270446777,"unknown","","unknown","unknown","unknown","unknown","","unknown","unknown","unknown","unknown",146.01175594329834,"unknown","unknown",153.03436970710754
"527d11d","","","","","","","","","","","","","","","","","","","","","","","","","","","","","","","","","","","","","","","","","","","","","","","","","","","",""
"7cf831f",-3378.949098587036,-3372.713235139847,-3366.923269510269,-3361.0245621204376,0.0,6.800642251968384,37.91376996040344,44.69459080696106,68.01364231109619,75.17867469787598,91.17198181152344,"unknown",96.72120118141174,"unknown",103.06019711494446,107.80455040931702,"unknown","","unknown","unknown","unknown","unknown","","unknown","unknown","unknown","unknown",114.92706632614136,"","unknown",122.06225824356079,135.06155395507812,141.91975927352905,"unknown","unknown",147.94701218605042,1992.2298166751862,"unknown","","unknown","unknown","unknown","unknown","","unknown","unknown","unknown","unknown",1998.0724110603333,"unknown","unknown",2004.5970375537872
"41f497c","","","","","","","","","","","","","","","","","","","","","","","","","","","","","","","","","","","","","","","","","","","","","","","","","","","",""
"8d5112a","","","","","","","","","","","","","","","","","","","","","","","","","","","","","","","","","","","","","","","","","","","","","","","","","","","",""
"f496964","","","","","","","","","","","","","","","","","","","","","","","","","","","","","","","","","","","","","","","","","","","","","","","","","","","",""
"68c3192","","","","","","","","","","","","","","","","","","","","","","","","","","","","","","","","","","","","","","","","","","","","","","","","","","","",""
"eb77de6","","","","","","","","","","","","","","","","","","","","","","","","","","","","","","","","","","","","","","","","","","","","","","","","","","","",""
"1288ac2","","","","","","","","","","","","","","","","","","","","","","","","","","","","","","","","","","","","","","","","","","","","","","","","","","","",""
"8ce483d","","","","","","","","","","","","","","","","","","","","","","","","","","","","","","","","","","","","","","","","","","","","","","","","","","","",""
"79868cd",-3945.5149643421173,-3939.677357196808,-3933.3265862464905,-3926.626442670822,0.0,6.211531639099121,9.182735204696655,16.54943037033081,434.1583049297333,439.9651429653168,462.93126463890076,"unknown","unknown",469.67461252212524,476.4321303367615,477.77950263023376,"unknown","","unknown","unknown","unknown","unknown","","unknown","unknown","unknown","unknown",484.0182032585144,"","unknown",489.7641136646271,524.6334331035614,"unknown","unknown",531.4619507789612,537.6433730125427,751.5699751377106,"unknown","","unknown","unknown","unknown","unknown","","unknown","unknown","unknown","unknown",757.3927483558655,"unknown","unknown",762.634360074997
"56ee475","","","","","","","","","","","","","","","","","","","","","","","","","","","","","","","","","","","","","","","","","","","","","","","","","","","",""
"916c172","","","","","","","","","","","","","","","","","","","","","","","","","","","","","","","","","","","","","","","","","","","","","","","","","","","",""
"d9696dd","","","","","","","","","","","","","","","","","","","","","","","","","","","","","","","","","","","","","","","","","","","","","","","","","","","",""
"eff7ebe","","","","","","","","","","","","","","","","","","","","","","","","","","","","","","","","","","","","","","","","","","","","","","","","","","","",""
"5d4fcbe","","","","","","","","","","","","","","","","","","","","","","","","","","","","","","","","","","","","","","","","","","","","","","","","","","","",""
"965ec7c","","","","","","","","","","","","","","","","","","","","","","","","","","","","","","","","","","","","","","","","","","","","","","","","","","","",""
"170bd80","","","","","","","","","","","","","","","","","","","","","","","","","","","","","","","","","","","","","","","","","","","","","","","","","","","",""
"e2738b5","","","","","","","","","","","","","","","","","","","","","","","","","","","","","","","","","","","","","","","","","","","","","","","","","","","",""
"7a54533","","","","","","","","","","","","","","","","","","","","","","","","","","","","","","","","","","","","","","","","","","","","","","","","","","","",""
"d874e84","","","","","","","","","","","","","","","","","","","","","","","","","","","","","","","","","","","","","","","","","","","","","","","","","","","",""
"65b2a4c","","","","","","","","","","","","","","","","","","","","","","","","","","","","","","","","","","","","","","","","","","","","","","","","","","","",""
"c28b1a9","","","","","","","","","","","","","","","","","","","","","","","","","","","","","","","","","","","","","","","","","","","","","","","","","","","",""
"402df77","","","","","","","","","","","","","","","","","","","","","","","","","","","","","","","","","","","","","","","","","","","","","","","","","","","",""
"7384692","","","","","","","","","","","","","","","","","","","","","","","","","","","","","","","","","","","","","","","","","","","","","","","","","","","",""
"90ccafb","","","","","","","","","","","","","","","","","","","","","","","","","","","","","","","","","","","","","","","","","","","","","","","","","","","",""
"0327530","","","","","","","","","","","","","","","","","","","","","","","","","","","","","","","","","","","","","","","","","","","","","","","","","","","",""
"47dcadc","","","","","","","","","","","","","","","","","","","","","","","","","","","","","","","","","","","","","","","","","","","","","","","","","","","",""
"233ee90","","","","","","","","","","","","","","","","","","","","","","","","","","","","","","","","","","","","","","","","","","","","","","","","","","","",""
"db844b1","","","","","","","","","","","","","","","","","","","","","","","","","","","","","","","","","","","","","","","","","","","","","","","","","","","",""
"e4c0f9c","","","","","","","","","","","","","","","","","","","","","","","","","","","","","","","","","","","","","","","","","","","","","","","","","","","",""
"fd01af9","","","","","","","","","","","","","","","","","","","","","","","","","","","","","","","","","","","","","","","","","","","","","","","","","","","",""
"77a5d2f","","","","","","","","","","","","","","","","","","","","","","","","","","","","","","","","","","","","","","","","","","","","","","","","","","","",""
"b92dee2","","","","","","","","","","","","","","","","","","","","","","","","","","","","","","","","","","","","","","","","","","","","","","","","","","","",""
"50ec1c5","","","","","","","","","","","","","","","","","","","","","","","","","","","","","","","","","","","","","","","","","","","","","","","","","","","",""
"11892fd","","","","","","","","","","","","","","","","","","","","","","","","","","","","","","","","","","","","","","","","","","","","","","","","","","","",""
"e65bef7","","","","","","","","","","","","","","","","","","","","","","","","","","","","","","","","","","","","","","","","","","","","","","","","","","","",""
"e5bb5fe","","","","","","","","","","","","","","","","","","","","","","","","","","","","","","","","","","","","","","","","","","","","","","","","","","","",""
"5ba2fe6","","","","","","","","","","","","","","","","","","","","","","","","","","","","","","","","","","","","","","","","","","","","","","","","","","","",""
"fcf59af","","","","","","","","","","","","","","","","","","","","","","","","","","","","","","","","","","","","","","","","","","","","","","","","","","","",""
"c94e42e",-2112.4953649044037,-2106.744549512863,-2101.32066822052,-2095.125154733658,0.0,6.309168815612793,9.298776388168335,17.74677062034607,30.870620250701904,37.904990911483765,40.348390340805054,"unknown","unknown",47.22773241996765,53.835458755493164,56.080089807510376,"unknown","","unknown","unknown","unknown","unknown","","unknown","unknown","unknown","unknown",62.87956953048706,"","unknown",69.7294008731842,72.6583411693573,"unknown","unknown",78.20967745780945,83.42919111251831,85.88189554214478,"unknown","","unknown","unknown","unknown","unknown","","unknown","unknown","unknown","unknown",91.4624605178833,"unknown","unknown",97.57711744308472
"ee4b6cd","","","","","","","","","","","","","","","","","","","","","","","","","","","","","","","","","","","","","","","","","","","","","","","","","","","",""
"f2291ba","","","","","","","","","","","","","","","","","","","","","","","","","","","","","","","","","","","","","","","","","","","","","","","","","","","",""
"fb6ca94","","","","","","","","","","","","","","","","","","","","","","","","","","","","","","","","","","","","","","","","","","","","","","","","","","","",""
"5a20153","","","","","","","","","","","","","","","","","","","","","","","","","","","","","","","","","","","","","","","","","","","","","","","","","","","",""
"516417f","","","","","","","","","","","","","","","","","","","","","","","","","","","","","","","","","","","","","","","","","","","","","","","","","","","",""
"7a0eabe","","","","","","","","","","","","","","","","","","","","","","","","","","","","","","","","","","","","","","","","","","","","","","","","","","","",""
"7b65802","","","","","","","","","","","","","","","","","","","","","","","","","","","","","","","","","","","","","","","","","","","","","","","","","","","",""
"2949a28","","","","","","","","","","","","","","","","","","","","","","","","","","","","","","","","","","","","","","","","","","","","","","","","","","","",""
"5e09b84","","","","","","","","","","","","","","","","","","","","","","","","","","","","","","","","","","","","","","","","","","","","","","","","","","","",""
"7da3821","","","","","","","","","","","","","","","","","","","","","","","","","","","","","","","","","","","","","","","","","","","","","","","","","","","",""
"2f5762a",-27276.340529203415,-27270.76557326317,-27264.96514582634,-27259.17773079872,0.0,7.489300727844238,10.991731405258179,18.262104272842407,31.462201356887817,39.188257932662964,49.904865980148315,"unknown",56.6582088470459,"unknown",62.75383973121643,65.43600678443909,"unknown","","unknown","unknown","unknown","unknown","","unknown","unknown","unknown","unknown",71.32577991485596,"","unknown",78.4130790233612,81.43385171890259,"unknown","unknown",86.9618992805481,93.06629824638367,95.76650285720825,"unknown","","unknown","unknown","unknown","unknown","","unknown","unknown","unknown","unknown",102.46185731887817,"unknown","unknown",108.67178153991699
"50a0fdd","","","","","","","","","","","","","","","","","","","","","","","","","","","","","","","","","","","","","","","","","","","","","","","","","","","",""
"b7cec81","","","","","","","","","","","","","","","","","","","","","","","","","","","","","","","","","","","","","","","","","","","","","","","","","","","",""
"bf983ba","","","","","","","","","","","","","","","","","","","","","","","","","","","","","","","","","","","","","","","","","","","","","","","","","","","",""
"a80b75d","","","","","","","","","","","","","","","","","","","","","","","","","","","","","","","","","","","","","","","","","","","","","","","","","","","",""
"b53b559","","","","","","","","","","","","","","","","","","","","","","","","","","","","","","","","","","","","","","","","","","","","","","","","","","","",""
"4a92bfd","","","","","","","","","","","","","","","","","","","","","","","","","","","","","","","","","","","","","","","","","","","","","","","","","","","",""
"90434eb","","","","","","","","","","","","","","","","","","","","","","","","","","","","","","","","","","","","","","","","","","","","","","","","","","","",""
"37674f9","","","","","","","","","","","","","","","","","","","","","","","","","","","","","","","","","","","","","","","","","","","","","","","","","","","",""
"0dc300b","","","","","","","","","","","","","","","","","","","","","","","","","","","","","","","","","","","","","","","","","","","","","","","","","","","",""
"1800004","","","","","","","","","","","","","","","","","","","","","","","","","","","","","","","","","","","","","","","","","","","","","","","","","","","",""
"7b3c431",-2386.822060585022,-2380.3864958286285,-2374.041431427002,-2367.0091886520386,0.0,6.073164224624634,662.3558142185211,669.2332000732422,252617.33904218674,252623.48072195053,252637.21208906174,"unknown","unknown",252643.52937960625,252649.93938469887,252776.09673690796,"unknown","","unknown","unknown","unknown","unknown","","unknown","unknown","unknown","unknown",252782.2511138916,"","unknown",252788.96724128723,252882.16361427307,"unknown","unknown",252889.03232049942,252896.22403001785,252902.5572090149,"unknown","","unknown","unknown","unknown","unknown","","unknown","unknown","unknown","unknown",252909.1110882759,"unknown","unknown",252915.36082100868
"2457ed6","","","","","","","","","","","","","","","","","","","","","","","","","","","","","","","","","","","","","","","","","","","","","","","","","","","",""
"c4bba29",-22.183953285217285,-15.143412590026855,-9.359896898269653,-3.1224191188812256,0.0,6.234041452407837,12.429858446121216,21.140912532806396,34.31603789329529,39.89195203781128,41.82657289505005,"unknown","unknown",48.079005002975464,54.28715777397156,56.48986887931824,"unknown","","unknown","unknown","unknown","unknown","","unknown","unknown","unknown","unknown",63.302576541900635,"","unknown",69.35474038124084,73.06164979934692,"unknown","unknown",79.95418500900269,85.49059915542603,89.47268414497375,"unknown","","unknown","unknown","unknown","unknown","","unknown","unknown","unknown","unknown",96.33424544334412,"unknown","unknown",103.16332411766052
"2dffb9e","","","","","","","","","","","","","","","","","","","","","","","","","","","","","","","","","","","","","","","","","","","","","","","","","","","",""
"7a35b75",-40.78494358062744,-35.19176411628723,-28.08709979057312,-22.47912096977234,0.0,7.136567115783691,1025.7553300857544,1034.275713443756,1047.1860661506653,1053.6383776664734,1057.5705335140228,"unknown",1064.2554688453674,"unknown",1070.359141588211,1071.8831601142883,"unknown","","unknown","unknown","unknown","unknown","","unknown","unknown","unknown","unknown",1078.3910992145538,"","unknown",1085.418308019638,1094.1928098201752,"unknown","unknown",1100.493685245514,1106.6859438419342,1108.6682941913605,"unknown","","unknown","unknown","unknown","unknown","","unknown","unknown","unknown","unknown",1115.2954471111298,"unknown","unknown",1121.8473856449127
"3883e37","","","","","","","","","","","","","","","","","","","","","","","","","","","","","","","","","","","","","","","","","","","","","","","","","","","",""
"eacd6a3","","","","","","","","","","","","","","","","","","","","","","","","","","","","","","","","","","","","","","","","","","","","","","","","","","","",""
"d09321f","","","","","","","","","","","","","","","","","","","","","","","","","","","","","","","","","","","","","","","","","","","","","","","","","","","",""
"1116780","","","","","","","","","","","","","","","","","","","","","","","","","","","","","","","","","","","","","","","","","","","","","","","","","","","",""
"58b1c8e","","","","","","","","","","","","","","","","","","","","","","","","","","","","","","","","","","","","","","","","","","","","","","","","","","","",""
"bf3dfcf","","","","","","","","","","","","","","","","","","","","","","","","","","","","","","","","","","","","","","","","","","","","","","","","","","","",""
"80e625f","","","","","","","","","","","","","","","","","","","","","","","","","","","","","","","","","","","","","","","","","","","","","","","","","","","",""
"9846ca8","","","","","","","","","","","","","","","","","","","","","","","","","","","","","","","","","","","","","","","","","","","","","","","","","","","",""
"cc02471","","","","","","","","","","","","","","","","","","","","","","","","","","","","","","","","","","","","","","","","","","","","","","","","","","","",""
"0a30844","","","","","","","","","","","","","","","","","","","","","","","","","","","","","","","","","","","","","","","","","","","","","","","","","","","",""
"43d0b63","","","","","","","","","","","","","","","","","","","","","","","","","","","","","","","","","","","","","","","","","","","","","","","","","","","",""
"addf295","","","","","","","","","","","","","","","","","","","","","","","","","","","","","","","","","","","","","","","","","","","","","","","","","","","",""
"870dc60","","","","","","","","","","","","","","","","","","","","","","","","","","","","","","","","","","","","","","","","","","","","","","","","","","","",""
"1a8e45b",-3099.0795896053314,-3092.69531416893,-3085.60871386528,-3078.7126569747925,0.0,6.639852046966553,22.564293384552002,29.86167621612549,44.30503964424133,51.19112157821655,55.98642086982727,62.73307275772095,"unknown","unknown",69.8505847454071,73.98987364768982,"unknown","","unknown","unknown","unknown","unknown","","unknown","unknown","unknown","unknown",80.61063480377197,"","unknown",86.02410125732422,88.82677102088928,94.77462649345398,"unknown","unknown",100.37121772766113,110.4350209236145,"unknown","","unknown","unknown","unknown","unknown","","unknown","unknown","unknown","unknown",117.5006353855133,"unknown","unknown",124.41506695747375
"0e42357","","","","","","","","","","","","","","","","","","","","","","","","","","","","","","","","","","","","","","","","","","","","","","","","","","","",""
"5f2a1aa","","","","","","","","","","","","","","","","","","","","","","","","","","","","","","","","","","","","","","","","","","","","","","","","","","","",""
"87b3434","","","","","","","","","","","","","","","","","","","","","","","","","","","","","","","","","","","","","","","","","","","","","","","","","","","",""
"bd305b8","","","","","","","","","","","","","","","","","","","","","","","","","","","","","","","","","","","","","","","","","","","","","","","","","","","",""
"4b70ed3","","","","","","","","","","","","","","","","","","","","","","","","","","","","","","","","","","","","","","","","","","","","","","","","","","","",""
"8ec15bc",-7256.6864178180695,-7251.2821452617645,-7244.775469303131,-7238.939719438553,0.0,6.12777304649353,30.839250087738037,39.427855491638184,11006.792464494705,11013.039606571198,11014.77105307579,"unknown",11021.515163898468,"unknown",11028.382972717285,11034.450887680054,"unknown","","unknown","unknown","unknown","unknown","","unknown","unknown","unknown","unknown",11040.564592123032,"","unknown",11047.572701692581,11050.189840555191,"unknown",11056.254335403442,"unknown",11062.300008058548,11069.989510059357,"unknown","","unknown","unknown","unknown","unknown","","unknown","unknown","unknown","unknown",11076.870303153992,"unknown","unknown",11083.792111873627
"6c8906b","","","","","","","","","","","","","","","","","","","","","","","","","","","","","","","","","","","","","","","","","","","","","","","","","","","",""
"e51496b","","","","","","","","","","","","","","","","","","","","","","","","","","","","","","","","","","","","","","","","","","","","","","","","","","","",""
"01baaf6","","","","","","","","","","","","","","","","","","","","","","","","","","","","","","","","","","","","","","","","","","","","","","","","","","","",""
"e8a0b7a","","","","","","","","","","","","","","","","","","","","","","","","","","","","","","","","","","","","","","","","","","","","","","","","","","","",""
"dae9b13","","","","","","","","","","","","","","","","","","","","","","","","","","","","","","","","","","","","","","","","","","","","","","","","","","","",""
"6c3f0f6","","","","","","","","","","","","","","","","","","","","","","","","","","","","","","","","","","","","","","","","","","","","","","","","","","","",""
"4828266","","","","","","","","","","","","","","","","","","","","","","","","","","","","","","","","","","","","","","","","","","","","","","","","","","","",""
"1f77294","","","","","","","","","","","","","","","","","","","","","","","","","","","","","","","","","","","","","","","","","","","","","","","","","","","",""
"6f1360e","","","","","","","","","","","","","","","","","","","","","","","","","","","","","","","","","","","","","","","","","","","","","","","","","","","",""
"1e17723","","","","","","","","","","","","","","","","","","","","","","","","","","","","","","","","","","","","","","","","","","","","","","","","","","","",""
"614fc3f","","","","","","","","","","","","","","","","","","","","","","","","","","","","","","","","","","","","","","","","","","","","","","","","","","","",""
"a300755","","","","","","","","","","","","","","","","","","","","","","","","","","","","","","","","","","","","","","","","","","","","","","","","","","","",""
"802d704","","","","","","","","","","","","","","","","","","","","","","","","","","","","","","","","","","","","","","","","","","","","","","","","","","","",""
"e892cd4","","","","","","","","","","","","","","","","","","","","","","","","","","","","","","","","","","","","","","","","","","","","","","","","","","","",""
"b06ee97","","","","","","","","","","","","","","","","","","","","","","","","","","","","","","","","","","","","","","","","","","","","","","","","","","","",""
"758fff8","","","","","","","","","","","","","","","","","","","","","","","","","","","","","","","","","","","","","","","","","","","","","","","","","","","",""
"ac42d69","","","","","","","","","","","","","","","","","","","","","","","","","","","","","","","","","","","","","","","","","","","","","","","","","","","",""
"7bb45d3","","","","","","","","","","","","","","","","","","","","","","","","","","","","","","","","","","","","","","","","","","","","","","","","","","","",""
"7622483","","","","","","","","","","","","","","","","","","","","","","","","","","","","","","","","","","","","","","","","","","","","","","","","","","","",""
"1f16f74","","","","","","","","","","","","","","","","","","","","","","","","","","","","","","","","","","","","","","","","","","","","","","","","","","","",""
"730747e","","","","","","","","","","","","","","","","","","","","","","","","","","","","","","","","","","","","","","","","","","","","","","","","","","","",""
"07ff49d","","","","","","","","","","","","","","","","","","","","","","","","","","","","","","","","","","","","","","","","","","","","","","","","","","","",""
"22fdb61","","","","","","","","","","","","","","","","","","","","","","","","","","","","","","","","","","","","","","","","","","","","","","","","","","","",""
"db046f2","","","","","","","","","","","","","","","","","","","","","","","","","","","","","","","","","","","","","","","","","","","","","","","","","","","",""
"73c3f48","","","","","","","","","","","","","","","","","","","","","","","","","","","","","","","","","","","","","","","","","","","","","","","","","","","",""
"3218556","","","","","","","","","","","","","","","","","","","","","","","","","","","","","","","","","","","","","","","","","","","","","","","","","","","",""
"99ee852","","","","","","","","","","","","","","","","","","","","","","","","","","","","","","","","","","","","","","","","","","","","","","","","","","","",""
"ad2fc5b","","","","","","","","","","","","","","","","","","","","","","","","","","","","","","","","","","","","","","","","","","","","","","","","","","","",""
"d318264","","","","","","","","","","","","","","","","","","","","","","","","","","","","","","","","","","","","","","","","","","","","","","","","","","","",""
"741ef32","","","","","","","","","","","","","","","","","","","","","","","","","","","","","","","","","","","","","","","","","","","","","","","","","","","",""
"b75259d","","","","","","","","","","","","","","","","","","","","","","","","","","","","","","","","","","","","","","","","","","","","","","","","","","","",""
"b67425b","","","","","","","","","","","","","","","","","","","","","","","","","","","","","","","","","","","","","","","","","","","","","","","","","","","",""
"446ad6c",-32919.82403612137,-32913.90577316284,-32908.51348423958,-32901.99418592453,0.0,6.158269882202148,8.753311395645142,17.382096529006958,39.12712550163269,44.84838914871216,47.5918071269989,54.50644087791443,"unknown","unknown",61.0130615234375,63.004459619522095,"unknown","","unknown","unknown","unknown","unknown","","unknown","unknown","unknown","unknown",69.12555480003357,"","unknown",75.23139643669128,78.57636260986328,"unknown","unknown",84.67111992835999,90.8301477432251,93.99895858764648,"unknown","","unknown","unknown","unknown","unknown","","unknown","unknown","unknown","unknown",100.62648391723633,"unknown","unknown",107.26376128196716
"70405ea","","","","","","","","","","","","","","","","","","","","","","","","","","","","","","","","","","","","","","","","","","","","","","","","","","","",""
"1117a63",-4805.2889540195465,-4798.831484794617,-4792.229450702667,-4785.736400127411,0.0,7.300750494003296,34.09372687339783,42.727442026138306,53.90236735343933,59.347620725631714,63.284167528152466,"unknown",69.16863012313843,"unknown",74.9627275466919,77.12455153465271,"unknown","","unknown","unknown","unknown","unknown","","unknown","unknown","unknown","unknown",83.37021446228027,"","unknown",90.39618873596191,99.26562213897705,"unknown",105.83264470100403,"unknown",111.64315390586853,115.50776100158691,"unknown","","unknown","unknown","unknown","unknown","","unknown","unknown","unknown","unknown",122.36700654029846,"unknown","unknown",129.20616793632507
"537189f","","","","","","","","","","","","","","","","","","","","","","","","","","","","","","","","","","","","","","","","","","","","","","","","","","","",""
"17b5a6e","","","","","","","","","","","","","","","","","","","","","","","","","","","","","","","","","","","","","","","","","","","","","","","","","","","",""
"d3e37eb","","","","","","","","","","","","","","","","","","","","","","","","","","","","","","","","","","","","","","","","","","","","","","","","","","","",""
"2ee7f92","","","","","","","","","","","","","","","","","","","","","","","","","","","","","","","","","","","","","","","","","","","","","","","","","","","",""
"89d63ed","","","","","","","","","","","","","","","","","","","","","","","","","","","","","","","","","","","","","","","","","","","","","","","","","","","",""
"c0a644e","","","","","","","","","","","","","","","","","","","","","","","","","","","","","","","","","","","","","","","","","","","","","","","","","","","",""
"80f558b","","","","","","","","","","","","","","","","","","","","","","","","","","","","","","","","","","","","","","","","","","","","","","","","","","","",""
"9ad2396","","","","","","","","","","","","","","","","","","","","","","","","","","","","","","","","","","","","","","","","","","","","","","","","","","","",""
"87e4f18","","","","","","","","","","","","","","","","","","","","","","","","","","","","","","","","","","","","","","","","","","","","","","","","","","","",""
"0186834","","","","","","","","","","","","","","","","","","","","","","","","","","","","","","","","","","","","","","","","","","","","","","","","","","","",""
"0355f6d","","","","","","","","","","","","","","","","","","","","","","","","","","","","","","","","","","","","","","","","","","","","","","","","","","","",""
"fa6a8b8","","","","","","","","","","","","","","","","","","","","","","","","","","","","","","","","","","","","","","","","","","","","","","","","","","","",""
"44167d5","","","","","","","","","","","","","","","","","","","","","","","","","","","","","","","","","","","","","","","","","","","","","","","","","","","",""
"145d339",-2465.879940509796,-2460.407171010971,-2453.684278488159,-2447.8866028785706,0.0,6.918412923812866,10.057543754577637,18.608707189559937,32.53034448623657,39.310513496398926,41.242536783218384,"unknown","unknown",47.09604048728943,52.49493479728699,54.37829041481018,"unknown","","unknown","unknown","unknown","unknown","","unknown","unknown","unknown","unknown",59.839069843292236,"","unknown",65.54782891273499,68.17250156402588,"unknown","unknown",74.2153046131134,81.03624606132507,83.3546736240387,"unknown","","unknown","unknown","unknown","unknown","","unknown","unknown","unknown","unknown",89.4560751914978,"unknown","unknown",95.70029520988464
"e96f42c","","","","","","","","","","","","","","","","","","","","","","","","","","","","","","","","","","","","","","","","","","","","","","","","","","","",""
"f382ec0","","","","","","","","","","","","","","","","","","","","","","","","","","","","","","","","","","","","","","","","","","","","","","","","","","","",""
"962a7dd",-124867.45867609978,-124861.61146211624,-124855.8418059349,-124849.72932076454,0.0,5.533344507217407,16.670297622680664,25.001675367355347,45.12241172790527,50.68211054801941,53.90388536453247,"unknown","unknown",59.864372968673706,66.44192671775818,68.73999047279358,"unknown","","unknown","unknown","unknown","unknown","","unknown","unknown","unknown","unknown",74.69769382476807,"","unknown",81.19322299957275,83.86462926864624,"unknown","unknown",89.42565584182739,95.5171468257904,272.4801080226898,"unknown","","unknown","unknown","unknown","unknown","","unknown","unknown","unknown","unknown",279.2386944293976,"unknown","unknown",286.33946323394775
"5c97513","","","","","","","","","","","","","","","","","","","","","","","","","","","","","","","","","","","","","","","","","","","","","","","","","","","",""
"acc6118","","","","","","","","","","","","","","","","","","","","","","","","","","","","","","","","","","","","","","","","","","","","","","","","","","","",""
"d33371d","","","","","","","","","","","","","","","","","","","","","","","","","","","","","","","","","","","","","","","","","","","","","","","","","","","",""
"78603ec","","","","","","","","","","","","","","","","","","","","","","","","","","","","","","","","","","","","","","","","","","","","","","","","","","","",""
"5d45bd1","","","","","","","","","","","","","","","","","","","","","","","","","","","","","","","","","","","","","","","","","","","","","","","","","","","",""
"cfcbc2d","","","","","","","","","","","","","","","","","","","","","","","","","","","","","","","","","","","","","","","","","","","","","","","","","","","",""
"98ecb86","","","","","","","","","","","","","","","","","","","","","","","","","","","","","","","","","","","","","","","","","","","","","","","","","","","",""
"7636563",-124.51570582389832,-118.51068258285522,-112.79956197738647,-105.98307228088379,0.0,6.29798436164856,8.096154928207397,16.133713483810425,23.425257682800293,30.593903064727783,32.453327894210815,39.245622634887695,"unknown","unknown",46.453598737716675,47.73007822036743,"unknown","","unknown","unknown","unknown","unknown","","unknown","unknown","unknown","unknown",53.56233835220337,"","unknown",60.68251943588257,62.34318161010742,68.26841163635254,"unknown","unknown",74.28861021995544,76.06930637359619,"unknown","","unknown","unknown","unknown","unknown","","unknown","unknown","unknown","unknown",83.05179071426392,"unknown","unknown",89.97638845443726
"5d2b358","","","","","","","","","","","","","","","","","","","","","","","","","","","","","","","","","","","","","","","","","","","","","","","","","","","",""
"5d9ae0c","","","","","","","","","","","","","","","","","","","","","","","","","","","","","","","","","","","","","","","","","","","","","","","","","","","",""
"73d4e20","","","","","","","","","","","","","","","","","","","","","","","","","","","","","","","","","","","","","","","","","","","","","","","","","","","",""
"be94a32","","","","","","","","","","","","","","","","","","","","","","","","","","","","","","","","","","","","","","","","","","","","","","","","","","","",""
"9f972fb","","","","","","","","","","","","","","","","","","","","","","","","","","","","","","","","","","","","","","","","","","","","","","","","","","","",""
"6e93efd","","","","","","","","","","","","","","","","","","","","","","","","","","","","","","","","","","","","","","","","","","","","","","","","","","","",""
"5a4afae","","","","","","","","","","","","","","","","","","","","","","","","","","","","","","","","","","","","","","","","","","","","","","","","","","","",""
"c34e373","","","","","","","","","","","","","","","","","","","","","","","","","","","","","","","","","","","","","","","","","","","","","","","","","","","",""
"60a02cd","","","","","","","","","","","","","","","","","","","","","","","","","","","","","","","","","","","","","","","","","","","","","","","","","","","",""
"6bac72b",-1567.5071833133698,-1560.1953506469727,-1553.9909648895264,-1547.9794249534607,0.0,7.382385969161987,10.736911535263062,18.916475534439087,43.06985402107239,50.125877141952515,54.98412799835205,"unknown","unknown",60.271522760391235,67.25840044021606,69.32913541793823,"unknown","","unknown","unknown","unknown","unknown","","unknown","unknown","unknown","unknown",75.54845762252808,"","unknown",82.52408742904663,85.32640147209167,"unknown","unknown",91.34036135673523,98.56882858276367,100.24110960960388,"unknown","","unknown","unknown","unknown","unknown","","unknown","unknown","unknown","unknown",106.7760317325592,"unknown","unknown",112.20683193206787
"c9285e4","","","","","","","","","","","","","","","","","","","","","","","","","","","","","","","","","","","","","","","","","","","","","","","","","","","",""
"bd4b2f4",-19077.54426717758,-19070.538046836853,-19063.62304520607,-19057.57660508156,0.0,5.750162839889526,8.825294494628906,16.66787552833557,30.39105534553528,36.74250316619873,48.84710621833801,55.86578392982483,"unknown","unknown",62.687145471572876,64.304682970047,"unknown","","unknown","unknown","unknown","unknown","","unknown","unknown","unknown","unknown",69.589608669281,"","unknown",76.15291428565979,78.17953252792358,"unknown","unknown",83.59537935256958,89.95528292655945,93.35679650306702,"unknown","","unknown","unknown","unknown","unknown","","unknown","unknown","unknown","unknown",99.67039275169373,"unknown","unknown",104.8704297542572
"bd650e8","","","","","","","","","","","","","","","","","","","","","","","","","","","","","","","","","","","","","","","","","","","","","","","","","","","",""
"b81bc6e","","","","","","","","","","","","","","","","","","","","","","","","","","","","","","","","","","","","","","","","","","","","","","","","","","","",""
"32b1d7b","","","","","","","","","","","","","","","","","","","","","","","","","","","","","","","","","","","","","","","","","","","","","","","","","","","",""
"0ff20c2","","","","","","","","","","","","","","","","","","","","","","","","","","","","","","","","","","","","","","","","","","","","","","","","","","","",""
"19b0291","","","","","","","","","","","","","","","","","","","","","","","","","","","","","","","","","","","","","","","","","","","","","","","","","","","",""
"b0e3caa","","","","","","","","","","","","","","","","","","","","","","","","","","","","","","","","","","","","","","","","","","","","","","","","","","","",""
"297d8e5","","","","","","","","","","","","","","","","","","","","","","","","","","","","","","","","","","","","","","","","","","","","","","","","","","","",""
"45f7f6c","","","","","","","","","","","","","","","","","","","","","","","","","","","","","","","","","","","","","","","","","","","","","","","","","","","",""
"1df700a","","","","","","","","","","","","","","","","","","","","","","","","","","","","","","","","","","","","","","","","","","","","","","","","","","","",""
"d3a396c","","","","","","","","","","","","","","","","","","","","","","","","","","","","","","","","","","","","","","","","","","","","","","","","","","","",""
"79b129c","","","","","","","","","","","","","","","","","","","","","","","","","","","","","","","","","","","","","","","","","","","","","","","","","","","",""
"dd6da1c","","","","","","","","","","","","","","","","","","","","","","","","","","","","","","","","","","","","","","","","","","","","","","","","","","","",""
"d85b5c4","","","","","","","","","","","","","","","","","","","","","","","","","","","","","","","","","","","","","","","","","","","","","","","","","","","",""
"43b56f8","","","","","","","","","","","","","","","","","","","","","","","","","","","","","","","","","","","","","","","","","","","","","","","","","","","",""
"3ecbabb","","","","","","","","","","","","","","","","","","","","","","","","","","","","","","","","","","","","","","","","","","","","","","","","","","","",""
"c9c92b5","","","","","","","","","","","","","","","","","","","","","","","","","","","","","","","","","","","","","","","","","","","","","","","","","","","",""
"f9b9236",-6359.530174255371,-6353.401840925217,-6347.881934642792,-6340.766330718994,0.0,7.008918285369873,240.51752519607544,247.3501958847046,277.3664391040802,284.6078598499298,300.0971176624298,"unknown","unknown",306.70561933517456,312.1464042663574,358.44296383857727,"unknown","","unknown","unknown","unknown","unknown","","unknown","unknown","unknown","unknown",365.38035917282104,"","unknown",371.27841210365295,382.4121539592743,"unknown",389.42170667648315,"unknown",396.09916710853577,405.4218990802765,"unknown","","unknown","unknown","unknown","unknown","","unknown","unknown","unknown","unknown",412.23520588874817,"unknown","unknown",419.29683804512024
"4a0236d","","","","","","","","","","","","","","","","","","","","","","","","","","","","","","","","","","","","","","","","","","","","","","","","","","","",""
"b7a265d","","","","","","","","","","","","","","","","","","","","","","","","","","","","","","","","","","","","","","","","","","","","","","","","","","","",""
"912afde","","","","","","","","","","","","","","","","","","","","","","","","","","","","","","","","","","","","","","","","","","","","","","","","","","","",""
"c97639e","","","","","","","","","","","","","","","","","","","","","","","","","","","","","","","","","","","","","","","","","","","","","","","","","","","",""
"af72486","","","","","","","","","","","","","","","","","","","","","","","","","","","","","","","","","","","","","","","","","","","","","","","","","","","",""
"e2517d9","","","","","","","","","","","","","","","","","","","","","","","","","","","","","","","","","","","","","","","","","","","","","","","","","","","",""
"fc4adfc","","","","","","","","","","","","","","","","","","","","","","","","","","","","","","","","","","","","","","","","","","","","","","","","","","","",""
"1e88a68","","","","","","","","","","","","","","","","","","","","","","","","","","","","","","","","","","","","","","","","","","","","","","","","","","","",""
"9d97673","","","","","","","","","","","","","","","","","","","","","","","","","","","","","","","","","","","","","","","","","","","","","","","","","","","",""
"7baeff7","","","","","","","","","","","","","","","","","","","","","","","","","","","","","","","","","","","","","","","","","","","","","","","","","","","",""
"aa07d95",-4054.380714893341,-4048.625623703003,-4043.120029449463,-4036.905508518219,0.0,6.068890571594238,20.37078547477722,28.485035181045532,78697.08100938797,78703.20413684845,78717.83378648758,"unknown",78723.58284950256,"unknown",78729.98999857903,78731.45646357536,"unknown","","unknown","unknown","unknown","unknown","","unknown","unknown","unknown","unknown",78738.4874818325,"","unknown",78744.78461813927,78746.537266016,78752.07839775085,"unknown","unknown",78758.53769111633,78760.74156594276,"unknown","","unknown","unknown","unknown","unknown","","unknown","unknown","unknown","unknown",78766.31004238129,"unknown","unknown",78772.68038654327
"d27b032","","","","","","","","","","","","","","","","","","","","","","","","","","","","","","","","","","","","","","","","","","","","","","","","","","","",""
"ffa62f5","","","","","","","","","","","","","","","","","","","","","","","","","","","","","","","","","","","","","","","","","","","","","","","","","","","",""
"38c4951","","","","","","","","","","","","","","","","","","","","","","","","","","","","","","","","","","","","","","","","","","","","","","","","","","","",""
"85ba0bb","","","","","","","","","","","","","","","","","","","","","","","","","","","","","","","","","","","","","","","","","","","","","","","","","","","",""
"13dba9e","","","","","","","","","","","","","","","","","","","","","","","","","","","","","","","","","","","","","","","","","","","","","","","","","","","",""
"e6d310e","","","","","","","","","","","","","","","","","","","","","","","","","","","","","","","","","","","","","","","","","","","","","","","","","","","",""
"8c74aa5",-27548.76252222061,-27541.84642982483,-27535.8889772892,-27529.807707071304,0.0,6.094914436340332,285.56760334968567,293.9116291999817,313.34383034706116,319.8974304199219,326.7278628349304,333.661395072937,"unknown","unknown",339.2988865375519,355.9490010738373,"unknown","","unknown","unknown","unknown","unknown","","unknown","unknown","unknown","unknown",363.0384211540222,"","unknown",368.836546421051,371.5866210460663,378.18026542663574,"unknown","unknown",383.7495057582855,1022.998279094696,"unknown","","unknown","unknown","unknown","unknown","","unknown","unknown","unknown","unknown",1029.1296582221985,"unknown","unknown",1036.3159081935883
"679fa36","","","","","","","","","","","","","","","","","","","","","","","","","","","","","","","","","","","","","","","","","","","","","","","","","","","",""
"b1d77f9","","","","","","","","","","","","","","","","","","","","","","","","","","","","","","","","","","","","","","","","","","","","","","","","","","","",""
"b164bf7","","","","","","","","","","","","","","","","","","","","","","","","","","","","","","","","","","","","","","","","","","","","","","","","","","","",""
"7e62763","","","","","","","","","","","","","","","","","","","","","","","","","","","","","","","","","","","","","","","","","","","","","","","","","","","",""
"c7a7d85","","","","","","","","","","","","","","","","","","","","","","","","","","","","","","","","","","","","","","","","","","","","","","","","","","","",""
"3b7f267","","","","","","","","","","","","","","","","","","","","","","","","","","","","","","","","","","","","","","","","","","","","","","","","","","","",""
"fa1efad","","","","","","","","","","","","","","","","","","","","","","","","","","","","","","","","","","","","","","","","","","","","","","","","","","","",""
"4a9b689","","","","","","","","","","","","","","","","","","","","","","","","","","","","","","","","","","","","","","","","","","","","","","","","","","","",""
"49bd7ab","","","","","","","","","","","","","","","","","","","","","","","","","","","","","","","","","","","","","","","","","","","","","","","","","","","",""
"ae58bf1","","","","","","","","","","","","","","","","","","","","","","","","","","","","","","","","","","","","","","","","","","","","","","","","","","","",""
"492238f","","","","","","","","","","","","","","","","","","","","","","","","","","","","","","","","","","","","","","","","","","","","","","","","","","","",""
"65acecd","","","","","","","","","","","","","","","","","","","","","","","","","","","","","","","","","","","","","","","","","","","","","","","","","","","",""
"43c977d",-15753.6355946064,-15746.965407133102,-15740.641077518463,-15734.163222789764,0.0,5.210712194442749,19.966270923614502,28.386688709259033,47.260353565216064,54.00342631340027,56.99353814125061,63.126792907714844,"unknown","unknown",69.12647199630737,71.10983681678772,"unknown","","unknown","unknown","unknown","unknown","","unknown","unknown","unknown","unknown",77.84292483329773,"","unknown",84.49037432670593,102.23693084716797,"unknown",108.08055424690247,"unknown",114.9027144908905,116.76249551773071,"unknown","","unknown","unknown","unknown","unknown","","unknown","unknown","unknown","unknown",123.9220986366272,"unknown","unknown",129.940922498703
"4eff6be","","","","","","","","","","","","","","","","","","","","","","","","","","","","","","","","","","","","","","","","","","","","","","","","","","","",""
"e1b193b","","","","","","","","","","","","","","","","","","","","","","","","","","","","","","","","","","","","","","","","","","","","","","","","","","","",""
"1415cd3","","","","","","","","","","","","","","","","","","","","","","","","","","","","","","","","","","","","","","","","","","","","","","","","","","","",""
"2953e33","","","","","","","","","","","","","","","","","","","","","","","","","","","","","","","","","","","","","","","","","","","","","","","","","","","",""
"a540012","","","","","","","","","","","","","","","","","","","","","","","","","","","","","","","","","","","","","","","","","","","","","","","","","","","",""
"dd88e0f","","","","","","","","","","","","","","","","","","","","","","","","","","","","","","","","","","","","","","","","","","","","","","","","","","","",""
"58cb4bb","","","","","","","","","","","","","","","","","","","","","","","","","","","","","","","","","","","","","","","","","","","","","","","","","","","",""
"d135983","","","","","","","","","","","","","","","","","","","","","","","","","","","","","","","","","","","","","","","","","","","","","","","","","","","",""
"1b88f70","","","","","","","","","","","","","","","","","","","","","","","","","","","","","","","","","","","","","","","","","","","","","","","","","","","",""
"814517e","","","","","","","","","","","","","","","","","","","","","","","","","","","","","","","","","","","","","","","","","","","","","","","","","","","",""
"53deb5c","","","","","","","","","","","","","","","","","","","","","","","","","","","","","","","","","","","","","","","","","","","","","","","","","","","",""
"e4cf342","","","","","","","","","","","","","","","","","","","","","","","","","","","","","","","","","","","","","","","","","","","","","","","","","","","",""
"c1a9909","","","","","","","","","","","","","","","","","","","","","","","","","","","","","","","","","","","","","","","","","","","","","","","","","","","",""
"844ab34","","","","","","","","","","","","","","","","","","","","","","","","","","","","","","","","","","","","","","","","","","","","","","","","","","","",""
"5f84339","","","","","","","","","","","","","","","","","","","","","","","","","","","","","","","","","","","","","","","","","","","","","","","","","","","",""
"32980f8","","","","","","","","","","","","","","","","","","","","","","","","","","","","","","","","","","","","","","","","","","","","","","","","","","","",""
"fc2538d","","","","","","","","","","","","","","","","","","","","","","","","","","","","","","","","","","","","","","","","","","","","","","","","","","","",""
"4c228f6",-6618.004816055298,-6612.475746870041,-6606.636807918549,-6600.9035902023315,0.0,6.827764987945557,8.322495222091675,15.732470273971558,17.731544733047485,23.05771279335022,59.085885524749756,"unknown","unknown",66.55349969863892,72.38164901733398,78.11534523963928,"unknown","","unknown","unknown","unknown","unknown","","unknown","unknown","unknown","unknown",84.44526863098145,"","unknown",91.72456336021423,96.39021944999695,"unknown","unknown",103.15133380889893,108.55628061294556,110.43218231201172,"unknown","","unknown","unknown","unknown","unknown","","unknown","unknown","unknown","unknown",116.9027681350708,"unknown","unknown",123.18741035461426
"747ce5f","","","","","","","","","","","","","","","","","","","","","","","","","","","","","","","","","","","","","","","","","","","","","","","","","","","",""
"6ab42f2","","","","","","","","","","","","","","","","","","","","","","","","","","","","","","","","","","","","","","","","","","","","","","","","","","","",""
"41f2447",-6715.190170049667,-6709.87693977356,-6703.752439022064,-6697.228457450867,0.0,5.517426490783691,7.548803806304932,15.067322731018066,35.967904806137085,42.843899726867676,45.75136375427246,"unknown","unknown",52.696484327316284,59.4078950881958,62.69552421569824,"unknown","","unknown","unknown","unknown","unknown","","unknown","unknown","unknown","unknown",68.61826777458191,"","unknown",74.3277804851532,87.88188242912292,"unknown","unknown",94.29748439788818,100.23873901367188,104.79458951950073,112.04610443115234,120.03650236129761,"unknown",126.44661569595337,"unknown",132.76347374916077,135.53351306915283,"unknown","unknown","unknown","unknown","unknown",142.70614528656006,"unknown",149.7232792377472
"5bf619a","","","","","","","","","","","","","","","","","","","","","","","","","","","","","","","","","","","","","","","","","","","","","","","","","","","",""
"a123713","","","","","","","","","","","","","","","","","","","","","","","","","","","","","","","","","","","","","","","","","","","","","","","","","","","",""
"41011fc","","","","","","","","","","","","","","","","","","","","","","","","","","","","","","","","","","","","","","","","","","","","","","","","","","","",""
"4997357","","","","","","","","","","","","","","","","","","","","","","","","","","","","","","","","","","","","","","","","","","","","","","","","","","","",""
"5455b1d","","","","","","","","","","","","","","","","","","","","","","","","","","","","","","","","","","","","","","","","","","","","","","","","","","","",""
"f52861b","","","","","","","","","","","","","","","","","","","","","","","","","","","","","","","","","","","","","","","","","","","","","","","","","","","",""
"d8ecf99","","","","","","","","","","","","","","","","","","","","","","","","","","","","","","","","","","","","","","","","","","","","","","","","","","","",""
"466a0ab","","","","","","","","","","","","","","","","","","","","","","","","","","","","","","","","","","","","","","","","","","","","","","","","","","","",""
"399b994","","","","","","","","","","","","","","","","","","","","","","","","","","","","","","","","","","","","","","","","","","","","","","","","","","","",""
"6568ea1",-1746.0434715747833,-1739.4865255355835,-1732.2642526626587,-1726.8537528514862,0.0,6.037880182266235,7.528752565383911,15.948024034500122,60.07423949241638,67.34500885009766,69.08941626548767,"unknown","unknown",76.14829540252686,82.89612913131714,84.53266954421997,"unknown","","unknown","unknown","unknown","unknown","","unknown","unknown","unknown","unknown",91.56599235534668,"","unknown",98.71033477783203,100.47252869606018,"unknown","unknown",107.6039502620697,114.0649802684784,115.48899149894714,"unknown","","unknown","unknown","unknown","unknown","","unknown","unknown","unknown","unknown",121.11713457107544,"unknown","unknown",127.61924314498901
"a839247","","","","","","","","","","","","","","","","","","","","","","","","","","","","","","","","","","","","","","","","","","","","","","","","","","","",""
"5d6ad7f","","","","","","","","","","","","","","","","","","","","","","","","","","","","","","","","","","","","","","","","","","","","","","","","","","","",""
"9f79cf4","","","","","","","","","","","","","","","","","","","","","","","","","","","","","","","","","","","","","","","","","","","","","","","","","","","",""
"528d0fe","","","","","","","","","","","","","","","","","","","","","","","","","","","","","","","","","","","","","","","","","","","","","","","","","","","",""
"900150c","","","","","","","","","","","","","","","","","","","","","","","","","","","","","","","","","","","","","","","","","","","","","","","","","","","",""
"f91cb3f","","","","","","","","","","","","","","","","","","","","","","","","","","","","","","","","","","","","","","","","","","","","","","","","","","","",""
"924de30","","","","","","","","","","","","","","","","","","","","","","","","","","","","","","","","","","","","","","","","","","","","","","","","","","","",""
"959908d","","","","","","","","","","","","","","","","","","","","","","","","","","","","","","","","","","","","","","","","","","","","","","","","","","","",""
"d925650","","","","","","","","","","","","","","","","","","","","","","","","","","","","","","","","","","","","","","","","","","","","","","","","","","","",""
"37798a6","","","","","","","","","","","","","","","","","","","","","","","","","","","","","","","","","","","","","","","","","","","","","","","","","","","",""
"ff10184","","","","","","","","","","","","","","","","","","","","","","","","","","","","","","","","","","","","","","","","","","","","","","","","","","","",""
"cde7968","","","","","","","","","","","","","","","","","","","","","","","","","","","","","","","","","","","","","","","","","","","","","","","","","","","",""
"a1efa63","","","","","","","","","","","","","","","","","","","","","","","","","","","","","","","","","","","","","","","","","","","","","","","","","","","",""
"52d61f6",-216794.2351899147,-216787.3375606537,-216781.03142929077,-216774.301374197,0.0,6.197065830230713,11.048824548721313,19.038152933120728,45.40510439872742,52.5710928440094,57.54875469207764,"unknown","unknown",63.083327531814575,69.47724866867065,72.22447347640991,"unknown","","unknown","unknown","unknown","unknown","","unknown","unknown","unknown","unknown",79.38506412506104,"","unknown",86.6171190738678,90.2243709564209,"unknown","unknown",95.96122550964355,101.45358157157898,103.35752725601196,"unknown","","unknown","unknown","unknown","unknown","","unknown","unknown","unknown","unknown",108.96042203903198,"unknown","unknown",115.68073678016663
"34d8485",-838.7624914646149,-832.5317223072052,-825.5331728458405,-818.5227143764496,0.0,5.494964838027954,30.58134889602661,39.35662245750427,78.40116262435913,85.70111346244812,100.84491443634033,"unknown","unknown",107.25521302223206,113.94778513908386,119.71462392807007,"unknown","","unknown","unknown","unknown","unknown","","unknown","unknown","unknown","unknown",125.12851095199585,"","unknown",130.47002744674683,168.36062383651733,"unknown","unknown",174.96557641029358,181.18408036231995,215.1616415977478,"unknown","","unknown","unknown","unknown","unknown","","unknown","unknown","unknown","unknown",220.8138246536255,"unknown","unknown",227.11873030662537
"693ef79",-21465.773094654083,-21460.14841890335,-21454.411175966263,-21447.8955848217,0.0,6.6729514598846436,29.297365188598633,37.72333526611328,107.10087084770203,113.62019181251526,117.2986671924591,"unknown","unknown",123.24721837043762,129.89754939079285,132.1022276878357,"unknown","","unknown","unknown","unknown","unknown","","unknown","unknown","unknown","unknown",139.0852987766266,"","unknown",145.24099326133728,147.41865372657776,"unknown","unknown",153.2137806415558,159.84046506881714,169.62847256660461,"unknown","","unknown","unknown","unknown","unknown","","unknown","unknown","unknown","unknown",176.39927625656128,"unknown","unknown",183.43981838226318
"0d5233e","","","","","","","","","","","","","","","","","","","","","","","","","","","","","","","","","","","","","","","","","","","","","","","","","","","",""
"ce1d155","","","","","","","","","","","","","","","","","","","","","","","","","","","","","","","","","","","","","","","","","","","","","","","","","","","",""
"fafded6","","","","","","","","","","","","","","","","","","","","","","","","","","","","","","","","","","","","","","","","","","","","","","","","","","","",""
"f0a4194","","","","","","","","","","","","","","","","","","","","","","","","","","","","","","","","","","","","","","","","","","","","","","","","","","","",""
"11e5d50","","","","","","","","","","","","","","","","","","","","","","","","","","","","","","","","","","","","","","","","","","","","","","","","","","","",""
"047f2ca","","","","","","","","","","","","","","","","","","","","","","","","","","","","","","","","","","","","","","","","","","","","","","","","","","","",""
"e353d18","","","","","","","","","","","","","","","","","","","","","","","","","","","","","","","","","","","","","","","","","","","","","","","","","","","",""
"02b634c","","","","","","","","","","","","","","","","","","","","","","","","","","","","","","","","","","","","","","","","","","","","","","","","","","","",""
"0f91d63","","","","","","","","","","","","","","","","","","","","","","","","","","","","","","","","","","","","","","","","","","","","","","","","","","","",""
"7fb35e6","","","","","","","","","","","","","","","","","","","","","","","","","","","","","","","","","","","","","","","","","","","","","","","","","","","",""
"87e086c","","","","","","","","","","","","","","","","","","","","","","","","","","","","","","","","","","","","","","","","","","","","","","","","","","","",""
"890df05","","","","","","","","","","","","","","","","","","","","","","","","","","","","","","","","","","","","","","","","","","","","","","","","","","","",""
"ece9ce7","","","","","","","","","","","","","","","","","","","","","","","","","","","","","","","","","","","","","","","","","","","","","","","","","","","",""
"a975113","","","","","","","","","","","","","","","","","","","","","","","","","","","","","","","","","","","","","","","","","","","","","","","","","","","",""
"59c79dc","","","","","","","","","","","","","","","","","","","","","","","","","","","","","","","","","","","","","","","","","","","","","","","","","","","",""
"dee5269","","","","","","","","","","","","","","","","","","","","","","","","","","","","","","","","","","","","","","","","","","","","","","","","","","","",""
"844fef2","","","","","","","","","","","","","","","","","","","","","","","","","","","","","","","","","","","","","","","","","","","","","","","","","","","",""
"ef7d623","","","","","","","","","","","","","","","","","","","","","","","","","","","","","","","","","","","","","","","","","","","","","","","","","","","",""
"a54cf83","","","","","","","","","","","","","","","","","","","","","","","","","","","","","","","","","","","","","","","","","","","","","","","","","","","",""
"e98cdcd",-3820.5647757053375,-3814.3570857048035,-3809.0284774303436,-3802.2450833320618,0.0,7.00873875617981,13.204020977020264,21.080206155776978,41.436580419540405,46.90857148170471,50.43971085548401,57.332539081573486,"unknown","unknown",63.97239112854004,65.4483094215393,"unknown","","unknown","unknown","unknown","unknown","","unknown","unknown","unknown","unknown",71.04796099662781,"","unknown",77.53466010093689,86.39566421508789,"unknown",92.51339530944824,"unknown",99.24560141563416,101.41935467720032,"unknown","","unknown","unknown","unknown","unknown","","unknown","unknown","unknown","unknown",108.72243809700012,"unknown","unknown",115.96671485900879
"a3ff1ab","","","","","","","","","","","","","","","","","","","","","","","","","","","","","","","","","","","","","","","","","","","","","","","","","","","",""
"33bcee6","","","","","","","","","","","","","","","","","","","","","","","","","","","","","","","","","","","","","","","","","","","","","","","","","","","",""
"c494a29","","","","","","","","","","","","","","","","","","","","","","","","","","","","","","","","","","","","","","","","","","","","","","","","","","","",""
"aa68b7a","","","","","","","","","","","","","","","","","","","","","","","","","","","","","","","","","","","","","","","","","","","","","","","","","","","",""
"92db041","","","","","","","","","","","","","","","","","","","","","","","","","","","","","","","","","","","","","","","","","","","","","","","","","","","",""
"b921637","","","","","","","","","","","","","","","","","","","","","","","","","","","","","","","","","","","","","","","","","","","","","","","","","","","",""
"0fa3c49","","","","","","","","","","","","","","","","","","","","","","","","","","","","","","","","","","","","","","","","","","","","","","","","","","","",""
"e581545","","","","","","","","","","","","","","","","","","","","","","","","","","","","","","","","","","","","","","","","","","","","","","","","","","","",""
"cb28371","","","","","","","","","","","","","","","","","","","","","","","","","","","","","","","","","","","","","","","","","","","","","","","","","","","",""
"a664235","","","","","","","","","","","","","","","","","","","","","","","","","","","","","","","","","","","","","","","","","","","","","","","","","","","",""
"81f41fd","","","","","","","","","","","","","","","","","","","","","","","","","","","","","","","","","","","","","","","","","","","","","","","","","","","",""
"f38953f","","","","","","","","","","","","","","","","","","","","","","","","","","","","","","","","","","","","","","","","","","","","","","","","","","","",""
"6801018","","","","","","","","","","","","","","","","","","","","","","","","","","","","","","","","","","","","","","","","","","","","","","","","","","","",""
"61d9d14","","","","","","","","","","","","","","","","","","","","","","","","","","","","","","","","","","","","","","","","","","","","","","","","","","","",""
"ac3a94c","","","","","","","","","","","","","","","","","","","","","","","","","","","","","","","","","","","","","","","","","","","","","","","","","","","",""
"eccfff0","","","","","","","","","","","","","","","","","","","","","","","","","","","","","","","","","","","","","","","","","","","","","","","","","","","",""
"49f21e0","","","","","","","","","","","","","","","","","","","","","","","","","","","","","","","","","","","","","","","","","","","","","","","","","","","",""
"02ed09a","","","","","","","","","","","","","","","","","","","","","","","","","","","","","","","","","","","","","","","","","","","","","","","","","","","",""
"0514a07","","","","","","","","","","","","","","","","","","","","","","","","","","","","","","","","","","","","","","","","","","","","","","","","","","","",""
"37b9a9f","","","","","","","","","","","","","","","","","","","","","","","","","","","","","","","","","","","","","","","","","","","","","","","","","","","",""
"3c0c7c1","","","","","","","","","","","","","","","","","","","","","","","","","","","","","","","","","","","","","","","","","","","","","","","","","","","",""
"89f6d9e","","","","","","","","","","","","","","","","","","","","","","","","","","","","","","","","","","","","","","","","","","","","","","","","","","","",""
"4569a12","","","","","","","","","","","","","","","","","","","","","","","","","","","","","","","","","","","","","","","","","","","","","","","","","","","",""
"39dc9b8","","","","","","","","","","","","","","","","","","","","","","","","","","","","","","","","","","","","","","","","","","","","","","","","","","","",""
"56bae3a","","","","","","","","","","","","","","","","","","","","","","","","","","","","","","","","","","","","","","","","","","","","","","","","","","","",""
"28ec805","","","","","","","","","","","","","","","","","","","","","","","","","","","","","","","","","","","","","","","","","","","","","","","","","","","",""
"4c8a5bc","","","","","","","","","","","","","","","","","","","","","","","","","","","","","","","","","","","","","","","","","","","","","","","","","","","",""
"48179d1","","","","","","","","","","","","","","","","","","","","","","","","","","","","","","","","","","","","","","","","","","","","","","","","","","","",""
"d876b22","","","","","","","","","","","","","","","","","","","","","","","","","","","","","","","","","","","","","","","","","","","","","","","","","","","",""
"e845b6b","","","","","","","","","","","","","","","","","","","","","","","","","","","","","","","","","","","","","","","","","","","","","","","","","","","",""
"619e952",-22332.513320684433,-22326.067160129547,-22320.57034087181,-22314.65839767456,0.0,6.493945598602295,9.160258293151855,17.977952241897583,26.809707164764404,33.04422974586487,36.76001167297363,"unknown","unknown",43.971787214279175,50.59862041473389,54.682350397109985,"unknown","","unknown","unknown","unknown","unknown","","unknown","unknown","unknown","unknown",61.80676507949829,"","unknown",68.9716374874115,71.17425227165222,"unknown","unknown",78.05324864387512,83.95016932487488,89.09114599227905,"unknown","","unknown","unknown","unknown","unknown","","unknown","unknown","unknown","unknown",94.50210165977478,"unknown","unknown",100.50419044494629
"0fd9ca7","","","","","","","","","","","","","","","","","","","","","","","","","","","","","","","","","","","","","","","","","","","","","","","","","","","",""
"ff125d4","","","","","","","","","","","","","","","","","","","","","","","","","","","","","","","","","","","","","","","","","","","","","","","","","","","",""
"0dc7823","","","","","","","","","","","","","","","","","","","","","","","","","","","","","","","","","","","","","","","","","","","","","","","","","","","",""
"64155b9","","","","","","","","","","","","","","","","","","","","","","","","","","","","","","","","","","","","","","","","","","","","","","","","","","","",""
"9cfbb83","","","","","","","","","","","","","","","","","","","","","","","","","","","","","","","","","","","","","","","","","","","","","","","","","","","",""
"f6ffd76","","","","","","","","","","","","","","","","","","","","","","","","","","","","","","","","","","","","","","","","","","","","","","","","","","","",""
"4ac71cf","","","","","","","","","","","","","","","","","","","","","","","","","","","","","","","","","","","","","","","","","","","","","","","","","","","",""
"57b0697","","","","","","","","","","","","","","","","","","","","","","","","","","","","","","","","","","","","","","","","","","","","","","","","","","","",""
"1c202a8","","","","","","","","","","","","","","","","","","","","","","","","","","","","","","","","","","","","","","","","","","","","","","","","","","","",""
"3e625ac","","","","","","","","","","","","","","","","","","","","","","","","","","","","","","","","","","","","","","","","","","","","","","","","","","","",""
"6b36bf5","","","","","","","","","","","","","","","","","","","","","","","","","","","","","","","","","","","","","","","","","","","","","","","","","","","",""
"99775ba",-42556.732978105545,-42551.01448392868,-42543.77274107933,-42537.531239271164,0.0,6.507817506790161,79.5435380935669,87.29324531555176,402.34834003448486,408.67728877067566,417.5421645641327,"unknown",424.6679618358612,"unknown",430.78879261016846,711.4556014537811,"unknown","","unknown","unknown","unknown","unknown","","unknown","unknown","unknown","unknown",718.658038854599,"","unknown",725.2555832862854,727.315801858902,"unknown",733.6723372936249,"unknown",740.5103123188019,743.7705307006836,"unknown","","unknown","unknown","unknown","unknown","","unknown","unknown","unknown","unknown",750.6505880355835,"unknown","unknown",756.883143901825
"152aa4d",-108.20103979110718,-102.5560839176178,-97.18635058403015,-90.45956015586853,0.0,7.041606187820435,9.498168230056763,17.704197883605957,81.31353735923767,88.17502689361572,100.14900708198547,"unknown",107.15926051139832,"unknown",114.35872840881348,118.96618723869324,"unknown","","unknown","unknown","unknown","unknown","","unknown","unknown","unknown","unknown",124.37318515777588,"","unknown",130.67738223075867,136.0629484653473,"unknown",141.4641900062561,"unknown",147.09430932998657,149.09974122047424,"unknown","","unknown","unknown","unknown","unknown","","unknown","unknown","unknown","unknown",154.51606702804565,"unknown","unknown",161.34213280677795
"56191c0","","","","","","","","","","","","","","","","","","","","","","","","","","","","","","","","","","","","","","","","","","","","","","","","","","","",""
"ced331f","","","","","","","","","","","","","","","","","","","","","","","","","","","","","","","","","","","","","","","","","","","","","","","","","","","",""
"1d235c1","","","","","","","","","","","","","","","","","","","","","","","","","","","","","","","","","","","","","","","","","","","","","","","","","","","",""
"e6de912","","","","","","","","","","","","","","","","","","","","","","","","","","","","","","","","","","","","","","","","","","","","","","","","","","","",""
"76bbc0d","","","","","","","","","","","","","","","","","","","","","","","","","","","","","","","","","","","","","","","","","","","","","","","","","","","",""
"36b4ec5","","","","","","","","","","","","","","","","","","","","","","","","","","","","","","","","","","","","","","","","","","","","","","","","","","","",""
"79b65fb","","","","","","","","","","","","","","","","","","","","","","","","","","","","","","","","","","","","","","","","","","","","","","","","","","","",""
"7de2a3d","","","","","","","","","","","","","","","","","","","","","","","","","","","","","","","","","","","","","","","","","","","","","","","","","","","",""
"dbe3880","","","","","","","","","","","","","","","","","","","","","","","","","","","","","","","","","","","","","","","","","","","","","","","","","","","",""
"877fb69","","","","","","","","","","","","","","","","","","","","","","","","","","","","","","","","","","","","","","","","","","","","","","","","","","","",""
"c17e360","","","","","","","","","","","","","","","","","","","","","","","","","","","","","","","","","","","","","","","","","","","","","","","","","","","",""
"51be121","","","","","","","","","","","","","","","","","","","","","","","","","","","","","","","","","","","","","","","","","","","","","","","","","","","",""
"c094913","","","","","","","","","","","","","","","","","","","","","","","","","","","","","","","","","","","","","","","","","","","","","","","","","","","",""
"3b65cc8","","","","","","","","","","","","","","","","","","","","","","","","","","","","","","","","","","","","","","","","","","","","","","","","","","","",""
"ce36e73","","","","","","","","","","","","","","","","","","","","","","","","","","","","","","","","","","","","","","","","","","","","","","","","","","","",""
"e9e1409","","","","","","","","","","","","","","","","","","","","","","","","","","","","","","","","","","","","","","","","","","","","","","","","","","","",""
"6f17bd1","","","","","","","","","","","","","","","","","","","","","","","","","","","","","","","","","","","","","","","","","","","","","","","","","","","",""
"4af2fee","","","","","","","","","","","","","","","","","","","","","","","","","","","","","","","","","","","","","","","","","","","","","","","","","","","",""
"051761f","","","","","","","","","","","","","","","","","","","","","","","","","","","","","","","","","","","","","","","","","","","","","","","","","","","",""
"1c627cb","","","","","","","","","","","","","","","","","","","","","","","","","","","","","","","","","","","","","","","","","","","","","","","","","","","",""
"5177026","","","","","","","","","","","","","","","","","","","","","","","","","","","","","","","","","","","","","","","","","","","","","","","","","","","",""
"db0051d","","","","","","","","","","","","","","","","","","","","","","","","","","","","","","","","","","","","","","","","","","","","","","","","","","","",""
"43bae5c","","","","","","","","","","","","","","","","","","","","","","","","","","","","","","","","","","","","","","","","","","","","","","","","","","","",""
"9e9a81e","","","","","","","","","","","","","","","","","","","","","","","","","","","","","","","","","","","","","","","","","","","","","","","","","","","",""
"6289e6c","","","","","","","","","","","","","","","","","","","","","","","","","","","","","","","","","","","","","","","","","","","","","","","","","","","",""
"c55c183","","","","","","","","","","","","","","","","","","","","","","","","","","","","","","","","","","","","","","","","","","","","","","","","","","","",""
"a9b4533","","","","","","","","","","","","","","","","","","","","","","","","","","","","","","","","","","","","","","","","","","","","","","","","","","","",""
"fc53f6c","","","","","","","","","","","","","","","","","","","","","","","","","","","","","","","","","","","","","","","","","","","","","","","","","","","",""
"1db8420","","","","","","","","","","","","","","","","","","","","","","","","","","","","","","","","","","","","","","","","","","","","","","","","","","","",""
"8a1ecd0","","","","","","","","","","","","","","","","","","","","","","","","","","","","","","","","","","","","","","","","","","","","","","","","","","","",""
"8fd863f","","","","","","","","","","","","","","","","","","","","","","","","","","","","","","","","","","","","","","","","","","","","","","","","","","","",""
"644830a","","","","","","","","","","","","","","","","","","","","","","","","","","","","","","","","","","","","","","","","","","","","","","","","","","","",""
"9c76c21","","","","","","","","","","","","","","","","","","","","","","","","","","","","","","","","","","","","","","","","","","","","","","","","","","","",""
"5dbecee","","","","","","","","","","","","","","","","","","","","","","","","","","","","","","","","","","","","","","","","","","","","","","","","","","","",""
"86c5f35","","","","","","","","","","","","","","","","","","","","","","","","","","","","","","","","","","","","","","","","","","","","","","","","","","","",""
"4c072d3","","","","","","","","","","","","","","","","","","","","","","","","","","","","","","","","","","","","","","","","","","","","","","","","","","","",""
"89bbcd3","","","","","","","","","","","","","","","","","","","","","","","","","","","","","","","","","","","","","","","","","","","","","","","","","","","",""
"25f4734","","","","","","","","","","","","","","","","","","","","","","","","","","","","","","","","","","","","","","","","","","","","","","","","","","","",""
"aa9ac00","","","","","","","","","","","","","","","","","","","","","","","","","","","","","","","","","","","","","","","","","","","","","","","","","","","",""
"9a1b5fa","","","","","","","","","","","","","","","","","","","","","","","","","","","","","","","","","","","","","","","","","","","","","","","","","","","",""
"e3ae59a","","","","","","","","","","","","","","","","","","","","","","","","","","","","","","","","","","","","","","","","","","","","","","","","","","","",""
"d003724","","","","","","","","","","","","","","","","","","","","","","","","","","","","","","","","","","","","","","","","","","","","","","","","","","","",""
"3a03bea","","","","","","","","","","","","","","","","","","","","","","","","","","","","","","","","","","","","","","","","","","","","","","","","","","","",""
"e427669","","","","","","","","","","","","","","","","","","","","","","","","","","","","","","","","","","","","","","","","","","","","","","","","","","","",""
"12dfda3","","","","","","","","","","","","","","","","","","","","","","","","","","","","","","","","","","","","","","","","","","","","","","","","","","","",""
"3226bb3","","","","","","","","","","","","","","","","","","","","","","","","","","","","","","","","","","","","","","","","","","","","","","","","","","","",""
"c02668d","","","","","","","","","","","","","","","","","","","","","","","","","","","","","","","","","","","","","","","","","","","","","","","","","","","",""
"088d8b4","","","","","","","","","","","","","","","","","","","","","","","","","","","","","","","","","","","","","","","","","","","","","","","","","","","",""
"a2d2ca9","","","","","","","","","","","","","","","","","","","","","","","","","","","","","","","","","","","","","","","","","","","","","","","","","","","",""
"9f4d288","","","","","","","","","","","","","","","","","","","","","","","","","","","","","","","","","","","","","","","","","","","","","","","","","","","",""
"aaad0b7","","","","","","","","","","","","","","","","","","","","","","","","","","","","","","","","","","","","","","","","","","","","","","","","","","","",""
"c16eb71","","","","","","","","","","","","","","","","","","","","","","","","","","","","","","","","","","","","","","","","","","","","","","","","","","","",""
"3e6beba","","","","","","","","","","","","","","","","","","","","","","","","","","","","","","","","","","","","","","","","","","","","","","","","","","","",""
"35adcf1","","","","","","","","","","","","","","","","","","","","","","","","","","","","","","","","","","","","","","","","","","","","","","","","","","","",""
"b92ee81","","","","","","","","","","","","","","","","","","","","","","","","","","","","","","","","","","","","","","","","","","","","","","","","","","","",""
"b2621a2","","","","","","","","","","","","","","","","","","","","","","","","","","","","","","","","","","","","","","","","","","","","","","","","","","","",""
"dd64cdc","","","","","","","","","","","","","","","","","","","","","","","","","","","","","","","","","","","","","","","","","","","","","","","","","","","",""
"6099d06","","","","","","","","","","","","","","","","","","","","","","","","","","","","","","","","","","","","","","","","","","","","","","","","","","","",""
"d91bf84",-75082.01670241356,-75075.38236093521,-75069.67463731766,-75063.46225500107,0.0,5.6499128341674805,329.06777238845825,337.83439350128174,874.5779201984406,881.0156433582306,882.8494069576263,"unknown","unknown",889.7281939983368,896.6770043373108,907.7115323543549,"unknown","","unknown","unknown","unknown","unknown","","unknown","unknown","unknown","unknown",913.9439680576324,"","unknown",920.1338043212891,2854.854003429413,"unknown","unknown",2860.5235402584076,2867.6234986782074,2910.051491498947,"unknown","","unknown","unknown","unknown","unknown","","unknown","unknown","unknown","unknown",2915.8585526943207,"unknown","unknown",2921.708954334259
"c3db77a","","","","","","","","","","","","","","","","","","","","","","","","","","","","","","","","","","","","","","","","","","","","","","","","","","","",""
"7c9678a","","","","","","","","","","","","","","","","","","","","","","","","","","","","","","","","","","","","","","","","","","","","","","","","","","","",""
"db7d9c3",-4848.332942724228,-4842.256179571152,-4836.56166601181,-4829.391968011856,0.0,6.237987995147705,1445.8093371391296,1454.1225662231445,1464.711341381073,1470.5931603908539,1475.358729839325,"unknown","unknown",1481.9332525730133,1489.1599559783936,1493.2522699832916,1499.8111591339111,1505.2646403312683,1512.3474206924438,"unknown","unknown",1518.3776388168335,1520.1756093502045,"unknown","unknown","unknown","unknown","unknown",1526.373557806015,"unknown",1532.8863430023193,1537.6411950588226,"unknown","unknown",1544.8376305103302,1551.8569049835205,1559.5806169509888,"unknown","","unknown","unknown","unknown","unknown","","unknown","unknown","unknown","unknown",1566.346741437912,"unknown","unknown",1572.6499860286713
"7d9c3_1",-4848.332942724228,-4842.256179571152,-4836.56166601181,-4829.391968011856,0.0,6.237987995147705,1445.8093371391296,1454.1225662231445,1464.711341381073,1470.5931603908539,1475.358729839325,"unknown","unknown",1481.9332525730133,1489.1599559783936,1493.2522699832916,1499.8111591339111,1505.2646403312683,1512.3474206924438,"unknown","unknown",1518.3776388168335,1520.1756093502045,"unknown","unknown","unknown","unknown","unknown",1526.373557806015,"unknown",1532.8863430023193,1537.6411950588226,"unknown","unknown",1544.8376305103302,1551.8569049835205,1559.5806169509888,"unknown","","unknown","unknown","unknown","unknown","","unknown","unknown","unknown","unknown",1566.346741437912,"unknown","unknown",1572.6499860286713
"804c32f","","","","","","","","","","","","","","","","","","","","","","","","","","","","","","","","","","","","","","","","","","","","","","","","","","","",""
