"","1","recurso","1b","2","cont","3","cont_1","4","dilema","5","yo_1","6A_yo","6B_yo","6C_yo","7_yo","v_yo_1","8_yo","yo_2","9A_yo","9B_yo","9C_yo","10_yo","v_yo_2","11_yo","12A_yo","12B_yo","12C_yo","13_yo_1","13_yo_2","13_yo_3","5_otro","otro_1","6A_otro","6B_otro","6C_otro","7_otro","v_otro_1","8_otro","9A_otro","9B_otro","9C_otro","10_otro","11_otro","12A_otro","12B_otro","12C_otro","13_otro_1","13_otro_2","13_otro_3","14"
"518e9b8","","","","","","","","","","","","","","","","","","","","","","","","","","","","","","","","","","","","","","","","","","","","","","","","","",""
"b5edd3c","","","","","","","","","","","","","","","","","","","","","","","","","","","","","","","","","","","","","","","","","","","","","","","","","",""
"374ecf8",-10608.290712356567,"unknown",-10602.017454147339,-10595.715024471283,0.0,7.512665271759033,9.340376138687134,16.406986474990845,43.78936696052551,50.28810429573059,57.25454616546631,63.23832082748413,"unknown","unknown",69.86017799377441,76.95061254501343,"unknown","","unknown","unknown","unknown","unknown","","unknown","unknown","unknown","unknown",83.06703352928162,"","unknown",88.68409323692322,97.8261468410492,"unknown",103.42532587051392,"unknown",109.12470531463623,117.44080901145935,"unknown","unknown","unknown","unknown","unknown","unknown","unknown","unknown","unknown",124.06225824356079,"unknown","unknown",130.73040962219238
"89f120b","","","","","","","","","","","","","","","","","","","","","","","","","","","","","","","","","","","","","","","","","","","","","","","","","",""
"1883ca0",-10851.635781288147,"unknown",-10845.899307727814,-10839.638224363327,0.0,7.205723762512207,16.125828981399536,24.336318969726562,83.01288604736328,89.98937058448792,100.57307839393616,"unknown",106.478031873703,"unknown",111.90962672233582,114.18744206428528,"unknown","","unknown","unknown","unknown","unknown","","unknown","unknown","unknown","unknown",119.95920777320862,"","unknown",127.16389441490173,129.74023389816284,136.58313703536987,"unknown","unknown",142.21608901023865,145.3267104625702,"unknown","unknown","unknown","unknown","unknown","unknown","unknown","unknown","unknown",152.3003876209259,"unknown","unknown",158.39884853363037
"8d2da97","","","","","","","","","","","","","","","","","","","","","","","","","","","","","","","","","","","","","","","","","","","","","","","","","",""
"2541155",-1467904.7712311745,"unknown",-1467897.6535933018,-1467891.9151875973,0.0,5.644614934921265,27.217573165893555,34.68818521499634,49.93824076652527,56.63762140274048,65.33875179290771,72.20657753944397,"unknown","unknown",78.72075819969177,81.36419939994812,"unknown","","unknown","unknown","unknown","unknown","","unknown","unknown","unknown","unknown",88.60807371139526,"","unknown",95.27840876579285,99.10001754760742,104.82001852989197,"unknown","unknown",111.64722967147827,113.85136437416077,"unknown","unknown","unknown","unknown","unknown","unknown","unknown","unknown","unknown",120.57109308242798,"unknown","unknown",127.58841681480408
"ac6f3f6",-2468.9630110263824,"unknown",-2463.589263677597,-2456.7300267219543,0.0,6.706636905670166,32.90816140174866,41.38080167770386,114.15229845046997,119.60438895225525,132.33548760414124,138.48403096199036,"unknown","unknown",143.85636043548584,147.38648390769958,"unknown","","unknown","unknown","unknown","unknown","","unknown","unknown","unknown","unknown",154.23427510261536,"","unknown",160.7927122116089,214.4963562488556,220.76273655891418,"unknown","unknown",226.26333689689636,258.75911498069763,"unknown","unknown","unknown","unknown","unknown","unknown","unknown","unknown","unknown",265.1814398765564,"unknown","unknown",271.0785446166992
"62447b9","","","","","","","","","","","","","","","","","","","","","","","","","","","","","","","","","","","","","","","","","","","","","","","","","",""
"20f3e2e",-47999.45630288124,"unknown",-47994.2002863884,-47988.336351156235,0.0,6.48696231842041,20.739493370056152,29.34841227531433,73.87254285812378,79.69846796989441,82.29961729049683,"unknown","unknown",88.24507164955139,93.59391641616821,97.56349301338196,"unknown","","unknown","unknown","unknown","unknown","","unknown","unknown","unknown","unknown",103.06475782394409,"","unknown",109.93557214736938,114.76915717124939,"unknown","unknown",121.26375079154968,126.57488799095154,137.5356571674347,"unknown","unknown","unknown","unknown","unknown","unknown","unknown","unknown","unknown",143.47635769844055,"unknown","unknown",149.97878503799438
"4e53c5c",-836.6469433307648,"unknown",-829.658698797226,-823.045750617981,0.0,5.490508079528809,9.550676584243774,17.2353572845459,32.77318739891052,39.955739974975586,45.943796157836914,"unknown",51.31174874305725,"unknown",57.74878907203674,59.70250487327576,"unknown","","unknown","unknown","unknown","unknown","","unknown","unknown","unknown","unknown",65.4056806564331,"","unknown",71.84287595748901,74.0027220249176,80.07693219184875,"unknown","unknown",86.10401105880737,87.42184615135193,"unknown","unknown","unknown","unknown","unknown","unknown","unknown","unknown","unknown",92.72249412536621,"unknown","unknown",98.76148319244385
"ac6ecda","","","","","","","","","","","","","","","","","","","","","","","","","","","","","","","","","","","","","","","","","","","","","","","","","",""
"c899adb",-90369.33688902855,"unknown",-90362.64337277412,-90356.60792732239,0.0,7.23310923576355,10.078853607177734,18.204528093338013,32.296894788742065,38.65961194038391,166.01342630386353,"unknown",172.32406187057495,"unknown",178.55429100990295,180.5393238067627,"unknown","","unknown","unknown","unknown","unknown","","unknown","unknown","unknown","unknown",185.7811779975891,"","unknown",191.7094748020172,196.0156216621399,"unknown",201.78516054153442,"unknown",208.39372611045837,210.64665365219116,"unknown","unknown","unknown","unknown","unknown","unknown","unknown","unknown","unknown",217.07003903388977,"unknown","unknown",224.0280406475067
"b8ec123","","","","","","","","","","","","","","","","","","","","","","","","","","","","","","","","","","","","","","","","","","","","","","","","","",""
"07b298c","","","","","","","","","","","","","","","","","","","","","","","","","","","","","","","","","","","","","","","","","","","","","","","","","",""
"4c7f106","","","","","","","","","","","","","","","","","","","","","","","","","","","","","","","","","","","","","","","","","","","","","","","","","",""
"49db8c4",-8350.839049577713,"unknown",-8345.303733587265,-8339.660518169403,0.0,5.9783875942230225,9.01578664779663,17.125712156295776,36.94819116592407,43.22452163696289,55.67330503463745,"unknown",61.74143099784851,"unknown",67.48041129112244,69.62728524208069,"unknown","","unknown","unknown","unknown","unknown","","unknown","unknown","unknown","unknown",76.3273241519928,"","unknown",82.70024752616882,93.46539855003357,"unknown",98.77245831489563,"unknown",104.10962748527527,107.24297904968262,"unknown","unknown","unknown","unknown","unknown","unknown","unknown","unknown","unknown",113.51655721664429,"unknown","unknown",119.64515399932861
"ea8c0d6","","","","","","","","","","","","","","","","","","","","","","","","","","","","","","","","","","","","","","","","","","","","","","","","","",""
"527d11d","","","","","","","","","","","","","","","","","","","","","","","","","","","","","","","","","","","","","","","","","","","","","","","","","",""
"7cf831f",-28061.884734153748,"unknown",-28056.399872779846,-28050.198142766953,0.0,6.292339086532593,187788.0911178589,187795.7366502285,187822.11088895798,187828.52758932114,187830.66070008278,187836.59793400764,"unknown","unknown",187843.62269806862,187847.83109879494,"unknown","","unknown","unknown","unknown","unknown","","unknown","unknown","unknown","unknown",187854.30063343048,"","unknown",187860.2219326496,187862.33293437958,187867.81218767166,"unknown","unknown",187873.07911491394,187876.43241214752,"unknown","unknown","unknown","unknown","unknown","unknown","unknown","unknown","unknown",187883.04091382027,"unknown","unknown",187888.832801342
"41f497c","","","","","","","","","","","","","","","","","","","","","","","","","","","","","","","","","","","","","","","","","","","","","","","","","",""
"8d5112a","","","","","","","","","","","","","","","","","","","","","","","","","","","","","","","","","","","","","","","","","","","","","","","","","",""
"f496964","","","","","","","","","","","","","","","","","","","","","","","","","","","","","","","","","","","","","","","","","","","","","","","","","",""
"68c3192","","","","","","","","","","","","","","","","","","","","","","","","","","","","","","","","","","","","","","","","","","","","","","","","","",""
"eb77de6","","","","","","","","","","","","","","","","","","","","","","","","","","","","","","","","","","","","","","","","","","","","","","","","","",""
"1288ac2","","","","","","","","","","","","","","","","","","","","","","","","","","","","","","","","","","","","","","","","","","","","","","","","","",""
"8ce483d","","","","","","","","","","","","","","","","","","","","","","","","","","","","","","","","","","","","","","","","","","","","","","","","","",""
"79868cd",-3667.1687092781067,"unknown",-3661.186443567276,-3655.361091852188,0.0,5.493938446044922,10.462090015411377,18.038575649261475,588.6398475170135,595.8730204105377,615.8687975406647,623.0640170574188,"unknown","unknown",629.6459958553314,1111.965791463852,"unknown","","unknown","unknown","unknown","unknown","","unknown","unknown","unknown","unknown",1117.4763185977936,"","unknown",1123.8841667175293,7613.136076211929,"unknown","unknown",7620.503009557724,7626.415924310684,7661.784101724625,"unknown","unknown","unknown","unknown","unknown","unknown","unknown","unknown","unknown",7668.188567638397,"unknown","unknown",7675.275438547134
"56ee475","","","","","","","","","","","","","","","","","","","","","","","","","","","","","","","","","","","","","","","","","","","","","","","","","",""
"916c172","","","","","","","","","","","","","","","","","","","","","","","","","","","","","","","","","","","","","","","","","","","","","","","","","",""
"d9696dd","","","","","","","","","","","","","","","","","","","","","","","","","","","","","","","","","","","","","","","","","","","","","","","","","",""
"eff7ebe","","","","","","","","","","","","","","","","","","","","","","","","","","","","","","","","","","","","","","","","","","","","","","","","","",""
"5d4fcbe","","","","","","","","","","","","","","","","","","","","","","","","","","","","","","","","","","","","","","","","","","","","","","","","","",""
"965ec7c","","","","","","","","","","","","","","","","","","","","","","","","","","","","","","","","","","","","","","","","","","","","","","","","","",""
"170bd80","","","","","","","","","","","","","","","","","","","","","","","","","","","","","","","","","","","","","","","","","","","","","","","","","",""
"e2738b5","","","","","","","","","","","","","","","","","","","","","","","","","","","","","","","","","","","","","","","","","","","","","","","","","",""
"7a54533","","","","","","","","","","","","","","","","","","","","","","","","","","","","","","","","","","","","","","","","","","","","","","","","","",""
"d874e84","","","","","","","","","","","","","","","","","","","","","","","","","","","","","","","","","","","","","","","","","","","","","","","","","",""
"65b2a4c","","","","","","","","","","","","","","","","","","","","","","","","","","","","","","","","","","","","","","","","","","","","","","","","","",""
"c28b1a9","","","","","","","","","","","","","","","","","","","","","","","","","","","","","","","","","","","","","","","","","","","","","","","","","",""
"402df77","","","","","","","","","","","","","","","","","","","","","","","","","","","","","","","","","","","","","","","","","","","","","","","","","",""
"7384692","","","","","","","","","","","","","","","","","","","","","","","","","","","","","","","","","","","","","","","","","","","","","","","","","",""
"90ccafb","","","","","","","","","","","","","","","","","","","","","","","","","","","","","","","","","","","","","","","","","","","","","","","","","",""
"0327530","","","","","","","","","","","","","","","","","","","","","","","","","","","","","","","","","","","","","","","","","","","","","","","","","",""
"47dcadc","","","","","","","","","","","","","","","","","","","","","","","","","","","","","","","","","","","","","","","","","","","","","","","","","",""
"233ee90","","","","","","","","","","","","","","","","","","","","","","","","","","","","","","","","","","","","","","","","","","","","","","","","","",""
"db844b1","","","","","","","","","","","","","","","","","","","","","","","","","","","","","","","","","","","","","","","","","","","","","","","","","",""
"e4c0f9c","","","","","","","","","","","","","","","","","","","","","","","","","","","","","","","","","","","","","","","","","","","","","","","","","",""
"fd01af9","","","","","","","","","","","","","","","","","","","","","","","","","","","","","","","","","","","","","","","","","","","","","","","","","",""
"77a5d2f","","","","","","","","","","","","","","","","","","","","","","","","","","","","","","","","","","","","","","","","","","","","","","","","","",""
"b92dee2","","","","","","","","","","","","","","","","","","","","","","","","","","","","","","","","","","","","","","","","","","","","","","","","","",""
"50ec1c5","","","","","","","","","","","","","","","","","","","","","","","","","","","","","","","","","","","","","","","","","","","","","","","","","",""
"11892fd","","","","","","","","","","","","","","","","","","","","","","","","","","","","","","","","","","","","","","","","","","","","","","","","","",""
"e65bef7","","","","","","","","","","","","","","","","","","","","","","","","","","","","","","","","","","","","","","","","","","","","","","","","","",""
"e5bb5fe","","","","","","","","","","","","","","","","","","","","","","","","","","","","","","","","","","","","","","","","","","","","","","","","","",""
"5ba2fe6","","","","","","","","","","","","","","","","","","","","","","","","","","","","","","","","","","","","","","","","","","","","","","","","","",""
"fcf59af","","","","","","","","","","","","","","","","","","","","","","","","","","","","","","","","","","","","","","","","","","","","","","","","","",""
"c94e42e",-1883.9704093933105,"unknown",-1877.0715951919556,-1871.7542243003845,0.0,6.85850715637207,8.775532960891724,16.27295231819153,23.90275287628174,30.80778670310974,34.02346730232239,"unknown","unknown",40.820438385009766,47.23961544036865,49.99844813346863,"unknown","","unknown","unknown","unknown","unknown","","unknown","unknown","unknown","unknown",55.45813703536987,"","unknown",62.0930392742157,64.36727905273438,"unknown","unknown",69.61680912971497,75.34746098518372,78.02717447280884,"unknown","unknown","unknown","unknown","unknown","unknown","unknown","unknown","unknown",85.31570219993591,"unknown","unknown",91.92531561851501
"ee4b6cd","","","","","","","","","","","","","","","","","","","","","","","","","","","","","","","","","","","","","","","","","","","","","","","","","",""
"f2291ba","","","","","","","","","","","","","","","","","","","","","","","","","","","","","","","","","","","","","","","","","","","","","","","","","",""
"fb6ca94","","","","","","","","","","","","","","","","","","","","","","","","","","","","","","","","","","","","","","","","","","","","","","","","","",""
"5a20153","","","","","","","","","","","","","","","","","","","","","","","","","","","","","","","","","","","","","","","","","","","","","","","","","",""
"516417f","","","","","","","","","","","","","","","","","","","","","","","","","","","","","","","","","","","","","","","","","","","","","","","","","",""
"7a0eabe","","","","","","","","","","","","","","","","","","","","","","","","","","","","","","","","","","","","","","","","","","","","","","","","","",""
"7b65802","","","","","","","","","","","","","","","","","","","","","","","","","","","","","","","","","","","","","","","","","","","","","","","","","",""
"2949a28","","","","","","","","","","","","","","","","","","","","","","","","","","","","","","","","","","","","","","","","","","","","","","","","","",""
"5e09b84","","","","","","","","","","","","","","","","","","","","","","","","","","","","","","","","","","","","","","","","","","","","","","","","","",""
"7da3821","","","","","","","","","","","","","","","","","","","","","","","","","","","","","","","","","","","","","","","","","","","","","","","","","",""
"2f5762a","","","","","","","","","","","","","","","","","","","","","","","","","","","","","","","","","","","","","","","","","","","","","","","","","",""
"50a0fdd","","","","","","","","","","","","","","","","","","","","","","","","","","","","","","","","","","","","","","","","","","","","","","","","","",""
"b7cec81","","","","","","","","","","","","","","","","","","","","","","","","","","","","","","","","","","","","","","","","","","","","","","","","","",""
"bf983ba","","","","","","","","","","","","","","","","","","","","","","","","","","","","","","","","","","","","","","","","","","","","","","","","","",""
"a80b75d","","","","","","","","","","","","","","","","","","","","","","","","","","","","","","","","","","","","","","","","","","","","","","","","","",""
"b53b559","","","","","","","","","","","","","","","","","","","","","","","","","","","","","","","","","","","","","","","","","","","","","","","","","",""
"4a92bfd","","","","","","","","","","","","","","","","","","","","","","","","","","","","","","","","","","","","","","","","","","","","","","","","","",""
"90434eb","","","","","","","","","","","","","","","","","","","","","","","","","","","","","","","","","","","","","","","","","","","","","","","","","",""
"37674f9","","","","","","","","","","","","","","","","","","","","","","","","","","","","","","","","","","","","","","","","","","","","","","","","","",""
"0dc300b","","","","","","","","","","","","","","","","","","","","","","","","","","","","","","","","","","","","","","","","","","","","","","","","","",""
"1800004","","","","","","","","","","","","","","","","","","","","","","","","","","","","","","","","","","","","","","","","","","","","","","","","","",""
"7b3c431","","","","","","","","","","","","","","","","","","","","","","","","","","","","","","","","","","","","","","","","","","","","","","","","","",""
"2457ed6","","","","","","","","","","","","","","","","","","","","","","","","","","","","","","","","","","","","","","","","","","","","","","","","","",""
"c4bba29","","","","","","","","","","","","","","","","","","","","","","","","","","","","","","","","","","","","","","","","","","","","","","","","","",""
"2dffb9e","","","","","","","","","","","","","","","","","","","","","","","","","","","","","","","","","","","","","","","","","","","","","","","","","",""
"7a35b75",-10775.83573937416,"unknown",-10770.384274482727,-10763.615795612335,0.0,7.226912498474121,62.82297968864441,70.80984592437744,131.01227736473083,136.77366495132446,918.7197771072388,"unknown",924.81671833992,"unknown",931.432121515274,936.4417796134949,"unknown","","unknown","unknown","unknown","unknown","","unknown","unknown","unknown","unknown",942.6148238182068,"","unknown",949.7292034626007,953.5167503356934,"unknown",959.0222728252411,"unknown",965.6411240100861,967.7289299964905,"unknown","unknown","unknown","unknown","unknown","unknown","unknown","unknown","unknown",974.1804890632629,"unknown","unknown",979.9264826774597
"3883e37","","","","","","","","","","","","","","","","","","","","","","","","","","","","","","","","","","","","","","","","","","","","","","","","","",""
"eacd6a3","","","","","","","","","","","","","","","","","","","","","","","","","","","","","","","","","","","","","","","","","","","","","","","","","",""
"d09321f","","","","","","","","","","","","","","","","","","","","","","","","","","","","","","","","","","","","","","","","","","","","","","","","","",""
"1116780","","","","","","","","","","","","","","","","","","","","","","","","","","","","","","","","","","","","","","","","","","","","","","","","","",""
"58b1c8e","","","","","","","","","","","","","","","","","","","","","","","","","","","","","","","","","","","","","","","","","","","","","","","","","",""
"bf3dfcf","","","","","","","","","","","","","","","","","","","","","","","","","","","","","","","","","","","","","","","","","","","","","","","","","",""
"80e625f","","","","","","","","","","","","","","","","","","","","","","","","","","","","","","","","","","","","","","","","","","","","","","","","","",""
"9846ca8","","","","","","","","","","","","","","","","","","","","","","","","","","","","","","","","","","","","","","","","","","","","","","","","","",""
"cc02471","","","","","","","","","","","","","","","","","","","","","","","","","","","","","","","","","","","","","","","","","","","","","","","","","",""
"0a30844","","","","","","","","","","","","","","","","","","","","","","","","","","","","","","","","","","","","","","","","","","","","","","","","","",""
"43d0b63","","","","","","","","","","","","","","","","","","","","","","","","","","","","","","","","","","","","","","","","","","","","","","","","","",""
"addf295","","","","","","","","","","","","","","","","","","","","","","","","","","","","","","","","","","","","","","","","","","","","","","","","","",""
"870dc60","","","","","","","","","","","","","","","","","","","","","","","","","","","","","","","","","","","","","","","","","","","","","","","","","",""
"1a8e45b","","","","","","","","","","","","","","","","","","","","","","","","","","","","","","","","","","","","","","","","","","","","","","","","","",""
"0e42357","","","","","","","","","","","","","","","","","","","","","","","","","","","","","","","","","","","","","","","","","","","","","","","","","",""
"5f2a1aa","","","","","","","","","","","","","","","","","","","","","","","","","","","","","","","","","","","","","","","","","","","","","","","","","",""
"87b3434","","","","","","","","","","","","","","","","","","","","","","","","","","","","","","","","","","","","","","","","","","","","","","","","","",""
"bd305b8","","","","","","","","","","","","","","","","","","","","","","","","","","","","","","","","","","","","","","","","","","","","","","","","","",""
"4b70ed3","","","","","","","","","","","","","","","","","","","","","","","","","","","","","","","","","","","","","","","","","","","","","","","","","",""
"8ec15bc",-952.6342279911041,"unknown",-946.9806549549103,-939.7935891151428,0.0,7.158808469772339,9.5905179977417,16.6166889667511,24.270496129989624,30.239097118377686,33.89568853378296,"unknown",40.878968715667725,"unknown",47.282981395721436,55.82316017150879,"unknown","","unknown","unknown","unknown","unknown","","unknown","unknown","unknown","unknown",61.809593200683594,"","unknown",67.46971297264099,70.93222618103027,"unknown",76.26042175292969,"unknown",83.12133765220642,1142.2478969097137,"unknown","unknown","unknown","unknown","unknown","unknown","unknown","unknown","unknown",1148.3609545230865,"unknown","unknown",1155.4983274936676
"6c8906b","","","","","","","","","","","","","","","","","","","","","","","","","","","","","","","","","","","","","","","","","","","","","","","","","",""
"e51496b","","","","","","","","","","","","","","","","","","","","","","","","","","","","","","","","","","","","","","","","","","","","","","","","","",""
"01baaf6","","","","","","","","","","","","","","","","","","","","","","","","","","","","","","","","","","","","","","","","","","","","","","","","","",""
"e8a0b7a","","","","","","","","","","","","","","","","","","","","","","","","","","","","","","","","","","","","","","","","","","","","","","","","","",""
"dae9b13","","","","","","","","","","","","","","","","","","","","","","","","","","","","","","","","","","","","","","","","","","","","","","","","","",""
"6c3f0f6","","","","","","","","","","","","","","","","","","","","","","","","","","","","","","","","","","","","","","","","","","","","","","","","","",""
"4828266","","","","","","","","","","","","","","","","","","","","","","","","","","","","","","","","","","","","","","","","","","","","","","","","","",""
"1f77294","","","","","","","","","","","","","","","","","","","","","","","","","","","","","","","","","","","","","","","","","","","","","","","","","",""
"6f1360e","","","","","","","","","","","","","","","","","","","","","","","","","","","","","","","","","","","","","","","","","","","","","","","","","",""
"1e17723","","","","","","","","","","","","","","","","","","","","","","","","","","","","","","","","","","","","","","","","","","","","","","","","","",""
"614fc3f","","","","","","","","","","","","","","","","","","","","","","","","","","","","","","","","","","","","","","","","","","","","","","","","","",""
"a300755","","","","","","","","","","","","","","","","","","","","","","","","","","","","","","","","","","","","","","","","","","","","","","","","","",""
"802d704","","","","","","","","","","","","","","","","","","","","","","","","","","","","","","","","","","","","","","","","","","","","","","","","","",""
"e892cd4","","","","","","","","","","","","","","","","","","","","","","","","","","","","","","","","","","","","","","","","","","","","","","","","","",""
"b06ee97","","","","","","","","","","","","","","","","","","","","","","","","","","","","","","","","","","","","","","","","","","","","","","","","","",""
"758fff8","","","","","","","","","","","","","","","","","","","","","","","","","","","","","","","","","","","","","","","","","","","","","","","","","",""
"ac42d69","","","","","","","","","","","","","","","","","","","","","","","","","","","","","","","","","","","","","","","","","","","","","","","","","",""
"7bb45d3","","","","","","","","","","","","","","","","","","","","","","","","","","","","","","","","","","","","","","","","","","","","","","","","","",""
"7622483","","","","","","","","","","","","","","","","","","","","","","","","","","","","","","","","","","","","","","","","","","","","","","","","","",""
"1f16f74","","","","","","","","","","","","","","","","","","","","","","","","","","","","","","","","","","","","","","","","","","","","","","","","","",""
"730747e","","","","","","","","","","","","","","","","","","","","","","","","","","","","","","","","","","","","","","","","","","","","","","","","","",""
"07ff49d","","","","","","","","","","","","","","","","","","","","","","","","","","","","","","","","","","","","","","","","","","","","","","","","","",""
"22fdb61","","","","","","","","","","","","","","","","","","","","","","","","","","","","","","","","","","","","","","","","","","","","","","","","","",""
"db046f2","","","","","","","","","","","","","","","","","","","","","","","","","","","","","","","","","","","","","","","","","","","","","","","","","",""
"73c3f48","","","","","","","","","","","","","","","","","","","","","","","","","","","","","","","","","","","","","","","","","","","","","","","","","",""
"3218556","","","","","","","","","","","","","","","","","","","","","","","","","","","","","","","","","","","","","","","","","","","","","","","","","",""
"99ee852","","","","","","","","","","","","","","","","","","","","","","","","","","","","","","","","","","","","","","","","","","","","","","","","","",""
"ad2fc5b","","","","","","","","","","","","","","","","","","","","","","","","","","","","","","","","","","","","","","","","","","","","","","","","","",""
"d318264","","","","","","","","","","","","","","","","","","","","","","","","","","","","","","","","","","","","","","","","","","","","","","","","","",""
"741ef32","","","","","","","","","","","","","","","","","","","","","","","","","","","","","","","","","","","","","","","","","","","","","","","","","",""
"b75259d","","","","","","","","","","","","","","","","","","","","","","","","","","","","","","","","","","","","","","","","","","","","","","","","","",""
"b67425b","","","","","","","","","","","","","","","","","","","","","","","","","","","","","","","","","","","","","","","","","","","","","","","","","",""
"446ad6c",-10347.493573188782,"unknown",-10340.775082349777,-10334.80235171318,0.0,5.673795938491821,7.850120544433594,15.042404413223267,28.964093923568726,36.02336883544922,38.6870903968811,45.241225481033325,"unknown","unknown",51.47919726371765,53.41382670402527,"unknown","","unknown","unknown","unknown","unknown","","unknown","unknown","unknown","unknown",59.418973207473755,"","unknown",65.27367305755615,71.3728940486908,77.27834963798523,"unknown","unknown",83.20439171791077,85.28640937805176,"unknown","unknown","unknown","unknown","unknown","unknown","unknown","unknown","unknown",92.40106296539307,"unknown","unknown",98.69028449058533
"70405ea","","","","","","","","","","","","","","","","","","","","","","","","","","","","","","","","","","","","","","","","","","","","","","","","","",""
"1117a63","","","","","","","","","","","","","","","","","","","","","","","","","","","","","","","","","","","","","","","","","","","","","","","","","",""
"537189f","","","","","","","","","","","","","","","","","","","","","","","","","","","","","","","","","","","","","","","","","","","","","","","","","",""
"17b5a6e","","","","","","","","","","","","","","","","","","","","","","","","","","","","","","","","","","","","","","","","","","","","","","","","","",""
"d3e37eb","","","","","","","","","","","","","","","","","","","","","","","","","","","","","","","","","","","","","","","","","","","","","","","","","",""
"2ee7f92","","","","","","","","","","","","","","","","","","","","","","","","","","","","","","","","","","","","","","","","","","","","","","","","","",""
"89d63ed","","","","","","","","","","","","","","","","","","","","","","","","","","","","","","","","","","","","","","","","","","","","","","","","","",""
"c0a644e","","","","","","","","","","","","","","","","","","","","","","","","","","","","","","","","","","","","","","","","","","","","","","","","","",""
"80f558b","","","","","","","","","","","","","","","","","","","","","","","","","","","","","","","","","","","","","","","","","","","","","","","","","",""
"9ad2396","","","","","","","","","","","","","","","","","","","","","","","","","","","","","","","","","","","","","","","","","","","","","","","","","",""
"87e4f18","","","","","","","","","","","","","","","","","","","","","","","","","","","","","","","","","","","","","","","","","","","","","","","","","",""
"0186834","","","","","","","","","","","","","","","","","","","","","","","","","","","","","","","","","","","","","","","","","","","","","","","","","",""
"0355f6d","","","","","","","","","","","","","","","","","","","","","","","","","","","","","","","","","","","","","","","","","","","","","","","","","",""
"fa6a8b8","","","","","","","","","","","","","","","","","","","","","","","","","","","","","","","","","","","","","","","","","","","","","","","","","",""
"44167d5","","","","","","","","","","","","","","","","","","","","","","","","","","","","","","","","","","","","","","","","","","","","","","","","","",""
"145d339",-13718.0502679348,"unknown",-13711.174170732498,-13704.371137619019,0.0,6.560689210891724,13.442810773849487,22.08076524734497,33.461214780807495,40.38237643241882,44.78347206115723,"unknown","unknown",51.25772213935852,58.481855630874634,60.1822292804718,66.3857069015503,68.07604908943176,"unknown",73.69334030151367,"unknown",80.21649479866028,81.47463631629944,"unknown","unknown","unknown","unknown","unknown",87.06777763366699,"unknown",92.88521409034729,1508.9931926727295,"unknown",1515.9150049686432,"unknown",1523.0531990528107,1524.480374097824,"unknown","unknown","unknown","unknown","unknown","unknown","unknown","unknown","unknown",1530.0655462741852,"unknown","unknown",1536.6686387062073
"e96f42c","","","","","","","","","","","","","","","","","","","","","","","","","","","","","","","","","","","","","","","","","","","","","","","","","",""
"f382ec0","","","","","","","","","","","","","","","","","","","","","","","","","","","","","","","","","","","","","","","","","","","","","","","","","",""
"962a7dd","","","","","","","","","","","","","","","","","","","","","","","","","","","","","","","","","","","","","","","","","","","","","","","","","",""
"5c97513","","","","","","","","","","","","","","","","","","","","","","","","","","","","","","","","","","","","","","","","","","","","","","","","","",""
"acc6118","","","","","","","","","","","","","","","","","","","","","","","","","","","","","","","","","","","","","","","","","","","","","","","","","",""
"d33371d","","","","","","","","","","","","","","","","","","","","","","","","","","","","","","","","","","","","","","","","","","","","","","","","","",""
"78603ec","","","","","","","","","","","","","","","","","","","","","","","","","","","","","","","","","","","","","","","","","","","","","","","","","",""
"5d45bd1","","","","","","","","","","","","","","","","","","","","","","","","","","","","","","","","","","","","","","","","","","","","","","","","","",""
"cfcbc2d","","","","","","","","","","","","","","","","","","","","","","","","","","","","","","","","","","","","","","","","","","","","","","","","","",""
"98ecb86","","","","","","","","","","","","","","","","","","","","","","","","","","","","","","","","","","","","","","","","","","","","","","","","","",""
"7636563",-32.79436731338501,"unknown",-27.01438546180725,-21.007126092910767,0.0,6.648371934890747,8.837244272232056,18.00383710861206,34.4706015586853,40.92814612388611,53.21571493148804,"unknown",59.475107192993164,"unknown",66.29836249351501,67.99333310127258,"unknown","","unknown","unknown","unknown","unknown","","unknown","unknown","unknown","unknown",75.1527464389801,"","unknown",80.71565914154053,82.88276600837708,89.41990327835083,"unknown","unknown",95.28845715522766,96.83103251457214,"unknown","unknown","unknown","unknown","unknown","unknown","unknown","unknown","unknown",103.87546062469482,"unknown","unknown",111.1309335231781
"5d2b358","","","","","","","","","","","","","","","","","","","","","","","","","","","","","","","","","","","","","","","","","","","","","","","","","",""
"5d9ae0c","","","","","","","","","","","","","","","","","","","","","","","","","","","","","","","","","","","","","","","","","","","","","","","","","",""
"73d4e20","","","","","","","","","","","","","","","","","","","","","","","","","","","","","","","","","","","","","","","","","","","","","","","","","",""
"be94a32","","","","","","","","","","","","","","","","","","","","","","","","","","","","","","","","","","","","","","","","","","","","","","","","","",""
"9f972fb","","","","","","","","","","","","","","","","","","","","","","","","","","","","","","","","","","","","","","","","","","","","","","","","","",""
"6e93efd","","","","","","","","","","","","","","","","","","","","","","","","","","","","","","","","","","","","","","","","","","","","","","","","","",""
"5a4afae","","","","","","","","","","","","","","","","","","","","","","","","","","","","","","","","","","","","","","","","","","","","","","","","","",""
"c34e373","","","","","","","","","","","","","","","","","","","","","","","","","","","","","","","","","","","","","","","","","","","","","","","","","",""
"60a02cd","","","","","","","","","","","","","","","","","","","","","","","","","","","","","","","","","","","","","","","","","","","","","","","","","",""
"6bac72b",-8823.347813367844,"unknown",-8818.03341293335,-8811.803899765015,0.0,6.421358823776245,8.340567350387573,16.175954818725586,26.071422338485718,31.308912754058838,39.47254753112793,"unknown",44.93247079849243,"unknown",50.91511130332947,52.89151382446289,"unknown","","unknown","unknown","unknown","unknown","","unknown","unknown","unknown","unknown",58.960466146469116,"","unknown",64.60859632492065,70.56612873077393,"unknown",77.45013904571533,"unknown",83.81225275993347,85.16365170478821,"unknown","unknown","unknown","unknown","unknown","unknown","unknown","unknown","unknown",90.86807060241699,"unknown","unknown",96.89061236381531
"c9285e4","","","","","","","","","","","","","","","","","","","","","","","","","","","","","","","","","","","","","","","","","","","","","","","","","",""
"bd4b2f4",-5971.260855436325,"unknown",-5964.426363945007,-5959.081822633743,0.0,6.3946709632873535,10.11266541481018,17.44544267654419,29.686273097991943,36.750608921051025,39.30744934082031,46.00397610664368,"unknown","unknown",52.52754354476929,54.50536227226257,"unknown","","unknown","unknown","unknown","unknown","","unknown","unknown","unknown","unknown",61.55431628227234,"","unknown",67.236487865448,69.0021436214447,75.2078001499176,"unknown","unknown",80.68292999267578,82.54582953453064,"unknown","unknown","unknown","unknown","unknown","unknown","unknown","unknown","unknown",89.25483250617981,"unknown","unknown",95.0561363697052
"bd650e8","","","","","","","","","","","","","","","","","","","","","","","","","","","","","","","","","","","","","","","","","","","","","","","","","",""
"b81bc6e","","","","","","","","","","","","","","","","","","","","","","","","","","","","","","","","","","","","","","","","","","","","","","","","","",""
"32b1d7b","","","","","","","","","","","","","","","","","","","","","","","","","","","","","","","","","","","","","","","","","","","","","","","","","",""
"0ff20c2","","","","","","","","","","","","","","","","","","","","","","","","","","","","","","","","","","","","","","","","","","","","","","","","","",""
"19b0291","","","","","","","","","","","","","","","","","","","","","","","","","","","","","","","","","","","","","","","","","","","","","","","","","",""
"b0e3caa","","","","","","","","","","","","","","","","","","","","","","","","","","","","","","","","","","","","","","","","","","","","","","","","","",""
"297d8e5","","","","","","","","","","","","","","","","","","","","","","","","","","","","","","","","","","","","","","","","","","","","","","","","","",""
"45f7f6c","","","","","","","","","","","","","","","","","","","","","","","","","","","","","","","","","","","","","","","","","","","","","","","","","",""
"1df700a","","","","","","","","","","","","","","","","","","","","","","","","","","","","","","","","","","","","","","","","","","","","","","","","","",""
"d3a396c","","","","","","","","","","","","","","","","","","","","","","","","","","","","","","","","","","","","","","","","","","","","","","","","","",""
"79b129c","","","","","","","","","","","","","","","","","","","","","","","","","","","","","","","","","","","","","","","","","","","","","","","","","",""
"dd6da1c","","","","","","","","","","","","","","","","","","","","","","","","","","","","","","","","","","","","","","","","","","","","","","","","","",""
"d85b5c4","","","","","","","","","","","","","","","","","","","","","","","","","","","","","","","","","","","","","","","","","","","","","","","","","",""
"43b56f8","","","","","","","","","","","","","","","","","","","","","","","","","","","","","","","","","","","","","","","","","","","","","","","","","",""
"3ecbabb","","","","","","","","","","","","","","","","","","","","","","","","","","","","","","","","","","","","","","","","","","","","","","","","","",""
"c9c92b5","","","","","","","","","","","","","","","","","","","","","","","","","","","","","","","","","","","","","","","","","","","","","","","","","",""
"f9b9236",-4927.8056008815765,"unknown",-4921.092540502548,-4914.576352357864,0.0,5.731364965438843,9.052515029907227,16.859124898910522,27.598098754882812,33.366230726242065,84.54267930984497,"unknown",89.94669032096863,"unknown",96.48702335357666,101.86810326576233,"unknown","","unknown","unknown","unknown","unknown","","unknown","unknown","unknown","unknown",107.51273345947266,"","unknown",114.02221298217773,118.1285629272461,"unknown",123.90084290504456,"unknown",130.4925274848938,133.30773782730103,"unknown","unknown","unknown","unknown","unknown","unknown","unknown","unknown","unknown",139.9122817516327,"unknown","unknown",145.66289114952087
"4a0236d","","","","","","","","","","","","","","","","","","","","","","","","","","","","","","","","","","","","","","","","","","","","","","","","","",""
"b7a265d","","","","","","","","","","","","","","","","","","","","","","","","","","","","","","","","","","","","","","","","","","","","","","","","","",""
"912afde","","","","","","","","","","","","","","","","","","","","","","","","","","","","","","","","","","","","","","","","","","","","","","","","","",""
"c97639e","","","","","","","","","","","","","","","","","","","","","","","","","","","","","","","","","","","","","","","","","","","","","","","","","",""
"af72486","","","","","","","","","","","","","","","","","","","","","","","","","","","","","","","","","","","","","","","","","","","","","","","","","",""
"e2517d9","","","","","","","","","","","","","","","","","","","","","","","","","","","","","","","","","","","","","","","","","","","","","","","","","",""
"fc4adfc","","","","","","","","","","","","","","","","","","","","","","","","","","","","","","","","","","","","","","","","","","","","","","","","","",""
"1e88a68","","","","","","","","","","","","","","","","","","","","","","","","","","","","","","","","","","","","","","","","","","","","","","","","","",""
"9d97673","","","","","","","","","","","","","","","","","","","","","","","","","","","","","","","","","","","","","","","","","","","","","","","","","",""
"7baeff7","","","","","","","","","","","","","","","","","","","","","","","","","","","","","","","","","","","","","","","","","","","","","","","","","",""
"aa07d95",-750.6865940093994,"unknown",-744.7354357242584,-739.1762759685516,0.0,7.3983542919158936,8.568766832351685,16.936713218688965,28.923720121383667,35.99443578720093,37.6453697681427,44.05219125747681,"unknown","unknown",51.10137414932251,52.37939763069153,"unknown","","unknown","unknown","unknown","unknown","","unknown","unknown","unknown","unknown",59.038920640945435,"","unknown",65.56258821487427,67.07600617408752,73.57920098304749,"unknown","unknown",79.18378210067749,81.39285969734192,"unknown","unknown","unknown","unknown","unknown","unknown","unknown","unknown","unknown",87.33435344696045,"unknown","unknown",93.47860312461853
"d27b032","","","","","","","","","","","","","","","","","","","","","","","","","","","","","","","","","","","","","","","","","","","","","","","","","",""
"ffa62f5","","","","","","","","","","","","","","","","","","","","","","","","","","","","","","","","","","","","","","","","","","","","","","","","","",""
"38c4951","","","","","","","","","","","","","","","","","","","","","","","","","","","","","","","","","","","","","","","","","","","","","","","","","",""
"85ba0bb","","","","","","","","","","","","","","","","","","","","","","","","","","","","","","","","","","","","","","","","","","","","","","","","","",""
"13dba9e","","","","","","","","","","","","","","","","","","","","","","","","","","","","","","","","","","","","","","","","","","","","","","","","","",""
"e6d310e","","","","","","","","","","","","","","","","","","","","","","","","","","","","","","","","","","","","","","","","","","","","","","","","","",""
"8c74aa5",-6364.023020744324,"unknown",-6358.1441950798035,-6352.237758398056,0.0,5.37178373336792,9.554073810577393,18.530611515045166,32.61227202415466,39.82016563415527,41.802507400512695,47.78967332839966,"unknown","unknown",54.50630068778992,56.288241386413574,"unknown","","unknown","unknown","unknown","unknown","","unknown","unknown","unknown","unknown",63.48043870925903,"","unknown",70.27952933311462,74.45014667510986,81.69482016563416,"unknown","unknown",88.80402064323425,90.14986443519592,"unknown","unknown","unknown","unknown","unknown","unknown","unknown","unknown","unknown",96.51089429855347,"unknown","unknown",102.71841835975647
"679fa36","","","","","","","","","","","","","","","","","","","","","","","","","","","","","","","","","","","","","","","","","","","","","","","","","",""
"b1d77f9","","","","","","","","","","","","","","","","","","","","","","","","","","","","","","","","","","","","","","","","","","","","","","","","","",""
"b164bf7","","","","","","","","","","","","","","","","","","","","","","","","","","","","","","","","","","","","","","","","","","","","","","","","","",""
"7e62763","","","","","","","","","","","","","","","","","","","","","","","","","","","","","","","","","","","","","","","","","","","","","","","","","",""
"c7a7d85","","","","","","","","","","","","","","","","","","","","","","","","","","","","","","","","","","","","","","","","","","","","","","","","","",""
"3b7f267","","","","","","","","","","","","","","","","","","","","","","","","","","","","","","","","","","","","","","","","","","","","","","","","","",""
"fa1efad","","","","","","","","","","","","","","","","","","","","","","","","","","","","","","","","","","","","","","","","","","","","","","","","","",""
"4a9b689","","","","","","","","","","","","","","","","","","","","","","","","","","","","","","","","","","","","","","","","","","","","","","","","","",""
"49bd7ab","","","","","","","","","","","","","","","","","","","","","","","","","","","","","","","","","","","","","","","","","","","","","","","","","",""
"ae58bf1","","","","","","","","","","","","","","","","","","","","","","","","","","","","","","","","","","","","","","","","","","","","","","","","","",""
"492238f","","","","","","","","","","","","","","","","","","","","","","","","","","","","","","","","","","","","","","","","","","","","","","","","","",""
"65acecd","","","","","","","","","","","","","","","","","","","","","","","","","","","","","","","","","","","","","","","","","","","","","","","","","",""
"43c977d","","","","","","","","","","","","","","","","","","","","","","","","","","","","","","","","","","","","","","","","","","","","","","","","","",""
"4eff6be","","","","","","","","","","","","","","","","","","","","","","","","","","","","","","","","","","","","","","","","","","","","","","","","","",""
"e1b193b","","","","","","","","","","","","","","","","","","","","","","","","","","","","","","","","","","","","","","","","","","","","","","","","","",""
"1415cd3","","","","","","","","","","","","","","","","","","","","","","","","","","","","","","","","","","","","","","","","","","","","","","","","","",""
"2953e33","","","","","","","","","","","","","","","","","","","","","","","","","","","","","","","","","","","","","","","","","","","","","","","","","",""
"a540012","","","","","","","","","","","","","","","","","","","","","","","","","","","","","","","","","","","","","","","","","","","","","","","","","",""
"dd88e0f","","","","","","","","","","","","","","","","","","","","","","","","","","","","","","","","","","","","","","","","","","","","","","","","","",""
"58cb4bb","","","","","","","","","","","","","","","","","","","","","","","","","","","","","","","","","","","","","","","","","","","","","","","","","",""
"d135983","","","","","","","","","","","","","","","","","","","","","","","","","","","","","","","","","","","","","","","","","","","","","","","","","",""
"1b88f70","","","","","","","","","","","","","","","","","","","","","","","","","","","","","","","","","","","","","","","","","","","","","","","","","",""
"814517e","","","","","","","","","","","","","","","","","","","","","","","","","","","","","","","","","","","","","","","","","","","","","","","","","",""
"53deb5c","","","","","","","","","","","","","","","","","","","","","","","","","","","","","","","","","","","","","","","","","","","","","","","","","",""
"e4cf342","","","","","","","","","","","","","","","","","","","","","","","","","","","","","","","","","","","","","","","","","","","","","","","","","",""
"c1a9909","","","","","","","","","","","","","","","","","","","","","","","","","","","","","","","","","","","","","","","","","","","","","","","","","",""
"844ab34","","","","","","","","","","","","","","","","","","","","","","","","","","","","","","","","","","","","","","","","","","","","","","","","","",""
"5f84339","","","","","","","","","","","","","","","","","","","","","","","","","","","","","","","","","","","","","","","","","","","","","","","","","",""
"32980f8","","","","","","","","","","","","","","","","","","","","","","","","","","","","","","","","","","","","","","","","","","","","","","","","","",""
"fc2538d","","","","","","","","","","","","","","","","","","","","","","","","","","","","","","","","","","","","","","","","","","","","","","","","","",""
"4c228f6",-489.14755153656006,"unknown",-483.89700508117676,-477.84778690338135,0.0,5.884553670883179,8.749585628509521,16.346898078918457,37.21657419204712,43.0921368598938,46.3195526599884,52.673739194869995,"unknown","unknown",58.82132911682129,62.16254663467407,"unknown","","unknown","unknown","unknown","unknown","","unknown","unknown","unknown","unknown",69.0433452129364,"","unknown",75.0440514087677,78.60553646087646,84.2542793750763,"unknown","unknown",90.10531711578369,94.10756969451904,"unknown","unknown","unknown","unknown","unknown","unknown","unknown","unknown","unknown",100.61242365837097,"unknown","unknown",107.0485405921936
"747ce5f","","","","","","","","","","","","","","","","","","","","","","","","","","","","","","","","","","","","","","","","","","","","","","","","","",""
"6ab42f2","","","","","","","","","","","","","","","","","","","","","","","","","","","","","","","","","","","","","","","","","","","","","","","","","",""
"41f2447",-1651.592443704605,"unknown",-1644.5064475536346,-1638.9031836986542,0.0,6.152298450469971,8.26076078414917,15.393238544464111,30.816473960876465,36.18605899810791,48.767043590545654,"unknown",55.18118762969971,"unknown",62.422390937805176,64.33287405967712,"unknown","","unknown","unknown","unknown","unknown","","unknown","unknown","unknown","unknown",69.81427121162415,"","unknown",76.7731568813324,82.11783218383789,87.54609799385071,"unknown","unknown",93.63274765014648,95.45373487472534,"unknown","unknown","unknown","unknown","unknown","unknown","unknown","unknown","unknown",101.36508250236511,"unknown","unknown",107.4490327835083
"5bf619a","","","","","","","","","","","","","","","","","","","","","","","","","","","","","","","","","","","","","","","","","","","","","","","","","",""
"a123713","","","","","","","","","","","","","","","","","","","","","","","","","","","","","","","","","","","","","","","","","","","","","","","","","",""
"41011fc","","","","","","","","","","","","","","","","","","","","","","","","","","","","","","","","","","","","","","","","","","","","","","","","","",""
"4997357","","","","","","","","","","","","","","","","","","","","","","","","","","","","","","","","","","","","","","","","","","","","","","","","","",""
"5455b1d","","","","","","","","","","","","","","","","","","","","","","","","","","","","","","","","","","","","","","","","","","","","","","","","","",""
"f52861b","","","","","","","","","","","","","","","","","","","","","","","","","","","","","","","","","","","","","","","","","","","","","","","","","",""
"d8ecf99","","","","","","","","","","","","","","","","","","","","","","","","","","","","","","","","","","","","","","","","","","","","","","","","","",""
"466a0ab","","","","","","","","","","","","","","","","","","","","","","","","","","","","","","","","","","","","","","","","","","","","","","","","","",""
"399b994","","","","","","","","","","","","","","","","","","","","","","","","","","","","","","","","","","","","","","","","","","","","","","","","","",""
"6568ea1","","","","","","","","","","","","","","","","","","","","","","","","","","","","","","","","","","","","","","","","","","","","","","","","","",""
"a839247","","","","","","","","","","","","","","","","","","","","","","","","","","","","","","","","","","","","","","","","","","","","","","","","","",""
"5d6ad7f","","","","","","","","","","","","","","","","","","","","","","","","","","","","","","","","","","","","","","","","","","","","","","","","","",""
"9f79cf4","","","","","","","","","","","","","","","","","","","","","","","","","","","","","","","","","","","","","","","","","","","","","","","","","",""
"528d0fe","","","","","","","","","","","","","","","","","","","","","","","","","","","","","","","","","","","","","","","","","","","","","","","","","",""
"900150c","","","","","","","","","","","","","","","","","","","","","","","","","","","","","","","","","","","","","","","","","","","","","","","","","",""
"f91cb3f","","","","","","","","","","","","","","","","","","","","","","","","","","","","","","","","","","","","","","","","","","","","","","","","","",""
"924de30","","","","","","","","","","","","","","","","","","","","","","","","","","","","","","","","","","","","","","","","","","","","","","","","","",""
"959908d","","","","","","","","","","","","","","","","","","","","","","","","","","","","","","","","","","","","","","","","","","","","","","","","","",""
"d925650","","","","","","","","","","","","","","","","","","","","","","","","","","","","","","","","","","","","","","","","","","","","","","","","","",""
"37798a6","","","","","","","","","","","","","","","","","","","","","","","","","","","","","","","","","","","","","","","","","","","","","","","","","",""
"ff10184","","","","","","","","","","","","","","","","","","","","","","","","","","","","","","","","","","","","","","","","","","","","","","","","","",""
"cde7968","","","","","","","","","","","","","","","","","","","","","","","","","","","","","","","","","","","","","","","","","","","","","","","","","",""
"a1efa63","","","","","","","","","","","","","","","","","","","","","","","","","","","","","","","","","","","","","","","","","","","","","","","","","",""
"52d61f6",-5114.386104822159,"unknown",-5107.826158285141,-5101.324793100357,0.0,6.884096145629883,8.290113925933838,15.805970668792725,27.121899366378784,34.10950803756714,36.52930808067322,42.38282537460327,"unknown","unknown",47.79145550727844,49.30913686752319,"unknown","","unknown","unknown","unknown","unknown","","unknown","unknown","unknown","unknown",55.907835721969604,"","unknown",61.21653175354004,72.17178797721863,79.33366394042969,"unknown","unknown",84.76180768013,86.3531584739685,"unknown","unknown","unknown","unknown","unknown","unknown","unknown","unknown","unknown",93.28518533706665,"unknown","unknown",99.29235315322876
"34d8485",-34.11801528930664,"unknown",-27.187941312789917,-21.086612462997437,0.0,6.292945146560669,11.465471506118774,20.281235933303833,84.55386090278625,90.99383854866028,101.1875729560852,106.99638652801514,"unknown","unknown",113.69453930854797,116.21754741668701,"unknown","","unknown","unknown","unknown","unknown","","unknown","unknown","unknown","unknown",122.26442646980286,"","unknown",129.36870002746582,154.1463623046875,"unknown",160.3007891178131,"unknown",166.92039728164673,169.4135308265686,"unknown","unknown","unknown","unknown","unknown","unknown","unknown","unknown","unknown",175.92002487182617,"unknown","unknown",182.22483944892883
"693ef79",-100960.85012197495,"unknown",-100953.7024667263,-100947.77990722656,0.0,5.946111679077148,66.702068567276,74.75299549102783,101.87454271316528,107.94354939460754,117.37508153915405,"unknown",123.47723126411438,"unknown",129.6580786705017,139.435302734375,"unknown","","unknown","unknown","unknown","unknown","","unknown","unknown","unknown","unknown",144.8874032497406,"","unknown",152.1731472015381,177.5269012451172,"unknown",183.9696593284607,"unknown",190.17876768112183,199.72561693191528,"unknown","unknown","unknown","unknown","unknown","unknown","unknown","unknown","unknown",206.96558690071106,"unknown","unknown",212.59420156478882
"0d5233e","","","","","","","","","","","","","","","","","","","","","","","","","","","","","","","","","","","","","","","","","","","","","","","","","",""
"ce1d155","","","","","","","","","","","","","","","","","","","","","","","","","","","","","","","","","","","","","","","","","","","","","","","","","",""
"fafded6","","","","","","","","","","","","","","","","","","","","","","","","","","","","","","","","","","","","","","","","","","","","","","","","","",""
"f0a4194","","","","","","","","","","","","","","","","","","","","","","","","","","","","","","","","","","","","","","","","","","","","","","","","","",""
"11e5d50","","","","","","","","","","","","","","","","","","","","","","","","","","","","","","","","","","","","","","","","","","","","","","","","","",""
"047f2ca","","","","","","","","","","","","","","","","","","","","","","","","","","","","","","","","","","","","","","","","","","","","","","","","","",""
"e353d18","","","","","","","","","","","","","","","","","","","","","","","","","","","","","","","","","","","","","","","","","","","","","","","","","",""
"02b634c","","","","","","","","","","","","","","","","","","","","","","","","","","","","","","","","","","","","","","","","","","","","","","","","","",""
"0f91d63","","","","","","","","","","","","","","","","","","","","","","","","","","","","","","","","","","","","","","","","","","","","","","","","","",""
"7fb35e6","","","","","","","","","","","","","","","","","","","","","","","","","","","","","","","","","","","","","","","","","","","","","","","","","",""
"87e086c","","","","","","","","","","","","","","","","","","","","","","","","","","","","","","","","","","","","","","","","","","","","","","","","","",""
"890df05","","","","","","","","","","","","","","","","","","","","","","","","","","","","","","","","","","","","","","","","","","","","","","","","","",""
"ece9ce7","","","","","","","","","","","","","","","","","","","","","","","","","","","","","","","","","","","","","","","","","","","","","","","","","",""
"a975113","","","","","","","","","","","","","","","","","","","","","","","","","","","","","","","","","","","","","","","","","","","","","","","","","",""
"59c79dc","","","","","","","","","","","","","","","","","","","","","","","","","","","","","","","","","","","","","","","","","","","","","","","","","",""
"dee5269","","","","","","","","","","","","","","","","","","","","","","","","","","","","","","","","","","","","","","","","","","","","","","","","","",""
"844fef2","","","","","","","","","","","","","","","","","","","","","","","","","","","","","","","","","","","","","","","","","","","","","","","","","",""
"ef7d623","","","","","","","","","","","","","","","","","","","","","","","","","","","","","","","","","","","","","","","","","","","","","","","","","",""
"a54cf83","","","","","","","","","","","","","","","","","","","","","","","","","","","","","","","","","","","","","","","","","","","","","","","","","",""
"e98cdcd","","","","","","","","","","","","","","","","","","","","","","","","","","","","","","","","","","","","","","","","","","","","","","","","","",""
"a3ff1ab","","","","","","","","","","","","","","","","","","","","","","","","","","","","","","","","","","","","","","","","","","","","","","","","","",""
"33bcee6","","","","","","","","","","","","","","","","","","","","","","","","","","","","","","","","","","","","","","","","","","","","","","","","","",""
"c494a29","","","","","","","","","","","","","","","","","","","","","","","","","","","","","","","","","","","","","","","","","","","","","","","","","",""
"aa68b7a","","","","","","","","","","","","","","","","","","","","","","","","","","","","","","","","","","","","","","","","","","","","","","","","","",""
"92db041","","","","","","","","","","","","","","","","","","","","","","","","","","","","","","","","","","","","","","","","","","","","","","","","","",""
"b921637","","","","","","","","","","","","","","","","","","","","","","","","","","","","","","","","","","","","","","","","","","","","","","","","","",""
"0fa3c49","","","","","","","","","","","","","","","","","","","","","","","","","","","","","","","","","","","","","","","","","","","","","","","","","",""
"e581545","","","","","","","","","","","","","","","","","","","","","","","","","","","","","","","","","","","","","","","","","","","","","","","","","",""
"cb28371","","","","","","","","","","","","","","","","","","","","","","","","","","","","","","","","","","","","","","","","","","","","","","","","","",""
"a664235","","","","","","","","","","","","","","","","","","","","","","","","","","","","","","","","","","","","","","","","","","","","","","","","","",""
"81f41fd","","","","","","","","","","","","","","","","","","","","","","","","","","","","","","","","","","","","","","","","","","","","","","","","","",""
"f38953f","","","","","","","","","","","","","","","","","","","","","","","","","","","","","","","","","","","","","","","","","","","","","","","","","",""
"6801018","","","","","","","","","","","","","","","","","","","","","","","","","","","","","","","","","","","","","","","","","","","","","","","","","",""
"61d9d14","","","","","","","","","","","","","","","","","","","","","","","","","","","","","","","","","","","","","","","","","","","","","","","","","",""
"ac3a94c","","","","","","","","","","","","","","","","","","","","","","","","","","","","","","","","","","","","","","","","","","","","","","","","","",""
"eccfff0","","","","","","","","","","","","","","","","","","","","","","","","","","","","","","","","","","","","","","","","","","","","","","","","","",""
"49f21e0","","","","","","","","","","","","","","","","","","","","","","","","","","","","","","","","","","","","","","","","","","","","","","","","","",""
"02ed09a","","","","","","","","","","","","","","","","","","","","","","","","","","","","","","","","","","","","","","","","","","","","","","","","","",""
"0514a07","","","","","","","","","","","","","","","","","","","","","","","","","","","","","","","","","","","","","","","","","","","","","","","","","",""
"37b9a9f","","","","","","","","","","","","","","","","","","","","","","","","","","","","","","","","","","","","","","","","","","","","","","","","","",""
"3c0c7c1","","","","","","","","","","","","","","","","","","","","","","","","","","","","","","","","","","","","","","","","","","","","","","","","","",""
"89f6d9e","","","","","","","","","","","","","","","","","","","","","","","","","","","","","","","","","","","","","","","","","","","","","","","","","",""
"4569a12","","","","","","","","","","","","","","","","","","","","","","","","","","","","","","","","","","","","","","","","","","","","","","","","","",""
"39dc9b8","","","","","","","","","","","","","","","","","","","","","","","","","","","","","","","","","","","","","","","","","","","","","","","","","",""
"56bae3a","","","","","","","","","","","","","","","","","","","","","","","","","","","","","","","","","","","","","","","","","","","","","","","","","",""
"28ec805","","","","","","","","","","","","","","","","","","","","","","","","","","","","","","","","","","","","","","","","","","","","","","","","","",""
"4c8a5bc","","","","","","","","","","","","","","","","","","","","","","","","","","","","","","","","","","","","","","","","","","","","","","","","","",""
"48179d1","","","","","","","","","","","","","","","","","","","","","","","","","","","","","","","","","","","","","","","","","","","","","","","","","",""
"d876b22","","","","","","","","","","","","","","","","","","","","","","","","","","","","","","","","","","","","","","","","","","","","","","","","","",""
"e845b6b","","","","","","","","","","","","","","","","","","","","","","","","","","","","","","","","","","","","","","","","","","","","","","","","","",""
"619e952","","","","","","","","","","","","","","","","","","","","","","","","","","","","","","","","","","","","","","","","","","","","","","","","","",""
"0fd9ca7","","","","","","","","","","","","","","","","","","","","","","","","","","","","","","","","","","","","","","","","","","","","","","","","","",""
"ff125d4","","","","","","","","","","","","","","","","","","","","","","","","","","","","","","","","","","","","","","","","","","","","","","","","","",""
"0dc7823","","","","","","","","","","","","","","","","","","","","","","","","","","","","","","","","","","","","","","","","","","","","","","","","","",""
"64155b9","","","","","","","","","","","","","","","","","","","","","","","","","","","","","","","","","","","","","","","","","","","","","","","","","",""
"9cfbb83","","","","","","","","","","","","","","","","","","","","","","","","","","","","","","","","","","","","","","","","","","","","","","","","","",""
"f6ffd76","","","","","","","","","","","","","","","","","","","","","","","","","","","","","","","","","","","","","","","","","","","","","","","","","",""
"4ac71cf","","","","","","","","","","","","","","","","","","","","","","","","","","","","","","","","","","","","","","","","","","","","","","","","","",""
"57b0697","","","","","","","","","","","","","","","","","","","","","","","","","","","","","","","","","","","","","","","","","","","","","","","","","",""
"1c202a8","","","","","","","","","","","","","","","","","","","","","","","","","","","","","","","","","","","","","","","","","","","","","","","","","",""
"3e625ac","","","","","","","","","","","","","","","","","","","","","","","","","","","","","","","","","","","","","","","","","","","","","","","","","",""
"6b36bf5","","","","","","","","","","","","","","","","","","","","","","","","","","","","","","","","","","","","","","","","","","","","","","","","","",""
"99775ba","","","","","","","","","","","","","","","","","","","","","","","","","","","","","","","","","","","","","","","","","","","","","","","","","",""
"152aa4d","","","","","","","","","","","","","","","","","","","","","","","","","","","","","","","","","","","","","","","","","","","","","","","","","",""
"56191c0","","","","","","","","","","","","","","","","","","","","","","","","","","","","","","","","","","","","","","","","","","","","","","","","","",""
"ced331f","","","","","","","","","","","","","","","","","","","","","","","","","","","","","","","","","","","","","","","","","","","","","","","","","",""
"1d235c1","","","","","","","","","","","","","","","","","","","","","","","","","","","","","","","","","","","","","","","","","","","","","","","","","",""
"e6de912","","","","","","","","","","","","","","","","","","","","","","","","","","","","","","","","","","","","","","","","","","","","","","","","","",""
"76bbc0d","","","","","","","","","","","","","","","","","","","","","","","","","","","","","","","","","","","","","","","","","","","","","","","","","",""
"36b4ec5","","","","","","","","","","","","","","","","","","","","","","","","","","","","","","","","","","","","","","","","","","","","","","","","","",""
"79b65fb","","","","","","","","","","","","","","","","","","","","","","","","","","","","","","","","","","","","","","","","","","","","","","","","","",""
"7de2a3d","","","","","","","","","","","","","","","","","","","","","","","","","","","","","","","","","","","","","","","","","","","","","","","","","",""
"dbe3880","","","","","","","","","","","","","","","","","","","","","","","","","","","","","","","","","","","","","","","","","","","","","","","","","",""
"877fb69","","","","","","","","","","","","","","","","","","","","","","","","","","","","","","","","","","","","","","","","","","","","","","","","","",""
"c17e360","","","","","","","","","","","","","","","","","","","","","","","","","","","","","","","","","","","","","","","","","","","","","","","","","",""
"51be121","","","","","","","","","","","","","","","","","","","","","","","","","","","","","","","","","","","","","","","","","","","","","","","","","",""
"c094913","","","","","","","","","","","","","","","","","","","","","","","","","","","","","","","","","","","","","","","","","","","","","","","","","",""
"3b65cc8","","","","","","","","","","","","","","","","","","","","","","","","","","","","","","","","","","","","","","","","","","","","","","","","","",""
"ce36e73","","","","","","","","","","","","","","","","","","","","","","","","","","","","","","","","","","","","","","","","","","","","","","","","","",""
"e9e1409","","","","","","","","","","","","","","","","","","","","","","","","","","","","","","","","","","","","","","","","","","","","","","","","","",""
"6f17bd1","","","","","","","","","","","","","","","","","","","","","","","","","","","","","","","","","","","","","","","","","","","","","","","","","",""
"4af2fee","","","","","","","","","","","","","","","","","","","","","","","","","","","","","","","","","","","","","","","","","","","","","","","","","",""
"051761f","","","","","","","","","","","","","","","","","","","","","","","","","","","","","","","","","","","","","","","","","","","","","","","","","",""
"1c627cb","","","","","","","","","","","","","","","","","","","","","","","","","","","","","","","","","","","","","","","","","","","","","","","","","",""
"5177026","","","","","","","","","","","","","","","","","","","","","","","","","","","","","","","","","","","","","","","","","","","","","","","","","",""
"db0051d","","","","","","","","","","","","","","","","","","","","","","","","","","","","","","","","","","","","","","","","","","","","","","","","","",""
"43bae5c","","","","","","","","","","","","","","","","","","","","","","","","","","","","","","","","","","","","","","","","","","","","","","","","","",""
"9e9a81e","","","","","","","","","","","","","","","","","","","","","","","","","","","","","","","","","","","","","","","","","","","","","","","","","",""
"6289e6c","","","","","","","","","","","","","","","","","","","","","","","","","","","","","","","","","","","","","","","","","","","","","","","","","",""
"c55c183","","","","","","","","","","","","","","","","","","","","","","","","","","","","","","","","","","","","","","","","","","","","","","","","","",""
"a9b4533","","","","","","","","","","","","","","","","","","","","","","","","","","","","","","","","","","","","","","","","","","","","","","","","","",""
"fc53f6c","","","","","","","","","","","","","","","","","","","","","","","","","","","","","","","","","","","","","","","","","","","","","","","","","",""
"1db8420","","","","","","","","","","","","","","","","","","","","","","","","","","","","","","","","","","","","","","","","","","","","","","","","","",""
"8a1ecd0","","","","","","","","","","","","","","","","","","","","","","","","","","","","","","","","","","","","","","","","","","","","","","","","","",""
"8fd863f","","","","","","","","","","","","","","","","","","","","","","","","","","","","","","","","","","","","","","","","","","","","","","","","","",""
"644830a","","","","","","","","","","","","","","","","","","","","","","","","","","","","","","","","","","","","","","","","","","","","","","","","","",""
"9c76c21","","","","","","","","","","","","","","","","","","","","","","","","","","","","","","","","","","","","","","","","","","","","","","","","","",""
"5dbecee","","","","","","","","","","","","","","","","","","","","","","","","","","","","","","","","","","","","","","","","","","","","","","","","","",""
"86c5f35","","","","","","","","","","","","","","","","","","","","","","","","","","","","","","","","","","","","","","","","","","","","","","","","","",""
"4c072d3","","","","","","","","","","","","","","","","","","","","","","","","","","","","","","","","","","","","","","","","","","","","","","","","","",""
"89bbcd3","","","","","","","","","","","","","","","","","","","","","","","","","","","","","","","","","","","","","","","","","","","","","","","","","",""
"25f4734","","","","","","","","","","","","","","","","","","","","","","","","","","","","","","","","","","","","","","","","","","","","","","","","","",""
"aa9ac00","","","","","","","","","","","","","","","","","","","","","","","","","","","","","","","","","","","","","","","","","","","","","","","","","",""
"9a1b5fa","","","","","","","","","","","","","","","","","","","","","","","","","","","","","","","","","","","","","","","","","","","","","","","","","",""
"e3ae59a","","","","","","","","","","","","","","","","","","","","","","","","","","","","","","","","","","","","","","","","","","","","","","","","","",""
"d003724","","","","","","","","","","","","","","","","","","","","","","","","","","","","","","","","","","","","","","","","","","","","","","","","","",""
"3a03bea","","","","","","","","","","","","","","","","","","","","","","","","","","","","","","","","","","","","","","","","","","","","","","","","","",""
"e427669","","","","","","","","","","","","","","","","","","","","","","","","","","","","","","","","","","","","","","","","","","","","","","","","","",""
"12dfda3","","","","","","","","","","","","","","","","","","","","","","","","","","","","","","","","","","","","","","","","","","","","","","","","","",""
"3226bb3","","","","","","","","","","","","","","","","","","","","","","","","","","","","","","","","","","","","","","","","","","","","","","","","","",""
"c02668d","","","","","","","","","","","","","","","","","","","","","","","","","","","","","","","","","","","","","","","","","","","","","","","","","",""
"088d8b4","","","","","","","","","","","","","","","","","","","","","","","","","","","","","","","","","","","","","","","","","","","","","","","","","",""
"a2d2ca9","","","","","","","","","","","","","","","","","","","","","","","","","","","","","","","","","","","","","","","","","","","","","","","","","",""
"9f4d288","","","","","","","","","","","","","","","","","","","","","","","","","","","","","","","","","","","","","","","","","","","","","","","","","",""
"aaad0b7","","","","","","","","","","","","","","","","","","","","","","","","","","","","","","","","","","","","","","","","","","","","","","","","","",""
"c16eb71","","","","","","","","","","","","","","","","","","","","","","","","","","","","","","","","","","","","","","","","","","","","","","","","","",""
"3e6beba","","","","","","","","","","","","","","","","","","","","","","","","","","","","","","","","","","","","","","","","","","","","","","","","","",""
"35adcf1","","","","","","","","","","","","","","","","","","","","","","","","","","","","","","","","","","","","","","","","","","","","","","","","","",""
"b92ee81","","","","","","","","","","","","","","","","","","","","","","","","","","","","","","","","","","","","","","","","","","","","","","","","","",""
"b2621a2","","","","","","","","","","","","","","","","","","","","","","","","","","","","","","","","","","","","","","","","","","","","","","","","","",""
"dd64cdc","","","","","","","","","","","","","","","","","","","","","","","","","","","","","","","","","","","","","","","","","","","","","","","","","",""
"6099d06","","","","","","","","","","","","","","","","","","","","","","","","","","","","","","","","","","","","","","","","","","","","","","","","","",""
"d91bf84",-59953.037732601166,"unknown",-59946.19730877876,-59939.22644162178,0.0,7.084317445755005,18.474891185760498,26.920300006866455,61.35866189002991,68.02885699272156,75.7247838973999,81.46696519851685,"unknown","unknown",87.46181750297546,91.24783492088318,"unknown","","unknown","unknown","unknown","unknown","","unknown","unknown","unknown","unknown",97.55806422233582,"","unknown",103.59156799316406,287.215701341629,293.467089176178,"unknown","unknown",299.17513155937195,710.7639737129211,"unknown","unknown","unknown","unknown","unknown","unknown","unknown","unknown","unknown",716.2685098648071,"unknown","unknown",722.6289715766907
"c3db77a","","","","","","","","","","","","","","","","","","","","","","","","","","","","","","","","","","","","","","","","","","","","","","","","","",""
"7c9678a","","","","","","","","","","","","","","","","","","","","","","","","","","","","","","","","","","","","","","","","","","","","","","","","","",""
"db7d9c3",-51923.24440360069,"unknown",-51917.28863668442,-51911.82958650589,0.0,6.264991283416748,8.340902090072632,16.486450672149658,34.5852370262146,40.452298641204834,42.801117181777954,"unknown","unknown",48.91747307777405,55.4892041683197,58.33437538146973,"unknown","","unknown","unknown","unknown","unknown","","unknown","unknown","unknown","unknown",64.87031054496765,"","unknown",70.35170292854309,72.24085807800293,"unknown","unknown",78.4171941280365,85.00562882423401,87.49494576454163,"unknown","unknown","unknown","unknown","unknown","unknown","unknown","unknown","unknown",93.7939841747284,"unknown","unknown",100.39687132835388
"7d9c3_1",-51923.24440360069,"unknown",-51917.28863668442,-51911.82958650589,0.0,6.264991283416748,8.340902090072632,16.486450672149658,34.5852370262146,40.452298641204834,42.801117181777954,"unknown","unknown",48.91747307777405,55.4892041683197,58.33437538146973,"unknown","","unknown","unknown","unknown","unknown","","unknown","unknown","unknown","unknown",64.87031054496765,"","unknown",70.35170292854309,72.24085807800293,"unknown","unknown",78.4171941280365,85.00562882423401,87.49494576454163,"unknown","unknown","unknown","unknown","unknown","unknown","unknown","unknown","unknown",93.7939841747284,"unknown","unknown",100.39687132835388
"804c32f","","","","","","","","","","","","","","","","","","","","","","","","","","","","","","","","","","","","","","","","","","","","","","","","","",""
