"","1","recurso","1b","2","cont","3","cont_1","4","dilema","5","yo_1","6A_yo","6B_yo","6C_yo","7_yo","v_yo_1","8_yo","yo_2","9A_yo","9B_yo","9C_yo","10_yo","v_yo_2","11_yo","12A_yo","12B_yo","12C_yo","13_yo_1","13_yo_2","13_yo_3","5_otro","otro_1","6A_otro","6B_otro","6C_otro","7_otro","v_otro_1","8_otro","9A_otro","9B_otro","9C_otro","10_otro","11_otro","12A_otro","12B_otro","12C_otro","13_otro_1","13_otro_2","13_otro_3","14","7_otro_1"
"518e9b8",-132644.66980147362,"unknown",-132638.25874710083,-132631.70663523674,0.0,6.433251619338989,10.187592029571533,16.633111715316772,18.758153438568115,24.133870363235474,60.89269733428955,"unknown",67.16447973251343,"unknown",73.91300535202026,76.46682715415955,"unknown","","unknown","unknown","unknown","unknown","","unknown","unknown","unknown","unknown",82.71299600601196,"","unknown",89.35824656486511,91.99204778671265,"unknown",98.43278551101685,"unknown",104.87609267234802,113.40654873847961,"unknown","unknown","unknown","unknown","unknown","unknown","unknown","unknown","unknown",119.31681990623474,"unknown","unknown",124.91299653053284,""
"b5edd3c","","","","","","","","","","","","","","","","","","","","","","","","","","","","","","","","","","","","","","","","","","","","","","","","","","",""
"374ecf8",-2751.8442256450653,"unknown",-2745.4909110069275,-2739.877765893936,0.0,7.506543874740601,33.43521785736084,40.57093167304993,43.68464636802673,50.89867115020752,63.25460886955261,"unknown",68.78843665122986,"unknown",74.43113088607788,76.3764853477478,"unknown","","unknown","unknown","unknown","unknown","","unknown","unknown","unknown","unknown",82.08500862121582,"","unknown",89.16317820549011,99.1423032283783,"unknown",105.77352499961853,"unknown",111.49793791770935,115.01890230178833,"unknown","unknown","unknown","unknown","unknown","unknown","unknown","unknown","unknown",121.72590756416321,"unknown","unknown",127.39502024650574,""
"89f120b","","","","","","","","","","","","","","","","","","","","","","","","","","","","","","","","","","","","","","","","","","","","","","","","","","",""
"1883ca0",-173442.41424155235,"unknown",-173435.2725365162,-173429.71471834183,0.0,5.568218469619751,7.4686925411224365,13.229845762252808,19.35437035560608,26.16131091117859,30.334553718566895,"unknown",36.096545457839966,"unknown",42.19905209541321,44.38086199760437,"unknown","","unknown","unknown","unknown","unknown","","unknown","unknown","unknown","unknown",50.75394034385681,"","unknown",57.43312311172485,61.65272641181946,"unknown",68.49617266654968,"unknown",73.80721402168274,76.75770211219788,"unknown","unknown","unknown","unknown","unknown","unknown","unknown","unknown","unknown",83.60740685462952,"unknown","unknown",90.16589641571045,""
"8d2da97","","","","","","","","","","","","","","","","","","","","","","","","","","","","","","","","","","","","","","","","","","","","","","","","","","",""
"2541155",-328878.5048120022,"unknown",-328872.4735765457,-328865.34862709045,0.0,6.267767906188965,7.950997829437256,14.244821786880493,15.435797929763794,21.525282382965088,32.588781118392944,"unknown","unknown",38.93458914756775,44.90279483795166,46.98772120475769,"unknown","","unknown","unknown","unknown","unknown","","unknown","unknown","unknown","unknown",53.77347683906555,"","unknown",59.90352487564087,64.42443227767944,70.44347810745239,"unknown","unknown",76.55159854888916,82.75105690956116,"unknown","unknown","unknown","unknown","unknown","unknown","unknown","unknown","unknown",90.00744247436523,"unknown","unknown",97.20844554901123,""
"ac6f3f6",-1100.4740426540375,"unknown",-1094.5638926029205,-1089.3119106292725,0.0,7.2621729373931885,39.54568314552307,46.22386026382446,63.36711883544922,70.0840516090393,107.24752759933472,"unknown","unknown",113.48869013786316,119.74916672706604,123.15469026565552,"unknown","","unknown","unknown","unknown","unknown","","unknown","unknown","unknown","unknown",130.11575293540955,"","unknown",136.47967886924744,170.6870744228363,177.46552872657776,"unknown","unknown",183.64554405212402,186.53243160247803,"unknown","unknown","unknown","unknown","unknown","unknown","unknown","unknown","unknown",191.80193209648132,"unknown","unknown",198.44602346420288,""
"62447b9","","","","","","","","","","","","","","","","","","","","","","","","","","","","","","","","","","","","","","","","","","","","","","","","","","",""
"20f3e2e",-11016.847030878067,"unknown",-11009.835020542145,-11002.535915613174,0.0,5.443946838378906,16.298444032669067,23.093793630599976,40.76540017127991,46.241682291030884,49.003990650177,"unknown",55.00892615318298,"unknown",61.9329297542572,68.8474988937378,"unknown","","unknown","unknown","unknown","unknown","","unknown","unknown","unknown","unknown",75.229238986969,"","unknown",81.94077920913696,108.00343656539917,"unknown",114.152658700943,"unknown",119.85790848731995,123.6939115524292,"unknown","unknown","unknown","unknown","unknown","unknown","unknown","unknown","unknown",129.17362785339355,"unknown","unknown",135.13755464553833,""
"4e53c5c",-835.9465050697327,"unknown",-828.5651814937592,-822.6972649097443,0.0,7.340678453445435,11.510761499404907,18.11354660987854,32.21133613586426,38.999828577041626,41.01900291442871,"unknown",46.56136608123779,"unknown",53.32678699493408,55.779624223709106,"unknown","","unknown","unknown","unknown","unknown","","unknown","unknown","unknown","unknown",62.46176338195801,"","unknown",69.59040403366089,72.01276445388794,78.41736507415771,"unknown","unknown",84.1589150428772,85.7328953742981,"unknown","unknown","unknown","unknown","unknown","unknown","unknown","unknown","unknown",91.2321605682373,"unknown","unknown",97.43135857582092,""
"ac6ecda","","","","","","","","","","","","","","","","","","","","","","","","","","","","","","","","","","","","","","","","","","","","","","","","","","",""
"c899adb",-52508.32071876526,"unknown",-52501.459731817245,-52495.719272851944,0.0,7.232972860336304,13.873301029205322,20.963215827941895,39.64061999320984,46.11033773422241,48.76296877861023,"unknown","unknown",55.52762842178345,61.96918296813965,64.40007829666138,"unknown","","unknown","unknown","unknown","unknown","","unknown","unknown","unknown","unknown",70.17811489105225,"","unknown",77.02569651603699,82.74411296844482,"unknown","unknown",89.73265767097473,96.08819532394409,99.09494614601135,"unknown","unknown","unknown","unknown","unknown","unknown","unknown","unknown","unknown",104.54245805740356,"unknown","unknown",110.74560880661011,""
"b8ec123","","","","","","","","","","","","","","","","","","","","","","","","","","","","","","","","","","","","","","","","","","","","","","","","","","",""
"07b298c","","","","","","","","","","","","","","","","","","","","","","","","","","","","","","","","","","","","","","","","","","","","","","","","","","",""
"4c7f106","","","","","","","","","","","","","","","","","","","","","","","","","","","","","","","","","","","","","","","","","","","","","","","","","","",""
"49db8c4",-6693.636607885361,"unknown",-6688.060695171356,-6682.5418956279755,0.0,5.979828119277954,9.622421264648438,14.987782955169678,24.95677614212036,32.04281258583069,35.21590733528137,"unknown","unknown",41.58376145362854,47.512255907058716,51.78234052658081,"unknown","","unknown","unknown","unknown","unknown","","unknown","unknown","unknown","unknown",57.742950201034546,"","unknown",63.371756076812744,70.5467779636383,"unknown",76.6476263999939,"unknown",83.67120265960693,86.61924815177917,"unknown","unknown","unknown","unknown","unknown","unknown","unknown","unknown","unknown",92.87883114814758,"unknown","unknown",98.41588973999023,""
"ea8c0d6",-4052.6372430324554,"unknown",-4047.0802409648895,-4040.3752353191376,0.0,7.03361177444458,10.200956344604492,16.469882011413574,35.27861261367798,41.87187051773071,50.49425506591797,"unknown","unknown",55.79251551628113,62.90956974029541,72.63840937614441,"unknown","","unknown","unknown","unknown","unknown","","unknown","unknown","unknown","unknown",78.53412890434265,"","unknown",84.20275449752808,93.15046668052673,"unknown","unknown",99.2537829875946,104.80719876289368,109.73584938049316,"unknown","unknown","unknown","unknown","unknown","unknown","unknown","unknown","unknown",115.12067580223083,"unknown","unknown",120.93481469154358,""
"527d11d","","","","","","","","","","","","","","","","","","","","","","","","","","","","","","","","","","","","","","","","","","","","","","","","","","",""
"7cf831f",-178189.68530607224,"unknown",-178183.39591670036,-178176.73804044724,0.0,5.667943716049194,11.245679378509521,16.719433307647705,25.956735849380493,32.81615614891052,48.8778600692749,"unknown",55.79974055290222,"unknown",62.87442469596863,74.99459886550903,"unknown","","unknown","unknown","unknown","unknown","","unknown","unknown","unknown","unknown",82.18516206741333,"","unknown",88.65928220748901,132.88252449035645,"unknown","unknown",139.88851499557495,147.10637307167053,183.54763293266296,"unknown","unknown","unknown","unknown","unknown","unknown","unknown","unknown","unknown",190.2467393875122,"unknown","unknown",195.6223840713501,""
"41f497c","","","","","","","","","","","","","","","","","","","","","","","","","","","","","","","","","","","","","","","","","","","","","","","","","","",""
"8d5112a","","","","","","","","","","","","","","","","","","","","","","","","","","","","","","","","","","","","","","","","","","","","","","","","","","",""
"f496964","","","","","","","","","","","","","","","","","","","","","","","","","","","","","","","","","","","","","","","","","","","","","","","","","","",""
"68c3192","","","","","","","","","","","","","","","","","","","","","","","","","","","","","","","","","","","","","","","","","","","","","","","","","","",""
"eb77de6","","","","","","","","","","","","","","","","","","","","","","","","","","","","","","","","","","","","","","","","","","","","","","","","","","",""
"1288ac2","","","","","","","","","","","","","","","","","","","","","","","","","","","","","","","","","","","","","","","","","","","","","","","","","","",""
"8ce483d","","","","","","","","","","","","","","","","","","","","","","","","","","","","","","","","","","","","","","","","","","","","","","","","","","",""
"79868cd",-2355.1327786445618,"unknown",-2348.4993438720703,-2342.0160529613495,0.0,7.479974031448364,9.4765784740448,15.306919813156128,29.024232864379883,35.77952003479004,60.221078872680664,"unknown","unknown",65.72785663604736,71.8132586479187,81.00880765914917,"unknown","","unknown","unknown","unknown","unknown","","unknown","unknown","unknown","unknown",86.94707584381104,"","unknown",92.63789796829224,116.88670706748962,"unknown","unknown",123.49549221992493,130.0143702030182,5638486.998767853,"unknown","unknown","unknown","unknown","unknown","unknown","unknown","unknown","unknown",5638494.738130569,"unknown","unknown",5638500.119588852,5630100.684587002
"56ee475","","","","","","","","","","","","","","","","","","","","","","","","","","","","","","","","","","","","","","","","","","","","","","","","","","",""
"916c172","","","","","","","","","","","","","","","","","","","","","","","","","","","","","","","","","","","","","","","","","","","","","","","","","","",""
"d9696dd","","","","","","","","","","","","","","","","","","","","","","","","","","","","","","","","","","","","","","","","","","","","","","","","","","",""
"eff7ebe","","","","","","","","","","","","","","","","","","","","","","","","","","","","","","","","","","","","","","","","","","","","","","","","","","",""
"5d4fcbe","","","","","","","","","","","","","","","","","","","","","","","","","","","","","","","","","","","","","","","","","","","","","","","","","","",""
"965ec7c","","","","","","","","","","","","","","","","","","","","","","","","","","","","","","","","","","","","","","","","","","","","","","","","","","",""
"170bd80","","","","","","","","","","","","","","","","","","","","","","","","","","","","","","","","","","","","","","","","","","","","","","","","","","",""
"e2738b5","","","","","","","","","","","","","","","","","","","","","","","","","","","","","","","","","","","","","","","","","","","","","","","","","","",""
"7a54533","","","","","","","","","","","","","","","","","","","","","","","","","","","","","","","","","","","","","","","","","","","","","","","","","","",""
"d874e84","","","","","","","","","","","","","","","","","","","","","","","","","","","","","","","","","","","","","","","","","","","","","","","","","","",""
"65b2a4c","","","","","","","","","","","","","","","","","","","","","","","","","","","","","","","","","","","","","","","","","","","","","","","","","","",""
"c28b1a9","","","","","","","","","","","","","","","","","","","","","","","","","","","","","","","","","","","","","","","","","","","","","","","","","","",""
"402df77","","","","","","","","","","","","","","","","","","","","","","","","","","","","","","","","","","","","","","","","","","","","","","","","","","",""
"7384692","","","","","","","","","","","","","","","","","","","","","","","","","","","","","","","","","","","","","","","","","","","","","","","","","","",""
"90ccafb","","","","","","","","","","","","","","","","","","","","","","","","","","","","","","","","","","","","","","","","","","","","","","","","","","",""
"0327530","","","","","","","","","","","","","","","","","","","","","","","","","","","","","","","","","","","","","","","","","","","","","","","","","","",""
"47dcadc","","","","","","","","","","","","","","","","","","","","","","","","","","","","","","","","","","","","","","","","","","","","","","","","","","",""
"233ee90","","","","","","","","","","","","","","","","","","","","","","","","","","","","","","","","","","","","","","","","","","","","","","","","","","",""
"db844b1","","","","","","","","","","","","","","","","","","","","","","","","","","","","","","","","","","","","","","","","","","","","","","","","","","",""
"e4c0f9c","","","","","","","","","","","","","","","","","","","","","","","","","","","","","","","","","","","","","","","","","","","","","","","","","","",""
"fd01af9","","","","","","","","","","","","","","","","","","","","","","","","","","","","","","","","","","","","","","","","","","","","","","","","","","",""
"77a5d2f","","","","","","","","","","","","","","","","","","","","","","","","","","","","","","","","","","","","","","","","","","","","","","","","","","",""
"b92dee2","","","","","","","","","","","","","","","","","","","","","","","","","","","","","","","","","","","","","","","","","","","","","","","","","","",""
"50ec1c5","","","","","","","","","","","","","","","","","","","","","","","","","","","","","","","","","","","","","","","","","","","","","","","","","","",""
"11892fd","","","","","","","","","","","","","","","","","","","","","","","","","","","","","","","","","","","","","","","","","","","","","","","","","","",""
"e65bef7","","","","","","","","","","","","","","","","","","","","","","","","","","","","","","","","","","","","","","","","","","","","","","","","","","",""
"e5bb5fe","","","","","","","","","","","","","","","","","","","","","","","","","","","","","","","","","","","","","","","","","","","","","","","","","","",""
"5ba2fe6","","","","","","","","","","","","","","","","","","","","","","","","","","","","","","","","","","","","","","","","","","","","","","","","","","",""
"fcf59af","","","","","","","","","","","","","","","","","","","","","","","","","","","","","","","","","","","","","","","","","","","","","","","","","","",""
"c94e42e",-86.28602194786072,"unknown",-80.77363991737366,-74.43330788612366,0.0,6.435202360153198,8.548564910888672,14.550577402114868,32.80254673957825,39.137861251831055,41.861634492874146,"unknown","unknown",47.92902946472168,55.04406237602234,57.18340253829956,"unknown","","unknown","unknown","unknown","unknown","","unknown","unknown","unknown","unknown",64.35669016838074,"","unknown",71.5614640712738,74.1457200050354,"unknown","unknown",80.46266436576843,86.22040867805481,89.11227822303772,"unknown","unknown","unknown","unknown","unknown","unknown","unknown","unknown","unknown",96.08084988594055,"unknown","unknown",101.72534370422363,""
"ee4b6cd","","","","","","","","","","","","","","","","","","","","","","","","","","","","","","","","","","","","","","","","","","","","","","","","","","",""
"f2291ba","","","","","","","","","","","","","","","","","","","","","","","","","","","","","","","","","","","","","","","","","","","","","","","","","","",""
"fb6ca94","","","","","","","","","","","","","","","","","","","","","","","","","","","","","","","","","","","","","","","","","","","","","","","","","","",""
"5a20153","","","","","","","","","","","","","","","","","","","","","","","","","","","","","","","","","","","","","","","","","","","","","","","","","","",""
"516417f","","","","","","","","","","","","","","","","","","","","","","","","","","","","","","","","","","","","","","","","","","","","","","","","","","",""
"7a0eabe","","","","","","","","","","","","","","","","","","","","","","","","","","","","","","","","","","","","","","","","","","","","","","","","","","",""
"7b65802","","","","","","","","","","","","","","","","","","","","","","","","","","","","","","","","","","","","","","","","","","","","","","","","","","",""
"2949a28","","","","","","","","","","","","","","","","","","","","","","","","","","","","","","","","","","","","","","","","","","","","","","","","","","",""
"5e09b84","","","","","","","","","","","","","","","","","","","","","","","","","","","","","","","","","","","","","","","","","","","","","","","","","","",""
"7da3821","","","","","","","","","","","","","","","","","","","","","","","","","","","","","","","","","","","","","","","","","","","","","","","","","","",""
"2f5762a",-22667.0922832489,"unknown",-22660.607887029648,-22653.50584578514,0.0,5.553227663040161,8.050054788589478,14.49238133430481,23.805241346359253,30.990867376327515,40.11060547828674,"unknown","unknown",46.032578229904175,51.604161739349365,53.337711572647095,"unknown","","unknown","unknown","unknown","unknown","","unknown","unknown","unknown","unknown",59.412301540374756,"","unknown",65.42072916030884,68.88452100753784,"unknown","unknown",74.7226734161377,81.06189513206482,82.75989723205566,"unknown","unknown","unknown","unknown","unknown","unknown","unknown","unknown","unknown",89.59005856513977,"unknown","unknown",95.1291389465332,""
"50a0fdd","","","","","","","","","","","","","","","","","","","","","","","","","","","","","","","","","","","","","","","","","","","","","","","","","","",""
"b7cec81","","","","","","","","","","","","","","","","","","","","","","","","","","","","","","","","","","","","","","","","","","","","","","","","","","",""
"bf983ba","","","","","","","","","","","","","","","","","","","","","","","","","","","","","","","","","","","","","","","","","","","","","","","","","","",""
"a80b75d","","","","","","","","","","","","","","","","","","","","","","","","","","","","","","","","","","","","","","","","","","","","","","","","","","",""
"b53b559","","","","","","","","","","","","","","","","","","","","","","","","","","","","","","","","","","","","","","","","","","","","","","","","","","",""
"4a92bfd","","","","","","","","","","","","","","","","","","","","","","","","","","","","","","","","","","","","","","","","","","","","","","","","","","",""
"90434eb","","","","","","","","","","","","","","","","","","","","","","","","","","","","","","","","","","","","","","","","","","","","","","","","","","",""
"37674f9","","","","","","","","","","","","","","","","","","","","","","","","","","","","","","","","","","","","","","","","","","","","","","","","","","",""
"0dc300b","","","","","","","","","","","","","","","","","","","","","","","","","","","","","","","","","","","","","","","","","","","","","","","","","","",""
"1800004","","","","","","","","","","","","","","","","","","","","","","","","","","","","","","","","","","","","","","","","","","","","","","","","","","",""
"7b3c431",-12883.086222171783,"unknown",-12876.466611623764,-12869.856141328812,0.0,6.966134548187256,40.57268834114075,47.04243445396423,83.0229344367981,89.75655150413513,147.54529404640198,"unknown","unknown",153.3330636024475,159.53032636642456,615.5869827270508,"unknown","","unknown","unknown","unknown","unknown","","unknown","unknown","unknown","unknown",621.4459421634674,"","unknown",628.0719404220581,629.6815669536591,"unknown","unknown",635.4840109348297,642.6465120315552,651.3606512546539,"unknown","unknown","unknown","unknown","unknown","unknown","unknown","unknown","unknown",657.0643727779388,"unknown","unknown",662.6932940483093,""
"2457ed6","","","","","","","","","","","","","","","","","","","","","","","","","","","","","","","","","","","","","","","","","","","","","","","","","","",""
"c4bba29",-1003.7121489048004,"unknown",-998.4799106121063,-991.1988742351532,0.0,7.340455055236816,9.02470850944519,14.873756647109985,32.128933906555176,38.24553418159485,43.12758159637451,"unknown","unknown",48.48172664642334,54.2977728843689,58.54360342025757,"unknown","","unknown","unknown","unknown","unknown","","unknown","unknown","unknown","unknown",64.08394694328308,"","unknown",70.26084065437317,79.57222270965576,86.06282591819763,"unknown","unknown",91.50683045387268,266.0335202217102,"unknown","unknown","unknown","unknown","unknown","unknown","unknown","unknown","unknown",273.23722290992737,"unknown","unknown",280.4701268672943,""
"2dffb9e","","","","","","","","","","","","","","","","","","","","","","","","","","","","","","","","","","","","","","","","","","","","","","","","","","",""
"7a35b75",-242.4323968887329,"unknown",-236.11104798316956,-229.37969040870667,0.0,5.686887741088867,7.651849746704102,14.323753833770752,26.926823377609253,33.023914098739624,35.814706802368164,"unknown","unknown",41.88780856132507,48.62883973121643,51.216978311538696,"unknown","","unknown","unknown","unknown","unknown","","unknown","unknown","unknown","unknown",58.35018253326416,"","unknown",64.03334093093872,78.70707416534424,"unknown","unknown",84.68851518630981,90.60617804527283,92.31679129600525,"unknown","unknown","unknown","unknown","unknown","unknown","unknown","unknown","unknown",98.32007718086243,"unknown","unknown",105.02891206741333,""
"3883e37","","","","","","","","","","","","","","","","","","","","","","","","","","","","","","","","","","","","","","","","","","","","","","","","","","",""
"eacd6a3","","","","","","","","","","","","","","","","","","","","","","","","","","","","","","","","","","","","","","","","","","","","","","","","","","",""
"d09321f","","","","","","","","","","","","","","","","","","","","","","","","","","","","","","","","","","","","","","","","","","","","","","","","","","",""
"1116780","","","","","","","","","","","","","","","","","","","","","","","","","","","","","","","","","","","","","","","","","","","","","","","","","","",""
"58b1c8e","","","","","","","","","","","","","","","","","","","","","","","","","","","","","","","","","","","","","","","","","","","","","","","","","","",""
"bf3dfcf","","","","","","","","","","","","","","","","","","","","","","","","","","","","","","","","","","","","","","","","","","","","","","","","","","",""
"80e625f","","","","","","","","","","","","","","","","","","","","","","","","","","","","","","","","","","","","","","","","","","","","","","","","","","",""
"9846ca8","","","","","","","","","","","","","","","","","","","","","","","","","","","","","","","","","","","","","","","","","","","","","","","","","","",""
"cc02471","","","","","","","","","","","","","","","","","","","","","","","","","","","","","","","","","","","","","","","","","","","","","","","","","","",""
"0a30844","","","","","","","","","","","","","","","","","","","","","","","","","","","","","","","","","","","","","","","","","","","","","","","","","","",""
"43d0b63","","","","","","","","","","","","","","","","","","","","","","","","","","","","","","","","","","","","","","","","","","","","","","","","","","",""
"addf295","","","","","","","","","","","","","","","","","","","","","","","","","","","","","","","","","","","","","","","","","","","","","","","","","","",""
"870dc60","","","","","","","","","","","","","","","","","","","","","","","","","","","","","","","","","","","","","","","","","","","","","","","","","","",""
"1a8e45b",-2086.663363456726,"unknown",-2081.2067320346832,-2075.4069039821625,0.0,6.73004674911499,8.60446286201477,14.240426063537598,15.887299060821533,23.048393726348877,25.153371810913086,"unknown","unknown",30.351378202438354,36.05820560455322,38.3980610370636,"unknown","","unknown","unknown","unknown","unknown","","unknown","unknown","unknown","unknown",44.16009712219238,"","unknown",50.67500901222229,55.452563762664795,"unknown","unknown",61.123342514038086,67.0688009262085,71.17908239364624,"unknown","unknown","unknown","unknown","unknown","unknown","unknown","unknown","unknown",78.00043320655823,"unknown","unknown",83.64730525016785,""
"0e42357","","","","","","","","","","","","","","","","","","","","","","","","","","","","","","","","","","","","","","","","","","","","","","","","","","",""
"5f2a1aa","","","","","","","","","","","","","","","","","","","","","","","","","","","","","","","","","","","","","","","","","","","","","","","","","","",""
"87b3434","","","","","","","","","","","","","","","","","","","","","","","","","","","","","","","","","","","","","","","","","","","","","","","","","","",""
"bd305b8","","","","","","","","","","","","","","","","","","","","","","","","","","","","","","","","","","","","","","","","","","","","","","","","","","",""
"4b70ed3","","","","","","","","","","","","","","","","","","","","","","","","","","","","","","","","","","","","","","","","","","","","","","","","","","",""
"8ec15bc",-14.305959463119507,"unknown",-8.49671196937561,-1.2636182308197021,0.0,7.140812873840332,8.709630012512207,15.497726440429688,23.120694637298584,29.777445793151855,54.79330897331238,"unknown","unknown",60.34948992729187,66.16793894767761,72.85698509216309,"unknown","","unknown","unknown","unknown","unknown","","unknown","unknown","unknown","unknown",80.05675768852234,"","unknown",88.456547498703,91.6965663433075,"unknown","unknown",97.26202750205994,104.5741286277771,114.72579145431519,"unknown","unknown","unknown","unknown","unknown","unknown","unknown","unknown","unknown",121.2106921672821,"unknown","unknown",127.4247899055481,""
"6c8906b","","","","","","","","","","","","","","","","","","","","","","","","","","","","","","","","","","","","","","","","","","","","","","","","","","",""
"e51496b","","","","","","","","","","","","","","","","","","","","","","","","","","","","","","","","","","","","","","","","","","","","","","","","","","",""
"01baaf6","","","","","","","","","","","","","","","","","","","","","","","","","","","","","","","","","","","","","","","","","","","","","","","","","","",""
"e8a0b7a","","","","","","","","","","","","","","","","","","","","","","","","","","","","","","","","","","","","","","","","","","","","","","","","","","",""
"dae9b13","","","","","","","","","","","","","","","","","","","","","","","","","","","","","","","","","","","","","","","","","","","","","","","","","","",""
"6c3f0f6","","","","","","","","","","","","","","","","","","","","","","","","","","","","","","","","","","","","","","","","","","","","","","","","","","",""
"4828266","","","","","","","","","","","","","","","","","","","","","","","","","","","","","","","","","","","","","","","","","","","","","","","","","","",""
"1f77294","","","","","","","","","","","","","","","","","","","","","","","","","","","","","","","","","","","","","","","","","","","","","","","","","","",""
"6f1360e","","","","","","","","","","","","","","","","","","","","","","","","","","","","","","","","","","","","","","","","","","","","","","","","","","",""
"1e17723","","","","","","","","","","","","","","","","","","","","","","","","","","","","","","","","","","","","","","","","","","","","","","","","","","",""
"614fc3f","","","","","","","","","","","","","","","","","","","","","","","","","","","","","","","","","","","","","","","","","","","","","","","","","","",""
"a300755","","","","","","","","","","","","","","","","","","","","","","","","","","","","","","","","","","","","","","","","","","","","","","","","","","",""
"802d704","","","","","","","","","","","","","","","","","","","","","","","","","","","","","","","","","","","","","","","","","","","","","","","","","","",""
"e892cd4","","","","","","","","","","","","","","","","","","","","","","","","","","","","","","","","","","","","","","","","","","","","","","","","","","",""
"b06ee97","","","","","","","","","","","","","","","","","","","","","","","","","","","","","","","","","","","","","","","","","","","","","","","","","","",""
"758fff8","","","","","","","","","","","","","","","","","","","","","","","","","","","","","","","","","","","","","","","","","","","","","","","","","","",""
"ac42d69","","","","","","","","","","","","","","","","","","","","","","","","","","","","","","","","","","","","","","","","","","","","","","","","","","",""
"7bb45d3","","","","","","","","","","","","","","","","","","","","","","","","","","","","","","","","","","","","","","","","","","","","","","","","","","",""
"7622483","","","","","","","","","","","","","","","","","","","","","","","","","","","","","","","","","","","","","","","","","","","","","","","","","","",""
"1f16f74","","","","","","","","","","","","","","","","","","","","","","","","","","","","","","","","","","","","","","","","","","","","","","","","","","",""
"730747e","","","","","","","","","","","","","","","","","","","","","","","","","","","","","","","","","","","","","","","","","","","","","","","","","","",""
"07ff49d","","","","","","","","","","","","","","","","","","","","","","","","","","","","","","","","","","","","","","","","","","","","","","","","","","",""
"22fdb61","","","","","","","","","","","","","","","","","","","","","","","","","","","","","","","","","","","","","","","","","","","","","","","","","","",""
"db046f2","","","","","","","","","","","","","","","","","","","","","","","","","","","","","","","","","","","","","","","","","","","","","","","","","","",""
"73c3f48","","","","","","","","","","","","","","","","","","","","","","","","","","","","","","","","","","","","","","","","","","","","","","","","","","",""
"3218556","","","","","","","","","","","","","","","","","","","","","","","","","","","","","","","","","","","","","","","","","","","","","","","","","","",""
"99ee852","","","","","","","","","","","","","","","","","","","","","","","","","","","","","","","","","","","","","","","","","","","","","","","","","","",""
"ad2fc5b","","","","","","","","","","","","","","","","","","","","","","","","","","","","","","","","","","","","","","","","","","","","","","","","","","",""
"d318264","","","","","","","","","","","","","","","","","","","","","","","","","","","","","","","","","","","","","","","","","","","","","","","","","","",""
"741ef32","","","","","","","","","","","","","","","","","","","","","","","","","","","","","","","","","","","","","","","","","","","","","","","","","","",""
"b75259d","","","","","","","","","","","","","","","","","","","","","","","","","","","","","","","","","","","","","","","","","","","","","","","","","","",""
"b67425b","","","","","","","","","","","","","","","","","","","","","","","","","","","","","","","","","","","","","","","","","","","","","","","","","","",""
"446ad6c",-4521.564691781998,"unknown",-4514.831472873688,-4508.262357711792,0.0,7.534245729446411,12.309800148010254,18.182754039764404,20.109156847000122,26.90354037284851,42.258681297302246,"unknown",49.400168895721436,"unknown",55.12225270271301,58.318639278411865,"unknown","","unknown","unknown","unknown","unknown","","unknown","unknown","unknown","unknown",64.57516717910767,"","unknown",70.70436120033264,82.9887707233429,"unknown",89.84500527381897,"unknown",95.99466514587402,98.33677101135254,"unknown","unknown","unknown","unknown","unknown","unknown","unknown","unknown","unknown",104.77802777290344,"unknown","unknown",111.79872369766235,""
"70405ea","","","","","","","","","","","","","","","","","","","","","","","","","","","","","","","","","","","","","","","","","","","","","","","","","","",""
"1117a63",-55.62157368659973,"unknown",-48.69898819923401,-42.89039492607117,0.0,5.9590911865234375,9.502210140228271,16.49575924873352,27.294792413711548,33.233925342559814,42.95516228675842,"unknown","unknown",50.419166803359985,57.25207471847534,61.122997760772705,"unknown","","unknown","unknown","unknown","unknown","","unknown","unknown","unknown","unknown",68.07768177986145,"","unknown",73.80756640434265,1891.9701206684113,"unknown","unknown",1898.5213487148285,1905.2518966197968,1906.99276638031,"unknown","unknown","unknown","unknown","unknown","unknown","unknown","unknown","unknown",1912.5949223041534,"unknown","unknown",1919.2711486816406,""
"537189f","","","","","","","","","","","","","","","","","","","","","","","","","","","","","","","","","","","","","","","","","","","","","","","","","","",""
"17b5a6e","","","","","","","","","","","","","","","","","","","","","","","","","","","","","","","","","","","","","","","","","","","","","","","","","","",""
"d3e37eb","","","","","","","","","","","","","","","","","","","","","","","","","","","","","","","","","","","","","","","","","","","","","","","","","","",""
"2ee7f92","","","","","","","","","","","","","","","","","","","","","","","","","","","","","","","","","","","","","","","","","","","","","","","","","","",""
"89d63ed","","","","","","","","","","","","","","","","","","","","","","","","","","","","","","","","","","","","","","","","","","","","","","","","","","",""
"c0a644e","","","","","","","","","","","","","","","","","","","","","","","","","","","","","","","","","","","","","","","","","","","","","","","","","","",""
"80f558b","","","","","","","","","","","","","","","","","","","","","","","","","","","","","","","","","","","","","","","","","","","","","","","","","","",""
"9ad2396","","","","","","","","","","","","","","","","","","","","","","","","","","","","","","","","","","","","","","","","","","","","","","","","","","",""
"87e4f18","","","","","","","","","","","","","","","","","","","","","","","","","","","","","","","","","","","","","","","","","","","","","","","","","","",""
"0186834","","","","","","","","","","","","","","","","","","","","","","","","","","","","","","","","","","","","","","","","","","","","","","","","","","",""
"0355f6d","","","","","","","","","","","","","","","","","","","","","","","","","","","","","","","","","","","","","","","","","","","","","","","","","","",""
"fa6a8b8","","","","","","","","","","","","","","","","","","","","","","","","","","","","","","","","","","","","","","","","","","","","","","","","","","",""
"44167d5","","","","","","","","","","","","","","","","","","","","","","","","","","","","","","","","","","","","","","","","","","","","","","","","","","",""
"145d339",-5296888.439119577,"unknown",-5296882.061671734,-5296875.3774290085,0.0,6.99857497215271,10.647043943405151,17.36291813850403,25.342186212539673,31.541284322738647,36.678982973098755,"unknown",42.73045539855957,"unknown",48.75806403160095,51.15676236152649,56.56308579444885,65.24916768074036,"unknown","unknown",71.91557955741882,78.40608882904053,80.61743998527527,"unknown","unknown","unknown","unknown","unknown",86.53408575057983,"unknown",91.85239815711975,105.15349984169006,"unknown","unknown",111.70450711250305,118.19275236129761,157.02686095237732,"unknown","unknown","unknown","unknown","unknown","unknown","unknown","unknown","unknown",163.43526077270508,"unknown","unknown",169.9564447402954,""
"e96f42c","","","","","","","","","","","","","","","","","","","","","","","","","","","","","","","","","","","","","","","","","","","","","","","","","","",""
"f382ec0","","","","","","","","","","","","","","","","","","","","","","","","","","","","","","","","","","","","","","","","","","","","","","","","","","",""
"962a7dd",-46.73429822921753,"unknown",-41.15847682952881,-35.24668002128601,0.0,6.207430362701416,10.141905784606934,16.153531551361084,21377.10938644409,21384.283081769943,21387.9124686718,"unknown","unknown",21394.525903463364,21401.031829357147,21403.296014547348,"unknown","","unknown","unknown","unknown","unknown","","unknown","unknown","unknown","unknown",21410.14063000679,"","unknown",21416.697751522064,21419.71541619301,"unknown","unknown",21426.321093082428,21432.32698059082,21435.937314510345,"unknown","unknown","unknown","unknown","unknown","unknown","unknown","unknown","unknown",21441.67624258995,"unknown","unknown",21448.702649831772,""
"5c97513","","","","","","","","","","","","","","","","","","","","","","","","","","","","","","","","","","","","","","","","","","","","","","","","","","",""
"acc6118","","","","","","","","","","","","","","","","","","","","","","","","","","","","","","","","","","","","","","","","","","","","","","","","","","",""
"d33371d","","","","","","","","","","","","","","","","","","","","","","","","","","","","","","","","","","","","","","","","","","","","","","","","","","",""
"78603ec","","","","","","","","","","","","","","","","","","","","","","","","","","","","","","","","","","","","","","","","","","","","","","","","","","",""
"5d45bd1","","","","","","","","","","","","","","","","","","","","","","","","","","","","","","","","","","","","","","","","","","","","","","","","","","",""
"cfcbc2d","","","","","","","","","","","","","","","","","","","","","","","","","","","","","","","","","","","","","","","","","","","","","","","","","","",""
"98ecb86","","","","","","","","","","","","","","","","","","","","","","","","","","","","","","","","","","","","","","","","","","","","","","","","","","",""
"7636563",-27.300729751586914,"unknown",-20.851206064224243,-13.850916624069214,0.0,6.743587017059326,8.897205591201782,15.824865579605103,25.321941137313843,31.2471661567688,34.49863409996033,"unknown","unknown",39.9853081703186,45.83579635620117,47.94731831550598,"unknown","","unknown","unknown","unknown","unknown","","unknown","unknown","unknown","unknown",55.224064111709595,"","unknown",61.59278631210327,63.434635400772095,"unknown","unknown",69.20600986480713,75.8542366027832,77.59953355789185,"unknown","unknown","unknown","unknown","unknown","unknown","unknown","unknown","unknown",84.83322811126709,"unknown","unknown",90.16917037963867,""
"5d2b358","","","","","","","","","","","","","","","","","","","","","","","","","","","","","","","","","","","","","","","","","","","","","","","","","","",""
"5d9ae0c","","","","","","","","","","","","","","","","","","","","","","","","","","","","","","","","","","","","","","","","","","","","","","","","","","",""
"73d4e20","","","","","","","","","","","","","","","","","","","","","","","","","","","","","","","","","","","","","","","","","","","","","","","","","","",""
"be94a32","","","","","","","","","","","","","","","","","","","","","","","","","","","","","","","","","","","","","","","","","","","","","","","","","","",""
"9f972fb","","","","","","","","","","","","","","","","","","","","","","","","","","","","","","","","","","","","","","","","","","","","","","","","","","",""
"6e93efd","","","","","","","","","","","","","","","","","","","","","","","","","","","","","","","","","","","","","","","","","","","","","","","","","","",""
"5a4afae","","","","","","","","","","","","","","","","","","","","","","","","","","","","","","","","","","","","","","","","","","","","","","","","","","",""
"c34e373","","","","","","","","","","","","","","","","","","","","","","","","","","","","","","","","","","","","","","","","","","","","","","","","","","",""
"60a02cd","","","","","","","","","","","","","","","","","","","","","","","","","","","","","","","","","","","","","","","","","","","","","","","","","","",""
"6bac72b",-3109.89732336998,"unknown",-3103.1981875896454,-3096.3629026412964,0.0,6.285963773727417,8.2493314743042,15.46328353881836,24.004380226135254,29.283223867416382,32.635615825653076,"unknown","unknown",39.20831918716431,44.808940410614014,46.69267749786377,"unknown","","unknown","unknown","unknown","unknown","","unknown","unknown","unknown","unknown",52.90405464172363,"","unknown",59.190921783447266,62.806496381759644,"unknown","unknown",69.52299046516418,75.3075749874115,77.28307437896729,"unknown","unknown","unknown","unknown","unknown","unknown","unknown","unknown","unknown",83.85597443580627,"unknown","unknown",89.28365993499756,""
"c9285e4","","","","","","","","","","","","","","","","","","","","","","","","","","","","","","","","","","","","","","","","","","","","","","","","","","",""
"bd4b2f4",-10472.203845739365,"unknown",-10465.852643966675,-10458.97072148323,0.0,7.583598852157593,9.430004596710205,16.770416975021362,24.79888653755188,30.69832754135132,32.77577471733093,"unknown","unknown",39.15254092216492,44.84141159057617,46.80180811882019,"unknown","","unknown","unknown","unknown","unknown","","unknown","unknown","unknown","unknown",52.133095264434814,"","unknown",58.82909440994263,60.38104772567749,"unknown","unknown",67.02517819404602,73.22637891769409,74.7436101436615,"unknown","unknown","unknown","unknown","unknown","unknown","unknown","unknown","unknown",80.05026006698608,"unknown","unknown",85.4415295124054,""
"bd650e8","","","","","","","","","","","","","","","","","","","","","","","","","","","","","","","","","","","","","","","","","","","","","","","","","","",""
"b81bc6e","","","","","","","","","","","","","","","","","","","","","","","","","","","","","","","","","","","","","","","","","","","","","","","","","","",""
"32b1d7b","","","","","","","","","","","","","","","","","","","","","","","","","","","","","","","","","","","","","","","","","","","","","","","","","","",""
"0ff20c2","","","","","","","","","","","","","","","","","","","","","","","","","","","","","","","","","","","","","","","","","","","","","","","","","","",""
"19b0291","","","","","","","","","","","","","","","","","","","","","","","","","","","","","","","","","","","","","","","","","","","","","","","","","","",""
"b0e3caa","","","","","","","","","","","","","","","","","","","","","","","","","","","","","","","","","","","","","","","","","","","","","","","","","","",""
"297d8e5","","","","","","","","","","","","","","","","","","","","","","","","","","","","","","","","","","","","","","","","","","","","","","","","","","",""
"45f7f6c","","","","","","","","","","","","","","","","","","","","","","","","","","","","","","","","","","","","","","","","","","","","","","","","","","",""
"1df700a","","","","","","","","","","","","","","","","","","","","","","","","","","","","","","","","","","","","","","","","","","","","","","","","","","",""
"d3a396c","","","","","","","","","","","","","","","","","","","","","","","","","","","","","","","","","","","","","","","","","","","","","","","","","","",""
"79b129c","","","","","","","","","","","","","","","","","","","","","","","","","","","","","","","","","","","","","","","","","","","","","","","","","","",""
"dd6da1c","","","","","","","","","","","","","","","","","","","","","","","","","","","","","","","","","","","","","","","","","","","","","","","","","","",""
"d85b5c4","","","","","","","","","","","","","","","","","","","","","","","","","","","","","","","","","","","","","","","","","","","","","","","","","","",""
"43b56f8","","","","","","","","","","","","","","","","","","","","","","","","","","","","","","","","","","","","","","","","","","","","","","","","","","",""
"3ecbabb","","","","","","","","","","","","","","","","","","","","","","","","","","","","","","","","","","","","","","","","","","","","","","","","","","",""
"c9c92b5","","","","","","","","","","","","","","","","","","","","","","","","","","","","","","","","","","","","","","","","","","","","","","","","","","",""
"f9b9236",-235.22821640968323,"unknown",-229.73960494995117,-223.7303111553192,0.0,7.39573073387146,9.4132821559906,16.122602462768555,119.73948097229004,126.88299703598022,150.32452130317688,"unknown",157.39089226722717,"unknown",163.18779706954956,165.12978601455688,"unknown","","unknown","unknown","unknown","unknown","","unknown","unknown","unknown","unknown",172.2968647480011,"","unknown",179.2966752052307,193.7499213218689,"unknown",199.87809443473816,"unknown",207.06160163879395,209.15793704986572,"unknown","unknown","unknown","unknown","unknown","unknown","unknown","unknown","unknown",215.09614324569702,"unknown","unknown",222.20199179649353,""
"4a0236d","","","","","","","","","","","","","","","","","","","","","","","","","","","","","","","","","","","","","","","","","","","","","","","","","","",""
"b7a265d","","","","","","","","","","","","","","","","","","","","","","","","","","","","","","","","","","","","","","","","","","","","","","","","","","",""
"912afde","","","","","","","","","","","","","","","","","","","","","","","","","","","","","","","","","","","","","","","","","","","","","","","","","","",""
"c97639e","","","","","","","","","","","","","","","","","","","","","","","","","","","","","","","","","","","","","","","","","","","","","","","","","","",""
"af72486","","","","","","","","","","","","","","","","","","","","","","","","","","","","","","","","","","","","","","","","","","","","","","","","","","",""
"e2517d9","","","","","","","","","","","","","","","","","","","","","","","","","","","","","","","","","","","","","","","","","","","","","","","","","","",""
"fc4adfc","","","","","","","","","","","","","","","","","","","","","","","","","","","","","","","","","","","","","","","","","","","","","","","","","","",""
"1e88a68","","","","","","","","","","","","","","","","","","","","","","","","","","","","","","","","","","","","","","","","","","","","","","","","","","",""
"9d97673","","","","","","","","","","","","","","","","","","","","","","","","","","","","","","","","","","","","","","","","","","","","","","","","","","",""
"7baeff7","","","","","","","","","","","","","","","","","","","","","","","","","","","","","","","","","","","","","","","","","","","","","","","","","","",""
"aa07d95",-22567.024975538254,"unknown",-22560.47660255432,-22554.662281513214,0.0,6.088523864746094,7.720916986465454,13.463834285736084,14.988116264343262,21.12740659713745,27.857104778289795,"unknown","unknown",34.195138692855835,39.54753136634827,40.87211036682129,"unknown","","unknown","unknown","unknown","unknown","","unknown","unknown","unknown","unknown",46.38334321975708,"","unknown",52.67247486114502,56.279346227645874,"unknown","unknown",61.98024582862854,68.72687840461731,69.89470791816711,"unknown","unknown","unknown","unknown","unknown","unknown","unknown","unknown","unknown",77.03330492973328,"unknown","unknown",82.34548807144165,""
"d27b032","","","","","","","","","","","","","","","","","","","","","","","","","","","","","","","","","","","","","","","","","","","","","","","","","","",""
"ffa62f5","","","","","","","","","","","","","","","","","","","","","","","","","","","","","","","","","","","","","","","","","","","","","","","","","","",""
"38c4951","","","","","","","","","","","","","","","","","","","","","","","","","","","","","","","","","","","","","","","","","","","","","","","","","","",""
"85ba0bb","","","","","","","","","","","","","","","","","","","","","","","","","","","","","","","","","","","","","","","","","","","","","","","","","","",""
"13dba9e","","","","","","","","","","","","","","","","","","","","","","","","","","","","","","","","","","","","","","","","","","","","","","","","","","",""
"e6d310e","","","","","","","","","","","","","","","","","","","","","","","","","","","","","","","","","","","","","","","","","","","","","","","","","","",""
"8c74aa5",-6968.444776773453,"unknown",-6961.3892385959625,-6955.393706560135,0.0,5.352805852890015,55.33547806739807,60.90846848487854,69.24777388572693,75.05513262748718,84.48589611053467,90.82075333595276,"unknown","unknown",96.13948440551758,120.92855834960938,"unknown","","unknown","unknown","unknown","unknown","","unknown","unknown","unknown","unknown",128.14796805381775,"","unknown",135.1496798992157,142.09480166435242,148.3773651123047,"unknown","unknown",153.70381879806519,169.49717950820923,"unknown","unknown","unknown","unknown","unknown","unknown","unknown","unknown","unknown",175.588721036911,"unknown","unknown",182.16660737991333,""
"679fa36","","","","","","","","","","","","","","","","","","","","","","","","","","","","","","","","","","","","","","","","","","","","","","","","","","",""
"b1d77f9","","","","","","","","","","","","","","","","","","","","","","","","","","","","","","","","","","","","","","","","","","","","","","","","","","",""
"b164bf7","","","","","","","","","","","","","","","","","","","","","","","","","","","","","","","","","","","","","","","","","","","","","","","","","","",""
"7e62763","","","","","","","","","","","","","","","","","","","","","","","","","","","","","","","","","","","","","","","","","","","","","","","","","","",""
"c7a7d85","","","","","","","","","","","","","","","","","","","","","","","","","","","","","","","","","","","","","","","","","","","","","","","","","","",""
"3b7f267","","","","","","","","","","","","","","","","","","","","","","","","","","","","","","","","","","","","","","","","","","","","","","","","","","",""
"fa1efad","","","","","","","","","","","","","","","","","","","","","","","","","","","","","","","","","","","","","","","","","","","","","","","","","","",""
"4a9b689","","","","","","","","","","","","","","","","","","","","","","","","","","","","","","","","","","","","","","","","","","","","","","","","","","",""
"49bd7ab","","","","","","","","","","","","","","","","","","","","","","","","","","","","","","","","","","","","","","","","","","","","","","","","","","",""
"ae58bf1","","","","","","","","","","","","","","","","","","","","","","","","","","","","","","","","","","","","","","","","","","","","","","","","","","",""
"492238f","","","","","","","","","","","","","","","","","","","","","","","","","","","","","","","","","","","","","","","","","","","","","","","","","","",""
"65acecd","","","","","","","","","","","","","","","","","","","","","","","","","","","","","","","","","","","","","","","","","","","","","","","","","","",""
"43c977d",-37.170297622680664,"unknown",-30.874969005584717,-25.48770761489868,0.0,7.263509035110474,9.02865219116211,14.550936698913574,22.609092950820923,28.473108530044556,40.449657917022705,"unknown","unknown",47.68091344833374,54.0763418674469,55.920674562454224,"unknown","","unknown","unknown","unknown","unknown","","unknown","unknown","unknown","unknown",62.19964814186096,"","unknown",69.25438094139099,72.52389311790466,"unknown","unknown",79.46147131919861,85.36177611351013,87.76832842826843,"unknown","unknown","unknown","unknown","unknown","unknown","unknown","unknown","unknown",93.16256332397461,"unknown","unknown",99.98131489753723,""
"4eff6be","","","","","","","","","","","","","","","","","","","","","","","","","","","","","","","","","","","","","","","","","","","","","","","","","","",""
"e1b193b","","","","","","","","","","","","","","","","","","","","","","","","","","","","","","","","","","","","","","","","","","","","","","","","","","",""
"1415cd3","","","","","","","","","","","","","","","","","","","","","","","","","","","","","","","","","","","","","","","","","","","","","","","","","","",""
"2953e33","","","","","","","","","","","","","","","","","","","","","","","","","","","","","","","","","","","","","","","","","","","","","","","","","","",""
"a540012","","","","","","","","","","","","","","","","","","","","","","","","","","","","","","","","","","","","","","","","","","","","","","","","","","",""
"dd88e0f","","","","","","","","","","","","","","","","","","","","","","","","","","","","","","","","","","","","","","","","","","","","","","","","","","",""
"58cb4bb","","","","","","","","","","","","","","","","","","","","","","","","","","","","","","","","","","","","","","","","","","","","","","","","","","",""
"d135983","","","","","","","","","","","","","","","","","","","","","","","","","","","","","","","","","","","","","","","","","","","","","","","","","","",""
"1b88f70","","","","","","","","","","","","","","","","","","","","","","","","","","","","","","","","","","","","","","","","","","","","","","","","","","",""
"814517e","","","","","","","","","","","","","","","","","","","","","","","","","","","","","","","","","","","","","","","","","","","","","","","","","","",""
"53deb5c","","","","","","","","","","","","","","","","","","","","","","","","","","","","","","","","","","","","","","","","","","","","","","","","","","",""
"e4cf342","","","","","","","","","","","","","","","","","","","","","","","","","","","","","","","","","","","","","","","","","","","","","","","","","","",""
"c1a9909","","","","","","","","","","","","","","","","","","","","","","","","","","","","","","","","","","","","","","","","","","","","","","","","","","",""
"844ab34","","","","","","","","","","","","","","","","","","","","","","","","","","","","","","","","","","","","","","","","","","","","","","","","","","",""
"5f84339","","","","","","","","","","","","","","","","","","","","","","","","","","","","","","","","","","","","","","","","","","","","","","","","","","",""
"32980f8","","","","","","","","","","","","","","","","","","","","","","","","","","","","","","","","","","","","","","","","","","","","","","","","","","",""
"fc2538d","","","","","","","","","","","","","","","","","","","","","","","","","","","","","","","","","","","","","","","","","","","","","","","","","","",""
"4c228f6",-26.507847547531128,"unknown",-19.55179476737976,-13.783876419067383,0.0,6.1177873611450195,2286.4968225955963,2292.616274833679,2382.371033668518,2388.3966720104218,2393.8768339157104,"unknown",2399.93150305748,"unknown",2406.1430361270905,2412.154152393341,"unknown","","unknown","unknown","unknown","unknown","","unknown","unknown","unknown","unknown",2417.79807305336,"","unknown",2423.9774804115295,2426.85245013237,2432.9384677410126,"unknown","unknown",2438.469877719879,2441.9745581150055,"unknown","unknown","unknown","unknown","unknown","unknown","unknown","unknown","unknown",2448.296413898468,"unknown","unknown",2455.0288491249084,""
"747ce5f","","","","","","","","","","","","","","","","","","","","","","","","","","","","","","","","","","","","","","","","","","","","","","","","","","",""
"6ab42f2","","","","","","","","","","","","","","","","","","","","","","","","","","","","","","","","","","","","","","","","","","","","","","","","","","",""
"41f2447",-879.1835992336273,"unknown",-872.3279736042023,-865.9993793964386,0.0,6.70525860786438,8.420966148376465,14.019026517868042,21.928746223449707,27.1488356590271,244116.32449746132,"unknown","unknown",244121.98885917664,244127.7133114338,244131.13942599297,"unknown","","unknown","unknown","unknown","unknown","","unknown","unknown","unknown","unknown",244137.55487442017,"","unknown",244144.48584842682,244195.091892004,"unknown","unknown",244202.47009515762,244209.3990998268,244241.10335350037,"unknown","unknown","unknown","unknown","unknown","unknown","unknown","unknown","unknown",244248.00080895424,"unknown","unknown",244253.8255467415,""
"5bf619a","","","","","","","","","","","","","","","","","","","","","","","","","","","","","","","","","","","","","","","","","","","","","","","","","","",""
"a123713","","","","","","","","","","","","","","","","","","","","","","","","","","","","","","","","","","","","","","","","","","","","","","","","","","",""
"41011fc","","","","","","","","","","","","","","","","","","","","","","","","","","","","","","","","","","","","","","","","","","","","","","","","","","",""
"4997357","","","","","","","","","","","","","","","","","","","","","","","","","","","","","","","","","","","","","","","","","","","","","","","","","","",""
"5455b1d","","","","","","","","","","","","","","","","","","","","","","","","","","","","","","","","","","","","","","","","","","","","","","","","","","",""
"f52861b","","","","","","","","","","","","","","","","","","","","","","","","","","","","","","","","","","","","","","","","","","","","","","","","","","",""
"d8ecf99","","","","","","","","","","","","","","","","","","","","","","","","","","","","","","","","","","","","","","","","","","","","","","","","","","",""
"466a0ab","","","","","","","","","","","","","","","","","","","","","","","","","","","","","","","","","","","","","","","","","","","","","","","","","","",""
"399b994","","","","","","","","","","","","","","","","","","","","","","","","","","","","","","","","","","","","","","","","","","","","","","","","","","",""
"6568ea1",-1531.6601293087006,"unknown",-1526.408242225647,-1519.5651528835297,0.0,6.3212890625,7.979550123214722,14.503156900405884,30.689427852630615,38.013827085494995,42.994558572769165,"unknown","unknown",49.431490659713745,55.55502200126648,131.88272285461426,"unknown","","unknown","unknown","unknown","unknown","","unknown","unknown","unknown","unknown",137.22024989128113,"","unknown",142.86453104019165,144.32564997673035,"unknown","unknown",150.46370363235474,157.01125359535217,158.0288336277008,"unknown","unknown","unknown","unknown","unknown","unknown","unknown","unknown","unknown",164.61231327056885,"unknown","unknown",171.08679103851318,""
"a839247","","","","","","","","","","","","","","","","","","","","","","","","","","","","","","","","","","","","","","","","","","","","","","","","","","",""
"5d6ad7f","","","","","","","","","","","","","","","","","","","","","","","","","","","","","","","","","","","","","","","","","","","","","","","","","","",""
"9f79cf4","","","","","","","","","","","","","","","","","","","","","","","","","","","","","","","","","","","","","","","","","","","","","","","","","","",""
"528d0fe","","","","","","","","","","","","","","","","","","","","","","","","","","","","","","","","","","","","","","","","","","","","","","","","","","",""
"900150c","","","","","","","","","","","","","","","","","","","","","","","","","","","","","","","","","","","","","","","","","","","","","","","","","","",""
"f91cb3f","","","","","","","","","","","","","","","","","","","","","","","","","","","","","","","","","","","","","","","","","","","","","","","","","","",""
"924de30","","","","","","","","","","","","","","","","","","","","","","","","","","","","","","","","","","","","","","","","","","","","","","","","","","",""
"959908d","","","","","","","","","","","","","","","","","","","","","","","","","","","","","","","","","","","","","","","","","","","","","","","","","","",""
"d925650","","","","","","","","","","","","","","","","","","","","","","","","","","","","","","","","","","","","","","","","","","","","","","","","","","",""
"37798a6","","","","","","","","","","","","","","","","","","","","","","","","","","","","","","","","","","","","","","","","","","","","","","","","","","",""
"ff10184","","","","","","","","","","","","","","","","","","","","","","","","","","","","","","","","","","","","","","","","","","","","","","","","","","",""
"cde7968","","","","","","","","","","","","","","","","","","","","","","","","","","","","","","","","","","","","","","","","","","","","","","","","","","",""
"a1efa63","","","","","","","","","","","","","","","","","","","","","","","","","","","","","","","","","","","","","","","","","","","","","","","","","","",""
"52d61f6",-2733.680631875992,"unknown",-2726.9304184913635,-2720.4278297424316,0.0,6.0128984451293945,7.35909366607666,13.652624130249023,21.923714876174927,27.97250247001648,34.21794629096985,"unknown","unknown",40.14980673789978,45.695647954940796,48.13704299926758,"unknown","","unknown","unknown","unknown","unknown","","unknown","unknown","unknown","unknown",53.56256556510925,"","unknown",60.19003248214722,65.07990717887878,"unknown","unknown",70.6353702545166,77.55922389030457,78.6650378704071,"unknown","unknown","unknown","unknown","unknown","unknown","unknown","unknown","unknown",85.16277718544006,"unknown","unknown",92.31946110725403,""
"34d8485",-2157.8478043079376,"unknown",-2150.9152154922485,-2145.4877967834473,0.0,7.036568641662598,11.784996032714844,18.69423532485962,70.31462025642395,77.21856188774109,87.49095511436462,93.0660150051117,"unknown","unknown",98.58739638328552,100.46222424507141,"unknown","","unknown","unknown","unknown","unknown","","unknown","unknown","unknown","unknown",106.12407231330872,"","unknown",112.24939894676208,119.3631579875946,126.09278655052185,"unknown","unknown",132.80441069602966,142.85269474983215,"unknown","unknown","unknown","unknown","unknown","unknown","unknown","unknown","unknown",149.6480209827423,"unknown","unknown",155.91197729110718,""
"693ef79",-4475.240910768509,"unknown",-4469.711991548538,-4462.877854585648,0.0,6.252366542816162,10.354336500167847,17.52544927597046,33.9739875793457,39.72026824951172,41.6085000038147,"unknown","unknown",48.54535412788391,55.39468193054199,56.95501732826233,"unknown","","unknown","unknown","unknown","unknown","","unknown","unknown","unknown","unknown",63.50121188163757,"","unknown",70.70018029212952,72.35784006118774,"unknown",78.72226476669312,"unknown",85.63948941230774,88.74960374832153,"unknown","unknown","unknown","unknown","unknown","unknown","unknown","unknown","unknown",96.06271719932556,"unknown","unknown",101.59512853622437,""
"0d5233e","","","","","","","","","","","","","","","","","","","","","","","","","","","","","","","","","","","","","","","","","","","","","","","","","","",""
"ce1d155","","","","","","","","","","","","","","","","","","","","","","","","","","","","","","","","","","","","","","","","","","","","","","","","","","",""
"fafded6","","","","","","","","","","","","","","","","","","","","","","","","","","","","","","","","","","","","","","","","","","","","","","","","","","",""
"f0a4194","","","","","","","","","","","","","","","","","","","","","","","","","","","","","","","","","","","","","","","","","","","","","","","","","","",""
"11e5d50","","","","","","","","","","","","","","","","","","","","","","","","","","","","","","","","","","","","","","","","","","","","","","","","","","",""
"047f2ca","","","","","","","","","","","","","","","","","","","","","","","","","","","","","","","","","","","","","","","","","","","","","","","","","","",""
"e353d18","","","","","","","","","","","","","","","","","","","","","","","","","","","","","","","","","","","","","","","","","","","","","","","","","","",""
"02b634c","","","","","","","","","","","","","","","","","","","","","","","","","","","","","","","","","","","","","","","","","","","","","","","","","","",""
"0f91d63","","","","","","","","","","","","","","","","","","","","","","","","","","","","","","","","","","","","","","","","","","","","","","","","","","",""
"7fb35e6","","","","","","","","","","","","","","","","","","","","","","","","","","","","","","","","","","","","","","","","","","","","","","","","","","",""
"87e086c","","","","","","","","","","","","","","","","","","","","","","","","","","","","","","","","","","","","","","","","","","","","","","","","","","",""
"890df05","","","","","","","","","","","","","","","","","","","","","","","","","","","","","","","","","","","","","","","","","","","","","","","","","","",""
"ece9ce7","","","","","","","","","","","","","","","","","","","","","","","","","","","","","","","","","","","","","","","","","","","","","","","","","","",""
"a975113","","","","","","","","","","","","","","","","","","","","","","","","","","","","","","","","","","","","","","","","","","","","","","","","","","",""
"59c79dc","","","","","","","","","","","","","","","","","","","","","","","","","","","","","","","","","","","","","","","","","","","","","","","","","","",""
"dee5269","","","","","","","","","","","","","","","","","","","","","","","","","","","","","","","","","","","","","","","","","","","","","","","","","","",""
"844fef2","","","","","","","","","","","","","","","","","","","","","","","","","","","","","","","","","","","","","","","","","","","","","","","","","","",""
"ef7d623","","","","","","","","","","","","","","","","","","","","","","","","","","","","","","","","","","","","","","","","","","","","","","","","","","",""
"a54cf83","","","","","","","","","","","","","","","","","","","","","","","","","","","","","","","","","","","","","","","","","","","","","","","","","","",""
"e98cdcd",-6663.788947105408,"unknown",-6657.123418569565,-6651.0212523937225,0.0,7.207688093185425,11.004466772079468,17.89299440383911,31.334030151367188,37.33451700210571,61.09656858444214,"unknown",67.86230087280273,"unknown",73.56494212150574,75.31712031364441,"unknown","","unknown","unknown","unknown","unknown","","unknown","unknown","unknown","unknown",82.29320359230042,"","unknown",88.01076054573059,96.6383867263794,"unknown",102.44143629074097,"unknown",109.47483110427856,111.46456265449524,"unknown","unknown","unknown","unknown","unknown","unknown","unknown","unknown","unknown",118.03674697875977,"unknown","unknown",124.03654432296753,""
"a3ff1ab","","","","","","","","","","","","","","","","","","","","","","","","","","","","","","","","","","","","","","","","","","","","","","","","","","",""
"33bcee6","","","","","","","","","","","","","","","","","","","","","","","","","","","","","","","","","","","","","","","","","","","","","","","","","","",""
"c494a29","","","","","","","","","","","","","","","","","","","","","","","","","","","","","","","","","","","","","","","","","","","","","","","","","","",""
"aa68b7a","","","","","","","","","","","","","","","","","","","","","","","","","","","","","","","","","","","","","","","","","","","","","","","","","","",""
"92db041","","","","","","","","","","","","","","","","","","","","","","","","","","","","","","","","","","","","","","","","","","","","","","","","","","",""
"b921637","","","","","","","","","","","","","","","","","","","","","","","","","","","","","","","","","","","","","","","","","","","","","","","","","","",""
"0fa3c49","","","","","","","","","","","","","","","","","","","","","","","","","","","","","","","","","","","","","","","","","","","","","","","","","","",""
"e581545","","","","","","","","","","","","","","","","","","","","","","","","","","","","","","","","","","","","","","","","","","","","","","","","","","",""
"cb28371","","","","","","","","","","","","","","","","","","","","","","","","","","","","","","","","","","","","","","","","","","","","","","","","","","",""
"a664235","","","","","","","","","","","","","","","","","","","","","","","","","","","","","","","","","","","","","","","","","","","","","","","","","","",""
"81f41fd","","","","","","","","","","","","","","","","","","","","","","","","","","","","","","","","","","","","","","","","","","","","","","","","","","",""
"f38953f","","","","","","","","","","","","","","","","","","","","","","","","","","","","","","","","","","","","","","","","","","","","","","","","","","",""
"6801018","","","","","","","","","","","","","","","","","","","","","","","","","","","","","","","","","","","","","","","","","","","","","","","","","","",""
"61d9d14","","","","","","","","","","","","","","","","","","","","","","","","","","","","","","","","","","","","","","","","","","","","","","","","","","",""
"ac3a94c","","","","","","","","","","","","","","","","","","","","","","","","","","","","","","","","","","","","","","","","","","","","","","","","","","",""
"eccfff0","","","","","","","","","","","","","","","","","","","","","","","","","","","","","","","","","","","","","","","","","","","","","","","","","","",""
"49f21e0","","","","","","","","","","","","","","","","","","","","","","","","","","","","","","","","","","","","","","","","","","","","","","","","","","",""
"02ed09a","","","","","","","","","","","","","","","","","","","","","","","","","","","","","","","","","","","","","","","","","","","","","","","","","","",""
"0514a07","","","","","","","","","","","","","","","","","","","","","","","","","","","","","","","","","","","","","","","","","","","","","","","","","","",""
"37b9a9f","","","","","","","","","","","","","","","","","","","","","","","","","","","","","","","","","","","","","","","","","","","","","","","","","","",""
"3c0c7c1","","","","","","","","","","","","","","","","","","","","","","","","","","","","","","","","","","","","","","","","","","","","","","","","","","",""
"89f6d9e","","","","","","","","","","","","","","","","","","","","","","","","","","","","","","","","","","","","","","","","","","","","","","","","","","",""
"4569a12","","","","","","","","","","","","","","","","","","","","","","","","","","","","","","","","","","","","","","","","","","","","","","","","","","",""
"39dc9b8","","","","","","","","","","","","","","","","","","","","","","","","","","","","","","","","","","","","","","","","","","","","","","","","","","",""
"56bae3a","","","","","","","","","","","","","","","","","","","","","","","","","","","","","","","","","","","","","","","","","","","","","","","","","","",""
"28ec805","","","","","","","","","","","","","","","","","","","","","","","","","","","","","","","","","","","","","","","","","","","","","","","","","","",""
"4c8a5bc","","","","","","","","","","","","","","","","","","","","","","","","","","","","","","","","","","","","","","","","","","","","","","","","","","",""
"48179d1","","","","","","","","","","","","","","","","","","","","","","","","","","","","","","","","","","","","","","","","","","","","","","","","","","",""
"d876b22","","","","","","","","","","","","","","","","","","","","","","","","","","","","","","","","","","","","","","","","","","","","","","","","","","",""
"e845b6b","","","","","","","","","","","","","","","","","","","","","","","","","","","","","","","","","","","","","","","","","","","","","","","","","","",""
"619e952",-176360.74230527878,"unknown",-176353.74041056633,-176347.15443706512,0.0,6.414156675338745,18.400817155838013,23.73336172103882,27.747287034988403,33.34926676750183,36.03345322608948,"unknown","unknown",42.846200466156006,48.26330351829529,51.87371277809143,"unknown","","unknown","unknown","unknown","unknown","","unknown","unknown","unknown","unknown",58.88145709037781,"","unknown",65.34100222587585,67.12933945655823,"unknown","unknown",73.84510064125061,80.27270317077637,83.25232672691345,"unknown","unknown","unknown","unknown","unknown","unknown","unknown","unknown","unknown",89.37789106369019,"unknown","unknown",96.12532448768616,""
"0fd9ca7","","","","","","","","","","","","","","","","","","","","","","","","","","","","","","","","","","","","","","","","","","","","","","","","","","",""
"ff125d4","","","","","","","","","","","","","","","","","","","","","","","","","","","","","","","","","","","","","","","","","","","","","","","","","","",""
"0dc7823","","","","","","","","","","","","","","","","","","","","","","","","","","","","","","","","","","","","","","","","","","","","","","","","","","",""
"64155b9","","","","","","","","","","","","","","","","","","","","","","","","","","","","","","","","","","","","","","","","","","","","","","","","","","",""
"9cfbb83","","","","","","","","","","","","","","","","","","","","","","","","","","","","","","","","","","","","","","","","","","","","","","","","","","",""
"f6ffd76","","","","","","","","","","","","","","","","","","","","","","","","","","","","","","","","","","","","","","","","","","","","","","","","","","",""
"4ac71cf","","","","","","","","","","","","","","","","","","","","","","","","","","","","","","","","","","","","","","","","","","","","","","","","","","",""
"57b0697","","","","","","","","","","","","","","","","","","","","","","","","","","","","","","","","","","","","","","","","","","","","","","","","","","",""
"1c202a8","","","","","","","","","","","","","","","","","","","","","","","","","","","","","","","","","","","","","","","","","","","","","","","","","","",""
"3e625ac","","","","","","","","","","","","","","","","","","","","","","","","","","","","","","","","","","","","","","","","","","","","","","","","","","",""
"6b36bf5","","","","","","","","","","","","","","","","","","","","","","","","","","","","","","","","","","","","","","","","","","","","","","","","","","",""
"99775ba",-106339.64027047157,"unknown",-106333.93215966225,-106326.87199854851,0.0,6.6171863079071045,196.26805019378662,203.53107070922852,551.7067329883575,558.6198983192444,694.7873642444611,"unknown","unknown",701.5871031284332,708.0996859073639,710.1221134662628,"unknown","","unknown","unknown","unknown","unknown","","unknown","unknown","unknown","unknown",715.6239969730377,"","unknown",722.8866167068481,730.4855945110321,"unknown",736.9101870059967,"unknown",742.3016705513,746.4647896289825,"unknown","unknown","unknown","unknown","unknown","unknown","unknown","unknown","unknown",752.6215150356293,"unknown","unknown",758.0160143375397,""
"152aa4d",-93994.41143274307,"unknown",-93987.1344306469,-93980.05820441246,0.0,7.250107765197754,9.680394172668457,15.243824243545532,31.875362396240234,37.829612731933594,41.24094080924988,"unknown","unknown",47.68932056427002,53.60214185714722,55.607094287872314,"unknown","","unknown","unknown","unknown","unknown","","unknown","unknown","unknown","unknown",61.41463589668274,"","unknown",67.81124830245972,70.31948661804199,"unknown","unknown",77.30560731887817,83.83373141288757,85.77972197532654,"unknown","unknown","unknown","unknown","unknown","unknown","unknown","unknown","unknown",92.3702437877655,"unknown","unknown",99.61320304870605,""
"56191c0","","","","","","","","","","","","","","","","","","","","","","","","","","","","","","","","","","","","","","","","","","","","","","","","","","",""
"ced331f","","","","","","","","","","","","","","","","","","","","","","","","","","","","","","","","","","","","","","","","","","","","","","","","","","",""
"1d235c1","","","","","","","","","","","","","","","","","","","","","","","","","","","","","","","","","","","","","","","","","","","","","","","","","","",""
"e6de912","","","","","","","","","","","","","","","","","","","","","","","","","","","","","","","","","","","","","","","","","","","","","","","","","","",""
"76bbc0d","","","","","","","","","","","","","","","","","","","","","","","","","","","","","","","","","","","","","","","","","","","","","","","","","","",""
"36b4ec5","","","","","","","","","","","","","","","","","","","","","","","","","","","","","","","","","","","","","","","","","","","","","","","","","","",""
"79b65fb","","","","","","","","","","","","","","","","","","","","","","","","","","","","","","","","","","","","","","","","","","","","","","","","","","",""
"7de2a3d","","","","","","","","","","","","","","","","","","","","","","","","","","","","","","","","","","","","","","","","","","","","","","","","","","",""
"dbe3880","","","","","","","","","","","","","","","","","","","","","","","","","","","","","","","","","","","","","","","","","","","","","","","","","","",""
"877fb69","","","","","","","","","","","","","","","","","","","","","","","","","","","","","","","","","","","","","","","","","","","","","","","","","","",""
"c17e360","","","","","","","","","","","","","","","","","","","","","","","","","","","","","","","","","","","","","","","","","","","","","","","","","","",""
"51be121","","","","","","","","","","","","","","","","","","","","","","","","","","","","","","","","","","","","","","","","","","","","","","","","","","",""
"c094913","","","","","","","","","","","","","","","","","","","","","","","","","","","","","","","","","","","","","","","","","","","","","","","","","","",""
"3b65cc8","","","","","","","","","","","","","","","","","","","","","","","","","","","","","","","","","","","","","","","","","","","","","","","","","","",""
"ce36e73","","","","","","","","","","","","","","","","","","","","","","","","","","","","","","","","","","","","","","","","","","","","","","","","","","",""
"e9e1409","","","","","","","","","","","","","","","","","","","","","","","","","","","","","","","","","","","","","","","","","","","","","","","","","","",""
"6f17bd1","","","","","","","","","","","","","","","","","","","","","","","","","","","","","","","","","","","","","","","","","","","","","","","","","","",""
"4af2fee","","","","","","","","","","","","","","","","","","","","","","","","","","","","","","","","","","","","","","","","","","","","","","","","","","",""
"051761f","","","","","","","","","","","","","","","","","","","","","","","","","","","","","","","","","","","","","","","","","","","","","","","","","","",""
"1c627cb","","","","","","","","","","","","","","","","","","","","","","","","","","","","","","","","","","","","","","","","","","","","","","","","","","",""
"5177026","","","","","","","","","","","","","","","","","","","","","","","","","","","","","","","","","","","","","","","","","","","","","","","","","","",""
"db0051d","","","","","","","","","","","","","","","","","","","","","","","","","","","","","","","","","","","","","","","","","","","","","","","","","","",""
"43bae5c","","","","","","","","","","","","","","","","","","","","","","","","","","","","","","","","","","","","","","","","","","","","","","","","","","",""
"9e9a81e","","","","","","","","","","","","","","","","","","","","","","","","","","","","","","","","","","","","","","","","","","","","","","","","","","",""
"6289e6c","","","","","","","","","","","","","","","","","","","","","","","","","","","","","","","","","","","","","","","","","","","","","","","","","","",""
"c55c183","","","","","","","","","","","","","","","","","","","","","","","","","","","","","","","","","","","","","","","","","","","","","","","","","","",""
"a9b4533","","","","","","","","","","","","","","","","","","","","","","","","","","","","","","","","","","","","","","","","","","","","","","","","","","",""
"fc53f6c","","","","","","","","","","","","","","","","","","","","","","","","","","","","","","","","","","","","","","","","","","","","","","","","","","",""
"1db8420","","","","","","","","","","","","","","","","","","","","","","","","","","","","","","","","","","","","","","","","","","","","","","","","","","",""
"8a1ecd0","","","","","","","","","","","","","","","","","","","","","","","","","","","","","","","","","","","","","","","","","","","","","","","","","","",""
"8fd863f","","","","","","","","","","","","","","","","","","","","","","","","","","","","","","","","","","","","","","","","","","","","","","","","","","",""
"644830a","","","","","","","","","","","","","","","","","","","","","","","","","","","","","","","","","","","","","","","","","","","","","","","","","","",""
"9c76c21","","","","","","","","","","","","","","","","","","","","","","","","","","","","","","","","","","","","","","","","","","","","","","","","","","",""
"5dbecee","","","","","","","","","","","","","","","","","","","","","","","","","","","","","","","","","","","","","","","","","","","","","","","","","","",""
"86c5f35","","","","","","","","","","","","","","","","","","","","","","","","","","","","","","","","","","","","","","","","","","","","","","","","","","",""
"4c072d3","","","","","","","","","","","","","","","","","","","","","","","","","","","","","","","","","","","","","","","","","","","","","","","","","","",""
"89bbcd3","","","","","","","","","","","","","","","","","","","","","","","","","","","","","","","","","","","","","","","","","","","","","","","","","","",""
"25f4734","","","","","","","","","","","","","","","","","","","","","","","","","","","","","","","","","","","","","","","","","","","","","","","","","","",""
"aa9ac00","","","","","","","","","","","","","","","","","","","","","","","","","","","","","","","","","","","","","","","","","","","","","","","","","","",""
"9a1b5fa","","","","","","","","","","","","","","","","","","","","","","","","","","","","","","","","","","","","","","","","","","","","","","","","","","",""
"e3ae59a","","","","","","","","","","","","","","","","","","","","","","","","","","","","","","","","","","","","","","","","","","","","","","","","","","",""
"d003724","","","","","","","","","","","","","","","","","","","","","","","","","","","","","","","","","","","","","","","","","","","","","","","","","","",""
"3a03bea","","","","","","","","","","","","","","","","","","","","","","","","","","","","","","","","","","","","","","","","","","","","","","","","","","",""
"e427669","","","","","","","","","","","","","","","","","","","","","","","","","","","","","","","","","","","","","","","","","","","","","","","","","","",""
"12dfda3","","","","","","","","","","","","","","","","","","","","","","","","","","","","","","","","","","","","","","","","","","","","","","","","","","",""
"3226bb3","","","","","","","","","","","","","","","","","","","","","","","","","","","","","","","","","","","","","","","","","","","","","","","","","","",""
"c02668d","","","","","","","","","","","","","","","","","","","","","","","","","","","","","","","","","","","","","","","","","","","","","","","","","","",""
"088d8b4","","","","","","","","","","","","","","","","","","","","","","","","","","","","","","","","","","","","","","","","","","","","","","","","","","",""
"a2d2ca9","","","","","","","","","","","","","","","","","","","","","","","","","","","","","","","","","","","","","","","","","","","","","","","","","","",""
"9f4d288","","","","","","","","","","","","","","","","","","","","","","","","","","","","","","","","","","","","","","","","","","","","","","","","","","",""
"aaad0b7","","","","","","","","","","","","","","","","","","","","","","","","","","","","","","","","","","","","","","","","","","","","","","","","","","",""
"c16eb71","","","","","","","","","","","","","","","","","","","","","","","","","","","","","","","","","","","","","","","","","","","","","","","","","","",""
"3e6beba","","","","","","","","","","","","","","","","","","","","","","","","","","","","","","","","","","","","","","","","","","","","","","","","","","",""
"35adcf1","","","","","","","","","","","","","","","","","","","","","","","","","","","","","","","","","","","","","","","","","","","","","","","","","","",""
"b92ee81","","","","","","","","","","","","","","","","","","","","","","","","","","","","","","","","","","","","","","","","","","","","","","","","","","",""
"b2621a2","","","","","","","","","","","","","","","","","","","","","","","","","","","","","","","","","","","","","","","","","","","","","","","","","","",""
"dd64cdc","","","","","","","","","","","","","","","","","","","","","","","","","","","","","","","","","","","","","","","","","","","","","","","","","","",""
"6099d06","","","","","","","","","","","","","","","","","","","","","","","","","","","","","","","","","","","","","","","","","","","","","","","","","","",""
"d91bf84",-61869.864966869354,"unknown",-61862.925515174866,-61857.08355951309,0.0,7.230865955352783,8.504352331161499,13.746825933456421,146.99608540534973,153.99111461639404,202.93749332427979,"unknown","unknown",209.96328139305115,215.2950930595398,221.89465951919556,"unknown","","unknown","unknown","unknown","unknown","","unknown","unknown","unknown","unknown",227.61226511001587,"","unknown",234.64416980743408,240.7422297000885,"unknown","unknown",247.06963872909546,253.975031375885,271.5490930080414,"unknown","unknown","unknown","unknown","unknown","unknown","unknown","unknown","unknown",277.05651688575745,"unknown","unknown",283.15091919898987,""
"c3db77a","","","","","","","","","","","","","","","","","","","","","","","","","","","","","","","","","","","","","","","","","","","","","","","","","","",""
"7c9678a","","","","","","","","","","","","","","","","","","","","","","","","","","","","","","","","","","","","","","","","","","","","","","","","","","",""
"db7d9c3",-1829.9460124969482,"unknown",-1823.4378244876862,-1817.356398820877,0.0,5.676991701126099,9.693977117538452,16.59432291984558,56895.947489738464,56902.363224983215,57088.710074186325,"unknown","unknown",57095.38267469406,57100.876090765,57115.47697806358,"unknown","","unknown","unknown","unknown","unknown","","unknown","unknown","unknown","unknown",57121.03268456459,"","unknown",57126.746838092804,57196.48254132271,"unknown","unknown",57201.99360847473,57207.507004737854,57211.68153476715,"unknown","unknown","unknown","unknown","unknown","unknown","unknown","unknown","unknown",57217.3892660141,"unknown","unknown",57224.13004040718,""
"7d9c3_1",-1829.9460124969482,"unknown",-1823.4378244876862,-1817.356398820877,0.0,5.676991701126099,9.693977117538452,16.59432291984558,56895.947489738464,56902.363224983215,57088.710074186325,"unknown","unknown",57095.38267469406,57100.876090765,57115.47697806358,"unknown","","unknown","unknown","unknown","unknown","","unknown","unknown","unknown","unknown",57121.03268456459,"","unknown",57126.746838092804,57196.48254132271,"unknown","unknown",57201.99360847473,57207.507004737854,57211.68153476715,"unknown","unknown","unknown","unknown","unknown","unknown","unknown","unknown","unknown",57217.3892660141,"unknown","unknown",57224.13004040718,""
"804c32f","","","","","","","","","","","","","","","","","","","","","","","","","","","","","","","","","","","","","","","","","","","","","","","","","","",""
