"","1","recurso","1b","2","cont","3","cont_1","4","dilema","5","yo_1","6A_yo","6B_yo","6C_yo","7_yo","v_yo_1","8_yo","yo_2","9A_yo","9B_yo","9C_yo","10_yo","v_yo_2","11_yo","12A_yo","12B_yo","12C_yo","13_yo_1","13_yo_2","13_yo_3","5_otro","otro_1","6A_otro","6B_otro","6C_otro","7_otro","v_otro_1","8_otro","otro_2","9A_otro","9B_otro","9C_otro","10_otro","v_otro_2","11_otro","12A_otro","12B_otro","12C_otro","13_otro_1","13_otro_2","13_otro_3","14","4_1","5_1"
"518e9b8",-9066.795332670212,"unknown",-9060.788089036942,-9054.12240576744,0.0,6.917454719543457,24.332887411117554,31.126271724700928,33.890141010284424,41.13648509979248,48.09427785873413,"unknown",54.748905658721924,"unknown",60.74932265281677,61.8376042842865,"unknown","","unknown","unknown","unknown","unknown","","unknown","unknown","unknown","unknown",67.53359770774841,"","unknown",73.26427221298218,76.99576258659363,82.30702519416809,"unknown","unknown",87.59750080108643,89.19624876976013,"unknown","","unknown","unknown","unknown","unknown","","unknown","unknown","unknown","unknown",95.75924253463745,"unknown","unknown",101.33341312408447,"",""
"b5edd3c","","","","","","","","","","","","","","","","","","","","","","","","","","","","","","","","","","","","","","","","","","","","","","","","","","","","","",""
"374ecf8",-7455.948376893997,"unknown",-7450.104571342468,-7443.093221187592,0.0,6.27417516708374,8.35703706741333,15.201444864273071,27.733176231384277,34.20465636253357,35.95308828353882,"unknown",42.04395079612732,"unknown",47.510112047195435,48.69097399711609,"unknown","","unknown","unknown","unknown","unknown","","unknown","unknown","unknown","unknown",55.72775650024414,"","unknown",62.71756315231323,65.40943837165833,"unknown",72.34280800819397,"unknown",78.60965847969055,80.07667422294617,"unknown","","unknown","unknown","unknown","unknown","","unknown","unknown","unknown","unknown",85.77953958511353,"unknown","unknown",92.93070006370544,"",""
"89f120b","","","","","","","","","","","","","","","","","","","","","","","","","","","","","","","","","","","","","","","","","","","","","","","","","","","","","",""
"1883ca0",-22321.230365991592,"unknown",-22314.5882461071,-22307.477914094925,0.0,5.7949059009552,15.057103633880615,20.61291527748108,26.173856258392334,31.750255584716797,33.323434591293335,39.65760850906372,"unknown","unknown",45.84792375564575,47.59615135192871,"unknown","","unknown","unknown","unknown","unknown","","unknown","unknown","unknown","unknown",54.15863561630249,"","unknown",59.446433544158936,62.069212436676025,67.35000109672546,"unknown","unknown",73.03815937042236,76.6233913898468,"unknown","","unknown","unknown","unknown","unknown","","unknown","unknown","unknown","unknown",83.44976544380188,"unknown","unknown",89.27430748939514,"",""
"8d2da97","","","","","","","","","","","","","","","","","","","","","","","","","","","","","","","","","","","","","","","","","","","","","","","","","","","","","",""
"2541155",-28790.685844659805,"unknown",-28783.568720817566,-28777.029688835144,0.0,5.45673680305481,6.861629247665405,13.654401302337646,15.707193374633789,21.731576919555664,23.81689167022705,29.404046058654785,"unknown","unknown",35.972344160079956,37.90229105949402,"unknown","","unknown","unknown","unknown","unknown","","unknown","unknown","unknown","unknown",43.628735303878784,"","unknown",50.047807693481445,56.30664253234863,62.08112120628357,"unknown","unknown",68.0513322353363,89.21585178375244,"unknown","","unknown","unknown","unknown","unknown","","unknown","unknown","unknown","unknown",94.69738388061523,"unknown","unknown",99.93794465065002,"",""
"ac6f3f6",-1203.5400512218475,"unknown",-1196.0717906951904,-1190.0803134441376,0.0,8.935612201690674,46.3980438709259,53.01114892959595,7244.470506668091,7251.263848781586,7367.433619737625,7373.688186883926,"unknown","unknown",7380.00120472908,7381.799057483673,"unknown","","unknown","unknown","unknown","unknown","","unknown","unknown","unknown","unknown",7387.626879930496,"","unknown",7392.972923994064,7394.662128210068,7401.299624681473,"unknown","unknown",7407.219258785248,7410.15482211113,"unknown","","unknown","unknown","unknown","unknown","","unknown","unknown","unknown","unknown",7415.784185886383,"unknown","unknown",7422.129515171051,7241.425138473511,""
"62447b9","","","","","","","","","","","","","","","","","","","","","","","","","","","","","","","","","","","","","","","","","","","","","","","","","","","","","",""
"20f3e2e",-13633.266228199005,"unknown",-13626.646280288696,-13620.459787607193,0.0,6.496410131454468,9.920917510986328,15.40752649307251,85.82796287536621,91.5166687965393,93.19468021392822,"unknown","unknown",99.66450810432434,105.74989151954651,108.07754707336426,"unknown","","unknown","unknown","unknown","unknown","","unknown","unknown","unknown","unknown",114.17673134803772,"","unknown",120.95748782157898,125.305246591568,132.43129754066467,"unknown","unknown",139.31838703155518,140.90009760856628,"unknown","","unknown","unknown","unknown","unknown","","unknown","unknown","unknown","unknown",147.07896256446838,"unknown","unknown",153.83049249649048,"",""
"4e53c5c",-5892.555647134781,"unknown",-5886.519322395325,-5879.917190790176,0.0,6.134517192840576,10.45842981338501,16.26980686187744,34.78024888038635,40.56121277809143,46.84611630439758,"unknown",53.724406719207764,"unknown",61.093488454818726,62.8375506401062,"unknown","","unknown","unknown","unknown","unknown","","unknown","unknown","unknown","unknown",69.79922580718994,"","unknown",76.0226411819458,80.11837434768677,86.47758913040161,"unknown","unknown",92.27975511550903,93.84757423400879,"unknown","","unknown","unknown","unknown","unknown","","unknown","unknown","unknown","unknown",100.78124165534973,"unknown","unknown",107.7957649230957,"",""
"ac6ecda","","","","","","","","","","","","","","","","","","","","","","","","","","","","","","","","","","","","","","","","","","","","","","","","","","","","","",""
"c899adb",-78.77780413627625,"unknown",-72.81131553649902,-66.4283332824707,0.0,6.105364799499512,8.620220184326172,15.721256732940674,1253.7039306163788,1260.0796873569489,1271.525090932846,1277.599336862564,"unknown","unknown",1284.187023639679,1400.8859956264496,"unknown","","unknown","unknown","unknown","unknown","","unknown","unknown","unknown","unknown",1407.4107077121735,"","unknown",1412.8995735645294,1415.7863631248474,1421.9739696979523,"unknown","unknown",1428.6207604408264,1430.21906042099,"unknown","","unknown","unknown","unknown","unknown","","unknown","unknown","unknown","unknown",1436.063776254654,"unknown","unknown",1442.0383496284485,"",""
"b8ec123","","","","","","","","","","","","","","","","","","","","","","","","","","","","","","","","","","","","","","","","","","","","","","","","","","","","","",""
"07b298c","","","","","","","","","","","","","","","","","","","","","","","","","","","","","","","","","","","","","","","","","","","","","","","","","","","","","",""
"4c7f106","","","","","","","","","","","","","","","","","","","","","","","","","","","","","","","","","","","","","","","","","","","","","","","","","","","","","",""
"49db8c4",-11261.333330869675,"unknown",-11255.899156570435,-11249.094483852386,0.0,6.276776075363159,9.013067722320557,15.901564359664917,25.848360300064087,32.82279062271118,35.80451059341431,"unknown","unknown",41.87434983253479,48.66055107116699,51.02722144126892,"unknown","","unknown","unknown","unknown","unknown","","unknown","unknown","unknown","unknown",56.39469337463379,"","unknown",62.13843250274658,65.90384602546692,72.35175967216492,"unknown","unknown",78.60890579223633,80.7647545337677,"unknown","","unknown","unknown","unknown","unknown","","unknown","unknown","unknown","unknown",86.66923880577087,"unknown","unknown",92.50254940986633,"",""
"ea8c0d6",-2884.410669565201,"unknown",-2878.7083361148834,-2872.822153568268,0.0,6.863271713256836,8.887332677841187,16.140726327896118,27.674848079681396,34.56741809844971,37.234981298446655,"unknown","unknown",42.889633893966675,49.58615589141846,51.67489266395569,"unknown","","unknown","unknown","unknown","unknown","","unknown","unknown","unknown","unknown",57.790260314941406,"","unknown",63.51998448371887,71.10862588882446,76.74955701828003,"unknown","unknown",82.227126121521,84.41744232177734,"unknown","","unknown","unknown","unknown","unknown","","unknown","unknown","unknown","unknown",91.28018307685852,"unknown","unknown",98.19167375564575,"",""
"527d11d","","","","","","","","","","","","","","","","","","","","","","","","","","","","","","","","","","","","","","","","","","","","","","","","","","","","","",""
"7cf831f",-642.9277539253235,"unknown",-636.4870207309723,-630.5053570270538,0.0,7.118927955627441,37.7228319644928,44.553558588027954,73.23089694976807,79.4508330821991,82.99351668357849,"unknown",89.61078214645386,"unknown",96.09997725486755,106.10964179039001,"unknown","","unknown","unknown","unknown","unknown","","unknown","unknown","unknown","unknown",112.47325086593628,"","unknown",118.67555332183838,126.06388545036316,131.92130184173584,"unknown","unknown",138.54933381080627,142.24112915992737,"unknown","","unknown","unknown","unknown","unknown","","unknown","unknown","unknown","unknown",149.39572620391846,"unknown","unknown",156.3183674812317,"",""
"41f497c","","","","","","","","","","","","","","","","","","","","","","","","","","","","","","","","","","","","","","","","","","","","","","","","","","","","","",""
"8d5112a","","","","","","","","","","","","","","","","","","","","","","","","","","","","","","","","","","","","","","","","","","","","","","","","","","","","","",""
"f496964","","","","","","","","","","","","","","","","","","","","","","","","","","","","","","","","","","","","","","","","","","","","","","","","","","","","","",""
"68c3192","","","","","","","","","","","","","","","","","","","","","","","","","","","","","","","","","","","","","","","","","","","","","","","","","","","","","",""
"eb77de6","","","","","","","","","","","","","","","","","","","","","","","","","","","","","","","","","","","","","","","","","","","","","","","","","","","","","",""
"1288ac2","","","","","","","","","","","","","","","","","","","","","","","","","","","","","","","","","","","","","","","","","","","","","","","","","","","","","",""
"8ce483d","","","","","","","","","","","","","","","","","","","","","","","","","","","","","","","","","","","","","","","","","","","","","","","","","","","","","",""
"79868cd",-678.7249636650085,"unknown",-672.7573027610779,-667.4845132827759,0.0,6.304922819137573,7.614405870437622,13.85521125793457,15.747249603271484,22.630337953567505,11119429.430727243,"unknown",11119435.178491116,"unknown",11119440.947019339,11119442.607341051,"unknown","","unknown","unknown","unknown","unknown","","unknown","unknown","unknown","unknown",11119449.756522894,"","unknown",11119456.45619607,11119470.961688042,"unknown",11119477.86379385,"unknown",11119484.90474844,11119486.18163371,"unknown","","unknown","unknown","unknown","unknown","","unknown","unknown","unknown","unknown",11119491.762858152,"unknown","unknown",11119499.050646067,"",5261909.232821941
"56ee475","","","","","","","","","","","","","","","","","","","","","","","","","","","","","","","","","","","","","","","","","","","","","","","","","","","","","",""
"916c172","","","","","","","","","","","","","","","","","","","","","","","","","","","","","","","","","","","","","","","","","","","","","","","","","","","","","",""
"d9696dd","","","","","","","","","","","","","","","","","","","","","","","","","","","","","","","","","","","","","","","","","","","","","","","","","","","","","",""
"eff7ebe","","","","","","","","","","","","","","","","","","","","","","","","","","","","","","","","","","","","","","","","","","","","","","","","","","","","","",""
"5d4fcbe","","","","","","","","","","","","","","","","","","","","","","","","","","","","","","","","","","","","","","","","","","","","","","","","","","","","","",""
"965ec7c","","","","","","","","","","","","","","","","","","","","","","","","","","","","","","","","","","","","","","","","","","","","","","","","","","","","","",""
"170bd80","","","","","","","","","","","","","","","","","","","","","","","","","","","","","","","","","","","","","","","","","","","","","","","","","","","","","",""
"e2738b5","","","","","","","","","","","","","","","","","","","","","","","","","","","","","","","","","","","","","","","","","","","","","","","","","","","","","",""
"7a54533","","","","","","","","","","","","","","","","","","","","","","","","","","","","","","","","","","","","","","","","","","","","","","","","","","","","","",""
"d874e84","","","","","","","","","","","","","","","","","","","","","","","","","","","","","","","","","","","","","","","","","","","","","","","","","","","","","",""
"65b2a4c","","","","","","","","","","","","","","","","","","","","","","","","","","","","","","","","","","","","","","","","","","","","","","","","","","","","","",""
"c28b1a9","","","","","","","","","","","","","","","","","","","","","","","","","","","","","","","","","","","","","","","","","","","","","","","","","","","","","",""
"402df77","","","","","","","","","","","","","","","","","","","","","","","","","","","","","","","","","","","","","","","","","","","","","","","","","","","","","",""
"7384692","","","","","","","","","","","","","","","","","","","","","","","","","","","","","","","","","","","","","","","","","","","","","","","","","","","","","",""
"90ccafb","","","","","","","","","","","","","","","","","","","","","","","","","","","","","","","","","","","","","","","","","","","","","","","","","","","","","",""
"0327530","","","","","","","","","","","","","","","","","","","","","","","","","","","","","","","","","","","","","","","","","","","","","","","","","","","","","",""
"47dcadc","","","","","","","","","","","","","","","","","","","","","","","","","","","","","","","","","","","","","","","","","","","","","","","","","","","","","",""
"233ee90","","","","","","","","","","","","","","","","","","","","","","","","","","","","","","","","","","","","","","","","","","","","","","","","","","","","","",""
"db844b1","","","","","","","","","","","","","","","","","","","","","","","","","","","","","","","","","","","","","","","","","","","","","","","","","","","","","",""
"e4c0f9c","","","","","","","","","","","","","","","","","","","","","","","","","","","","","","","","","","","","","","","","","","","","","","","","","","","","","",""
"fd01af9","","","","","","","","","","","","","","","","","","","","","","","","","","","","","","","","","","","","","","","","","","","","","","","","","","","","","",""
"77a5d2f","","","","","","","","","","","","","","","","","","","","","","","","","","","","","","","","","","","","","","","","","","","","","","","","","","","","","",""
"b92dee2","","","","","","","","","","","","","","","","","","","","","","","","","","","","","","","","","","","","","","","","","","","","","","","","","","","","","",""
"50ec1c5","","","","","","","","","","","","","","","","","","","","","","","","","","","","","","","","","","","","","","","","","","","","","","","","","","","","","",""
"11892fd","","","","","","","","","","","","","","","","","","","","","","","","","","","","","","","","","","","","","","","","","","","","","","","","","","","","","",""
"e65bef7","","","","","","","","","","","","","","","","","","","","","","","","","","","","","","","","","","","","","","","","","","","","","","","","","","","","","",""
"e5bb5fe","","","","","","","","","","","","","","","","","","","","","","","","","","","","","","","","","","","","","","","","","","","","","","","","","","","","","",""
"5ba2fe6","","","","","","","","","","","","","","","","","","","","","","","","","","","","","","","","","","","","","","","","","","","","","","","","","","","","","",""
"fcf59af","","","","","","","","","","","","","","","","","","","","","","","","","","","","","","","","","","","","","","","","","","","","","","","","","","","","","",""
"c94e42e",-12644.854284524918,"unknown",-12637.850268602371,-12630.68329167366,0.0,6.706255674362183,8.93021011352539,16.75636863708496,45.48584794998169,51.081477880477905,56.58184838294983,"unknown","unknown",63.298933267593384,69.39630103111267,85.81163716316223,"unknown","","unknown","unknown","unknown","unknown","","unknown","unknown","unknown","unknown",91.61642026901245,"","unknown",96.98487043380737,101.48605990409851,"unknown","unknown",107.4572868347168,113.72875952720642,203.39375591278076,"unknown","","unknown","unknown","unknown","unknown","","unknown","unknown","unknown","unknown",209.38504433631897,"unknown","unknown",214.99603033065796,"",""
"ee4b6cd","","","","","","","","","","","","","","","","","","","","","","","","","","","","","","","","","","","","","","","","","","","","","","","","","","","","","",""
"f2291ba","","","","","","","","","","","","","","","","","","","","","","","","","","","","","","","","","","","","","","","","","","","","","","","","","","","","","",""
"fb6ca94","","","","","","","","","","","","","","","","","","","","","","","","","","","","","","","","","","","","","","","","","","","","","","","","","","","","","",""
"5a20153","","","","","","","","","","","","","","","","","","","","","","","","","","","","","","","","","","","","","","","","","","","","","","","","","","","","","",""
"516417f","","","","","","","","","","","","","","","","","","","","","","","","","","","","","","","","","","","","","","","","","","","","","","","","","","","","","",""
"7a0eabe","","","","","","","","","","","","","","","","","","","","","","","","","","","","","","","","","","","","","","","","","","","","","","","","","","","","","",""
"7b65802","","","","","","","","","","","","","","","","","","","","","","","","","","","","","","","","","","","","","","","","","","","","","","","","","","","","","",""
"2949a28","","","","","","","","","","","","","","","","","","","","","","","","","","","","","","","","","","","","","","","","","","","","","","","","","","","","","",""
"5e09b84","","","","","","","","","","","","","","","","","","","","","","","","","","","","","","","","","","","","","","","","","","","","","","","","","","","","","",""
"7da3821","","","","","","","","","","","","","","","","","","","","","","","","","","","","","","","","","","","","","","","","","","","","","","","","","","","","","",""
"2f5762a",-161.66153478622437,"unknown",-155.87026190757751,-149.94442558288574,0.0,7.33808970451355,12.163789987564087,18.640140056610107,26.91511082649231,32.97680997848511,36.483428716659546,"unknown",43.41533350944519,"unknown",50.590327739715576,52.700371742248535,"unknown","","unknown","unknown","unknown","unknown","","unknown","unknown","unknown","unknown",59.00178861618042,"","unknown",64.31772041320801,67.2333755493164,"unknown",74.16565108299255,"unknown",80.30723810195923,81.98339605331421,"unknown","","unknown","unknown","unknown","unknown","","unknown","unknown","unknown","unknown",88.11267495155334,"unknown","unknown",95.22004890441895,"",""
"50a0fdd","","","","","","","","","","","","","","","","","","","","","","","","","","","","","","","","","","","","","","","","","","","","","","","","","","","","","",""
"b7cec81","","","","","","","","","","","","","","","","","","","","","","","","","","","","","","","","","","","","","","","","","","","","","","","","","","","","","",""
"bf983ba","","","","","","","","","","","","","","","","","","","","","","","","","","","","","","","","","","","","","","","","","","","","","","","","","","","","","",""
"a80b75d","","","","","","","","","","","","","","","","","","","","","","","","","","","","","","","","","","","","","","","","","","","","","","","","","","","","","",""
"b53b559","","","","","","","","","","","","","","","","","","","","","","","","","","","","","","","","","","","","","","","","","","","","","","","","","","","","","",""
"4a92bfd","","","","","","","","","","","","","","","","","","","","","","","","","","","","","","","","","","","","","","","","","","","","","","","","","","","","","",""
"90434eb","","","","","","","","","","","","","","","","","","","","","","","","","","","","","","","","","","","","","","","","","","","","","","","","","","","","","",""
"37674f9","","","","","","","","","","","","","","","","","","","","","","","","","","","","","","","","","","","","","","","","","","","","","","","","","","","","","",""
"0dc300b","","","","","","","","","","","","","","","","","","","","","","","","","","","","","","","","","","","","","","","","","","","","","","","","","","","","","",""
"1800004","","","","","","","","","","","","","","","","","","","","","","","","","","","","","","","","","","","","","","","","","","","","","","","","","","","","","",""
"7b3c431",-888.4757471084595,"unknown",-882.1395616531372,-876.5176153182983,0.0,6.184096574783325,1100.9567520618439,1107.4190769195557,1116.1909301280975,1123.255187034607,1126.6236200332642,"unknown",1133.0146796703339,"unknown",1139.7428617477417,1161.1090698242188,"unknown","","unknown","unknown","unknown","unknown","","unknown","unknown","unknown","unknown",1168.2477798461914,"","unknown",1174.4516906738281,1177.6147379875183,"unknown","unknown",1184.503005027771,1190.811509847641,1192.603674173355,1199.6941034793854,1207.592581987381,1213.7761936187744,"unknown","unknown",1219.0479488372803,1221.0290508270264,"unknown","unknown","unknown","unknown","unknown",1227.6099936962128,"unknown",1233.3413527011871,"",""
"2457ed6","","","","","","","","","","","","","","","","","","","","","","","","","","","","","","","","","","","","","","","","","","","","","","","","","","","","","",""
"c4bba29",-15.65824270248413,"unknown",-8.71441912651062,-1.675682544708252,0.0,5.715037822723389,10.44312572479248,17.328230142593384,27.813277006149292,33.32034158706665,36.91656494140625,"unknown",43.02792000770569,"unknown",50.23544788360596,51.743489027023315,"unknown","","unknown","unknown","unknown","unknown","","unknown","unknown","unknown","unknown",57.228429555892944,"","unknown",63.269129276275635,68.25332069396973,"unknown",75.03094172477722,"unknown",80.73997569084167,84.79910707473755,"unknown","","unknown","unknown","unknown","unknown","","unknown","unknown","unknown","unknown",91.76466917991638,"unknown","unknown",97.20663022994995,"",""
"2dffb9e","","","","","","","","","","","","","","","","","","","","","","","","","","","","","","","","","","","","","","","","","","","","","","","","","","","","","",""
"7a35b75",-521.9641773700714,"unknown",-515.0083210468292,-508.97228837013245,0.0,7.065757751464844,25.2331280708313,30.790972232818604,42.259077310562134,49.48207497596741,51.64616870880127,58.362101554870605,"unknown","unknown",64.42933297157288,69.1518452167511,"unknown","","unknown","unknown","unknown","unknown","","unknown","unknown","unknown","unknown",74.70971941947937,"","unknown",81.67609286308289,90.17286491394043,"unknown","unknown",95.94475817680359,102.20184469223022,106.23664116859436,"unknown","","unknown","unknown","unknown","unknown","","unknown","unknown","unknown","unknown",111.63763284683228,"unknown","unknown",117.85057926177979,"",""
"3883e37","","","","","","","","","","","","","","","","","","","","","","","","","","","","","","","","","","","","","","","","","","","","","","","","","","","","","",""
"eacd6a3","","","","","","","","","","","","","","","","","","","","","","","","","","","","","","","","","","","","","","","","","","","","","","","","","","","","","",""
"d09321f","","","","","","","","","","","","","","","","","","","","","","","","","","","","","","","","","","","","","","","","","","","","","","","","","","","","","",""
"1116780","","","","","","","","","","","","","","","","","","","","","","","","","","","","","","","","","","","","","","","","","","","","","","","","","","","","","",""
"58b1c8e","","","","","","","","","","","","","","","","","","","","","","","","","","","","","","","","","","","","","","","","","","","","","","","","","","","","","",""
"bf3dfcf","","","","","","","","","","","","","","","","","","","","","","","","","","","","","","","","","","","","","","","","","","","","","","","","","","","","","",""
"80e625f","","","","","","","","","","","","","","","","","","","","","","","","","","","","","","","","","","","","","","","","","","","","","","","","","","","","","",""
"9846ca8","","","","","","","","","","","","","","","","","","","","","","","","","","","","","","","","","","","","","","","","","","","","","","","","","","","","","",""
"cc02471","","","","","","","","","","","","","","","","","","","","","","","","","","","","","","","","","","","","","","","","","","","","","","","","","","","","","",""
"0a30844","","","","","","","","","","","","","","","","","","","","","","","","","","","","","","","","","","","","","","","","","","","","","","","","","","","","","",""
"43d0b63","","","","","","","","","","","","","","","","","","","","","","","","","","","","","","","","","","","","","","","","","","","","","","","","","","","","","",""
"addf295","","","","","","","","","","","","","","","","","","","","","","","","","","","","","","","","","","","","","","","","","","","","","","","","","","","","","",""
"870dc60","","","","","","","","","","","","","","","","","","","","","","","","","","","","","","","","","","","","","","","","","","","","","","","","","","","","","",""
"1a8e45b",-3217.676188468933,"unknown",-3211.5693747997284,-3204.9459681510925,0.0,6.090236663818359,8.056191205978394,14.518439769744873,21.491976022720337,26.85750102996826,31.186392068862915,"unknown",38.00340557098389,"unknown",45.252671003341675,10839.940978050232,"unknown","","unknown","unknown","unknown","unknown","","unknown","unknown","unknown","unknown",10846.092930316925,"","unknown",10852.612133741379,10859.603958129883,10866.662326335907,"unknown","unknown",10872.610570669174,10905.191902160645,"unknown","","unknown","unknown","unknown","unknown","","unknown","unknown","unknown","unknown",10912.27116394043,"unknown","unknown",10918.810340881348,"",""
"0e42357","","","","","","","","","","","","","","","","","","","","","","","","","","","","","","","","","","","","","","","","","","","","","","","","","","","","","",""
"5f2a1aa","","","","","","","","","","","","","","","","","","","","","","","","","","","","","","","","","","","","","","","","","","","","","","","","","","","","","",""
"87b3434","","","","","","","","","","","","","","","","","","","","","","","","","","","","","","","","","","","","","","","","","","","","","","","","","","","","","",""
"bd305b8","","","","","","","","","","","","","","","","","","","","","","","","","","","","","","","","","","","","","","","","","","","","","","","","","","","","","",""
"4b70ed3","","","","","","","","","","","","","","","","","","","","","","","","","","","","","","","","","","","","","","","","","","","","","","","","","","","","","",""
"8ec15bc",-606.3774085044861,"unknown",-598.6929795742035,-593.3439810276031,0.0,5.535355567932129,9.500670433044434,16.297379732131958,19.538277864456177,25.754433631896973,28.880598068237305,"unknown","unknown",35.78628396987915,42.786834955215454,44.577900409698486,"unknown","","unknown","unknown","unknown","unknown","","unknown","unknown","unknown","unknown",50.516507387161255,"","unknown",56.91974973678589,77.78440070152283,"unknown","unknown",83.72465491294861,89.84463953971863,116.98199105262756,"unknown","","unknown","unknown","unknown","unknown","","unknown","unknown","unknown","unknown",124.45512342453003,"unknown","unknown",131.13976049423218,"",""
"6c8906b","","","","","","","","","","","","","","","","","","","","","","","","","","","","","","","","","","","","","","","","","","","","","","","","","","","","","",""
"e51496b","","","","","","","","","","","","","","","","","","","","","","","","","","","","","","","","","","","","","","","","","","","","","","","","","","","","","",""
"01baaf6","","","","","","","","","","","","","","","","","","","","","","","","","","","","","","","","","","","","","","","","","","","","","","","","","","","","","",""
"e8a0b7a","","","","","","","","","","","","","","","","","","","","","","","","","","","","","","","","","","","","","","","","","","","","","","","","","","","","","",""
"dae9b13","","","","","","","","","","","","","","","","","","","","","","","","","","","","","","","","","","","","","","","","","","","","","","","","","","","","","",""
"6c3f0f6","","","","","","","","","","","","","","","","","","","","","","","","","","","","","","","","","","","","","","","","","","","","","","","","","","","","","",""
"4828266","","","","","","","","","","","","","","","","","","","","","","","","","","","","","","","","","","","","","","","","","","","","","","","","","","","","","",""
"1f77294","","","","","","","","","","","","","","","","","","","","","","","","","","","","","","","","","","","","","","","","","","","","","","","","","","","","","",""
"6f1360e","","","","","","","","","","","","","","","","","","","","","","","","","","","","","","","","","","","","","","","","","","","","","","","","","","","","","",""
"1e17723","","","","","","","","","","","","","","","","","","","","","","","","","","","","","","","","","","","","","","","","","","","","","","","","","","","","","",""
"614fc3f","","","","","","","","","","","","","","","","","","","","","","","","","","","","","","","","","","","","","","","","","","","","","","","","","","","","","",""
"a300755","","","","","","","","","","","","","","","","","","","","","","","","","","","","","","","","","","","","","","","","","","","","","","","","","","","","","",""
"802d704","","","","","","","","","","","","","","","","","","","","","","","","","","","","","","","","","","","","","","","","","","","","","","","","","","","","","",""
"e892cd4","","","","","","","","","","","","","","","","","","","","","","","","","","","","","","","","","","","","","","","","","","","","","","","","","","","","","",""
"b06ee97","","","","","","","","","","","","","","","","","","","","","","","","","","","","","","","","","","","","","","","","","","","","","","","","","","","","","",""
"758fff8","","","","","","","","","","","","","","","","","","","","","","","","","","","","","","","","","","","","","","","","","","","","","","","","","","","","","",""
"ac42d69","","","","","","","","","","","","","","","","","","","","","","","","","","","","","","","","","","","","","","","","","","","","","","","","","","","","","",""
"7bb45d3","","","","","","","","","","","","","","","","","","","","","","","","","","","","","","","","","","","","","","","","","","","","","","","","","","","","","",""
"7622483","","","","","","","","","","","","","","","","","","","","","","","","","","","","","","","","","","","","","","","","","","","","","","","","","","","","","",""
"1f16f74","","","","","","","","","","","","","","","","","","","","","","","","","","","","","","","","","","","","","","","","","","","","","","","","","","","","","",""
"730747e","","","","","","","","","","","","","","","","","","","","","","","","","","","","","","","","","","","","","","","","","","","","","","","","","","","","","",""
"07ff49d","","","","","","","","","","","","","","","","","","","","","","","","","","","","","","","","","","","","","","","","","","","","","","","","","","","","","",""
"22fdb61","","","","","","","","","","","","","","","","","","","","","","","","","","","","","","","","","","","","","","","","","","","","","","","","","","","","","",""
"db046f2","","","","","","","","","","","","","","","","","","","","","","","","","","","","","","","","","","","","","","","","","","","","","","","","","","","","","",""
"73c3f48","","","","","","","","","","","","","","","","","","","","","","","","","","","","","","","","","","","","","","","","","","","","","","","","","","","","","",""
"3218556","","","","","","","","","","","","","","","","","","","","","","","","","","","","","","","","","","","","","","","","","","","","","","","","","","","","","",""
"99ee852","","","","","","","","","","","","","","","","","","","","","","","","","","","","","","","","","","","","","","","","","","","","","","","","","","","","","",""
"ad2fc5b","","","","","","","","","","","","","","","","","","","","","","","","","","","","","","","","","","","","","","","","","","","","","","","","","","","","","",""
"d318264","","","","","","","","","","","","","","","","","","","","","","","","","","","","","","","","","","","","","","","","","","","","","","","","","","","","","",""
"741ef32","","","","","","","","","","","","","","","","","","","","","","","","","","","","","","","","","","","","","","","","","","","","","","","","","","","","","",""
"b75259d","","","","","","","","","","","","","","","","","","","","","","","","","","","","","","","","","","","","","","","","","","","","","","","","","","","","","",""
"b67425b","","","","","","","","","","","","","","","","","","","","","","","","","","","","","","","","","","","","","","","","","","","","","","","","","","","","","",""
"446ad6c",-5688.642414093018,"unknown",-5683.111568212509,-5676.112793207169,0.0,5.4855427742004395,7.433330774307251,14.24807596206665,24.16450262069702,30.692325353622437,32.90879011154175,"unknown","unknown",39.42028784751892,46.17151141166687,49.283172369003296,"unknown","","unknown","unknown","unknown","unknown","","unknown","unknown","unknown","unknown",54.77822399139404,"","unknown",60.00287747383118,65.86337184906006,72.55805706977844,"unknown","unknown",79.33083319664001,80.99468040466309,"unknown","","unknown","unknown","unknown","unknown","","unknown","unknown","unknown","unknown",87.26974749565125,"unknown","unknown",94.34125447273254,"",""
"70405ea","","","","","","","","","","","","","","","","","","","","","","","","","","","","","","","","","","","","","","","","","","","","","","","","","","","","","",""
"1117a63",-940.4773607254028,"unknown",-934.7526614665985,-927.6094517707825,0.0,6.465073585510254,14.48988151550293,20.566160202026367,35.894540548324585,42.84494757652283,49.2876615524292,"unknown","unknown",54.75091862678528,61.61073327064514,63.328728675842285,"unknown","","unknown","unknown","unknown","unknown","","unknown","unknown","unknown","unknown",69.476637840271,"","unknown",76.5392107963562,84.57848167419434,"unknown","unknown",89.9928035736084,96.59443402290344,98.16139435768127,"unknown","","unknown","unknown","unknown","unknown","","unknown","unknown","unknown","unknown",104.27674961090088,"unknown","unknown",109.91095089912415,"",""
"537189f","","","","","","","","","","","","","","","","","","","","","","","","","","","","","","","","","","","","","","","","","","","","","","","","","","","","","",""
"17b5a6e","","","","","","","","","","","","","","","","","","","","","","","","","","","","","","","","","","","","","","","","","","","","","","","","","","","","","",""
"d3e37eb","","","","","","","","","","","","","","","","","","","","","","","","","","","","","","","","","","","","","","","","","","","","","","","","","","","","","",""
"2ee7f92","","","","","","","","","","","","","","","","","","","","","","","","","","","","","","","","","","","","","","","","","","","","","","","","","","","","","",""
"89d63ed","","","","","","","","","","","","","","","","","","","","","","","","","","","","","","","","","","","","","","","","","","","","","","","","","","","","","",""
"c0a644e","","","","","","","","","","","","","","","","","","","","","","","","","","","","","","","","","","","","","","","","","","","","","","","","","","","","","",""
"80f558b","","","","","","","","","","","","","","","","","","","","","","","","","","","","","","","","","","","","","","","","","","","","","","","","","","","","","",""
"9ad2396","","","","","","","","","","","","","","","","","","","","","","","","","","","","","","","","","","","","","","","","","","","","","","","","","","","","","",""
"87e4f18","","","","","","","","","","","","","","","","","","","","","","","","","","","","","","","","","","","","","","","","","","","","","","","","","","","","","",""
"0186834","","","","","","","","","","","","","","","","","","","","","","","","","","","","","","","","","","","","","","","","","","","","","","","","","","","","","",""
"0355f6d","","","","","","","","","","","","","","","","","","","","","","","","","","","","","","","","","","","","","","","","","","","","","","","","","","","","","",""
"fa6a8b8","","","","","","","","","","","","","","","","","","","","","","","","","","","","","","","","","","","","","","","","","","","","","","","","","","","","","",""
"44167d5","","","","","","","","","","","","","","","","","","","","","","","","","","","","","","","","","","","","","","","","","","","","","","","","","","","","","",""
"145d339",-77.31472325325012,"unknown",-71.41248989105225,-64.8996319770813,0.0,6.07911229133606,7.245593547821045,13.580591201782227,15.568901062011719,22.26592230796814,27.768513441085815,"unknown","unknown",33.6762752532959,39.36743688583374,52.091848373413086,"unknown","","unknown","unknown","unknown","unknown","","unknown","unknown","unknown","unknown",59.203240633010864,"","unknown",64.8164234161377,67.20854496955872,"unknown","unknown",74.44955706596375,81.209392786026,83.63570213317871,"unknown","","unknown","unknown","unknown","unknown","","unknown","unknown","unknown","unknown",90.72303891181946,"unknown","unknown",97.80076742172241,"",""
"e96f42c","","","","","","","","","","","","","","","","","","","","","","","","","","","","","","","","","","","","","","","","","","","","","","","","","","","","","",""
"f382ec0","","","","","","","","","","","","","","","","","","","","","","","","","","","","","","","","","","","","","","","","","","","","","","","","","","","","","",""
"962a7dd",-154.5550651550293,"unknown",-147.403742313385,-141.71156930923462,0.0,5.486820936203003,8.405724287033081,14.628937721252441,25.760388612747192,31.5027813911438,34.74851202964783,"unknown","unknown",41.8313729763031,48.599013566970825,51.36923098564148,"unknown","","unknown","unknown","unknown","unknown","","unknown","unknown","unknown","unknown",57.57412910461426,"","unknown",62.86742115020752,76.45562744140625,"unknown","unknown",83.59533786773682,90.54673218727112,93.17645025253296,"unknown","","unknown","unknown","unknown","unknown","","unknown","unknown","unknown","unknown",99.34556317329407,"unknown","unknown",105.26095223426819,"",""
"5c97513","","","","","","","","","","","","","","","","","","","","","","","","","","","","","","","","","","","","","","","","","","","","","","","","","","","","","",""
"acc6118","","","","","","","","","","","","","","","","","","","","","","","","","","","","","","","","","","","","","","","","","","","","","","","","","","","","","",""
"d33371d","","","","","","","","","","","","","","","","","","","","","","","","","","","","","","","","","","","","","","","","","","","","","","","","","","","","","",""
"78603ec","","","","","","","","","","","","","","","","","","","","","","","","","","","","","","","","","","","","","","","","","","","","","","","","","","","","","",""
"5d45bd1","","","","","","","","","","","","","","","","","","","","","","","","","","","","","","","","","","","","","","","","","","","","","","","","","","","","","",""
"cfcbc2d","","","","","","","","","","","","","","","","","","","","","","","","","","","","","","","","","","","","","","","","","","","","","","","","","","","","","",""
"98ecb86","","","","","","","","","","","","","","","","","","","","","","","","","","","","","","","","","","","","","","","","","","","","","","","","","","","","","",""
"7636563",-23.163283348083496,"unknown",-17.230103492736816,-10.859015941619873,0.0,6.509727716445923,7.6695191860198975,13.86005449295044,22.670748472213745,29.73342227935791,33.83805203437805,"unknown","unknown",40.599669218063354,46.76853561401367,48.58373284339905,"unknown","","unknown","unknown","unknown","unknown","","unknown","unknown","unknown","unknown",54.12521839141846,"","unknown",60.73648142814636,62.41545128822327,"unknown","unknown",68.64765954017639,75.56046748161316,77.29655623435974,"unknown","","unknown","unknown","unknown","unknown","","unknown","unknown","unknown","unknown",82.77580857276917,"unknown","unknown",89.24054098129272,"",""
"5d2b358","","","","","","","","","","","","","","","","","","","","","","","","","","","","","","","","","","","","","","","","","","","","","","","","","","","","","",""
"5d9ae0c","","","","","","","","","","","","","","","","","","","","","","","","","","","","","","","","","","","","","","","","","","","","","","","","","","","","","",""
"73d4e20","","","","","","","","","","","","","","","","","","","","","","","","","","","","","","","","","","","","","","","","","","","","","","","","","","","","","",""
"be94a32","","","","","","","","","","","","","","","","","","","","","","","","","","","","","","","","","","","","","","","","","","","","","","","","","","","","","",""
"9f972fb","","","","","","","","","","","","","","","","","","","","","","","","","","","","","","","","","","","","","","","","","","","","","","","","","","","","","",""
"6e93efd","","","","","","","","","","","","","","","","","","","","","","","","","","","","","","","","","","","","","","","","","","","","","","","","","","","","","",""
"5a4afae","","","","","","","","","","","","","","","","","","","","","","","","","","","","","","","","","","","","","","","","","","","","","","","","","","","","","",""
"c34e373","","","","","","","","","","","","","","","","","","","","","","","","","","","","","","","","","","","","","","","","","","","","","","","","","","","","","",""
"60a02cd","","","","","","","","","","","","","","","","","","","","","","","","","","","","","","","","","","","","","","","","","","","","","","","","","","","","","",""
"6bac72b",-3459.847903251648,"unknown",-3454.356179714203,-3447.2592329978943,0.0,6.017224550247192,17.944015979766846,24.949973344802856,36.79155397415161,43.79096555709839,50.602317810058594,56.25505304336548,"unknown","unknown",62.91159653663635,64.80889320373535,"unknown","","unknown","unknown","unknown","unknown","","unknown","unknown","unknown","unknown",71.85064268112183,"","unknown",78.1998782157898,82.36703729629517,88.38093709945679,"unknown","unknown",94.27574276924133,96.34758377075195,"unknown","","unknown","unknown","unknown","unknown","","unknown","unknown","unknown","unknown",102.29332423210144,"unknown","unknown",107.87676095962524,"",""
"c9285e4","","","","","","","","","","","","","","","","","","","","","","","","","","","","","","","","","","","","","","","","","","","","","","","","","","","","","",""
"bd4b2f4",-11178.587702274323,"unknown",-11172.376324653625,-11166.15298986435,0.0,7.4473302364349365,9.037710905075073,16.19069814682007,17.879868268966675,24.63210940361023,59.7036452293396,67.08880710601807,"unknown","unknown",74.67993807792664,76.53277134895325,"unknown","","unknown","unknown","unknown","unknown","","unknown","unknown","unknown","unknown",82.01320481300354,"","unknown",88.55753350257874,90.10249710083008,96.98420572280884,"unknown","unknown",103.4234972000122,105.18465447425842,"unknown","","unknown","unknown","unknown","unknown","","unknown","unknown","unknown","unknown",111.47789168357849,"unknown","unknown",116.82237982749939,"",""
"bd650e8","","","","","","","","","","","","","","","","","","","","","","","","","","","","","","","","","","","","","","","","","","","","","","","","","","","","","",""
"b81bc6e","","","","","","","","","","","","","","","","","","","","","","","","","","","","","","","","","","","","","","","","","","","","","","","","","","","","","",""
"32b1d7b","","","","","","","","","","","","","","","","","","","","","","","","","","","","","","","","","","","","","","","","","","","","","","","","","","","","","",""
"0ff20c2","","","","","","","","","","","","","","","","","","","","","","","","","","","","","","","","","","","","","","","","","","","","","","","","","","","","","",""
"19b0291","","","","","","","","","","","","","","","","","","","","","","","","","","","","","","","","","","","","","","","","","","","","","","","","","","","","","",""
"b0e3caa","","","","","","","","","","","","","","","","","","","","","","","","","","","","","","","","","","","","","","","","","","","","","","","","","","","","","",""
"297d8e5","","","","","","","","","","","","","","","","","","","","","","","","","","","","","","","","","","","","","","","","","","","","","","","","","","","","","",""
"45f7f6c","","","","","","","","","","","","","","","","","","","","","","","","","","","","","","","","","","","","","","","","","","","","","","","","","","","","","",""
"1df700a","","","","","","","","","","","","","","","","","","","","","","","","","","","","","","","","","","","","","","","","","","","","","","","","","","","","","",""
"d3a396c","","","","","","","","","","","","","","","","","","","","","","","","","","","","","","","","","","","","","","","","","","","","","","","","","","","","","",""
"79b129c","","","","","","","","","","","","","","","","","","","","","","","","","","","","","","","","","","","","","","","","","","","","","","","","","","","","","",""
"dd6da1c","","","","","","","","","","","","","","","","","","","","","","","","","","","","","","","","","","","","","","","","","","","","","","","","","","","","","",""
"d85b5c4","","","","","","","","","","","","","","","","","","","","","","","","","","","","","","","","","","","","","","","","","","","","","","","","","","","","","",""
"43b56f8","","","","","","","","","","","","","","","","","","","","","","","","","","","","","","","","","","","","","","","","","","","","","","","","","","","","","",""
"3ecbabb","","","","","","","","","","","","","","","","","","","","","","","","","","","","","","","","","","","","","","","","","","","","","","","","","","","","","",""
"c9c92b5","","","","","","","","","","","","","","","","","","","","","","","","","","","","","","","","","","","","","","","","","","","","","","","","","","","","","",""
"f9b9236",-6717.450647354126,"unknown",-6710.080001831055,-6703.632007360458,0.0,7.062187671661377,9.487944841384888,15.326956272125244,17.281267404556274,23.83027744293213,43.50670647621155,"unknown",48.87620186805725,"unknown",54.37291407585144,56.31302857398987,"unknown","","unknown","unknown","unknown","unknown","","unknown","unknown","unknown","unknown",62.00016117095947,"","unknown",69.26504302024841,71.8277108669281,"unknown",78.34063935279846,"unknown",84.93141555786133,87.03548574447632,"unknown","","unknown","unknown","unknown","unknown","","unknown","unknown","unknown","unknown",92.7807548046112,"unknown","unknown",98.46609115600586,"",""
"4a0236d","","","","","","","","","","","","","","","","","","","","","","","","","","","","","","","","","","","","","","","","","","","","","","","","","","","","","",""
"b7a265d","","","","","","","","","","","","","","","","","","","","","","","","","","","","","","","","","","","","","","","","","","","","","","","","","","","","","",""
"912afde","","","","","","","","","","","","","","","","","","","","","","","","","","","","","","","","","","","","","","","","","","","","","","","","","","","","","",""
"c97639e","","","","","","","","","","","","","","","","","","","","","","","","","","","","","","","","","","","","","","","","","","","","","","","","","","","","","",""
"af72486","","","","","","","","","","","","","","","","","","","","","","","","","","","","","","","","","","","","","","","","","","","","","","","","","","","","","",""
"e2517d9","","","","","","","","","","","","","","","","","","","","","","","","","","","","","","","","","","","","","","","","","","","","","","","","","","","","","",""
"fc4adfc","","","","","","","","","","","","","","","","","","","","","","","","","","","","","","","","","","","","","","","","","","","","","","","","","","","","","",""
"1e88a68","","","","","","","","","","","","","","","","","","","","","","","","","","","","","","","","","","","","","","","","","","","","","","","","","","","","","",""
"9d97673","","","","","","","","","","","","","","","","","","","","","","","","","","","","","","","","","","","","","","","","","","","","","","","","","","","","","",""
"7baeff7","","","","","","","","","","","","","","","","","","","","","","","","","","","","","","","","","","","","","","","","","","","","","","","","","","","","","",""
"aa07d95",-139.17108583450317,"unknown",-132.47227382659912,-126.24747967720032,0.0,6.699303865432739,11.347284317016602,17.617437839508057,21.76149320602417,28.879526615142822,31.54384684562683,"unknown","unknown",37.88690662384033,45.128446102142334,46.764291524887085,"unknown","","unknown","unknown","unknown","unknown","","unknown","unknown","unknown","unknown",54.51048970222473,"","unknown",60.22878980636597,63.27471995353699,"unknown","unknown",69.77813863754272,76.89863061904907,80.35128951072693,"unknown","","unknown","unknown","unknown","unknown","","unknown","unknown","unknown","unknown",86.84004402160645,"unknown","unknown",92.36368370056152,"",""
"d27b032","","","","","","","","","","","","","","","","","","","","","","","","","","","","","","","","","","","","","","","","","","","","","","","","","","","","","",""
"ffa62f5","","","","","","","","","","","","","","","","","","","","","","","","","","","","","","","","","","","","","","","","","","","","","","","","","","","","","",""
"38c4951","","","","","","","","","","","","","","","","","","","","","","","","","","","","","","","","","","","","","","","","","","","","","","","","","","","","","",""
"85ba0bb","","","","","","","","","","","","","","","","","","","","","","","","","","","","","","","","","","","","","","","","","","","","","","","","","","","","","",""
"13dba9e","","","","","","","","","","","","","","","","","","","","","","","","","","","","","","","","","","","","","","","","","","","","","","","","","","","","","",""
"e6d310e","","","","","","","","","","","","","","","","","","","","","","","","","","","","","","","","","","","","","","","","","","","","","","","","","","","","","",""
"8c74aa5",-14608.098778963089,"unknown",-14600.943793296814,-14595.024583816528,0.0,6.806444883346558,3085.4863488674164,3092.4817430973053,3100.8391087055206,3107.97829413414,3109.469551563263,"unknown","unknown",3115.193260908127,3121.806169271469,3124.9791502952576,"unknown","","unknown","unknown","unknown","unknown","","unknown","unknown","unknown","unknown",3131.3115372657776,"","unknown",3138.149909257889,3141.957590341568,3147.588616371155,"unknown","unknown",3154.3689770698547,3156.652507543564,"unknown","","unknown","unknown","unknown","unknown","","unknown","unknown","unknown","unknown",3162.3821942806244,"unknown","unknown",3168.1868844032288,"",""
"679fa36","","","","","","","","","","","","","","","","","","","","","","","","","","","","","","","","","","","","","","","","","","","","","","","","","","","","","",""
"b1d77f9","","","","","","","","","","","","","","","","","","","","","","","","","","","","","","","","","","","","","","","","","","","","","","","","","","","","","",""
"b164bf7","","","","","","","","","","","","","","","","","","","","","","","","","","","","","","","","","","","","","","","","","","","","","","","","","","","","","",""
"7e62763","","","","","","","","","","","","","","","","","","","","","","","","","","","","","","","","","","","","","","","","","","","","","","","","","","","","","",""
"c7a7d85","","","","","","","","","","","","","","","","","","","","","","","","","","","","","","","","","","","","","","","","","","","","","","","","","","","","","",""
"3b7f267","","","","","","","","","","","","","","","","","","","","","","","","","","","","","","","","","","","","","","","","","","","","","","","","","","","","","",""
"fa1efad","","","","","","","","","","","","","","","","","","","","","","","","","","","","","","","","","","","","","","","","","","","","","","","","","","","","","",""
"4a9b689","","","","","","","","","","","","","","","","","","","","","","","","","","","","","","","","","","","","","","","","","","","","","","","","","","","","","",""
"49bd7ab","","","","","","","","","","","","","","","","","","","","","","","","","","","","","","","","","","","","","","","","","","","","","","","","","","","","","",""
"ae58bf1","","","","","","","","","","","","","","","","","","","","","","","","","","","","","","","","","","","","","","","","","","","","","","","","","","","","","",""
"492238f","","","","","","","","","","","","","","","","","","","","","","","","","","","","","","","","","","","","","","","","","","","","","","","","","","","","","",""
"65acecd","","","","","","","","","","","","","","","","","","","","","","","","","","","","","","","","","","","","","","","","","","","","","","","","","","","","","",""
"43c977d",-242526.903744936,"unknown",-242519.71794366837,-242513.9158194065,0.0,6.2797229290008545,7.836336374282837,14.633987665176392,32.58418798446655,38.17928147315979,1130.5805940628052,"unknown","unknown",1136.5335836410522,1143.7513253688812,6057.143436670303,6063.309114456177,6082.251522541046,"unknown","unknown",6088.618383407593,6096.01247882843,6097.836562871933,"unknown","unknown","unknown","unknown","unknown",6105.026971817017,"unknown",6111.626189231873,6115.665625333786,"unknown",6121.642149448395,"unknown",6128.479563951492,6130.648881912231,"unknown","","unknown","unknown","unknown","unknown","","unknown","unknown","unknown","unknown",6137.794066429138,"unknown","unknown",6144.628293514252,"",""
"4eff6be","","","","","","","","","","","","","","","","","","","","","","","","","","","","","","","","","","","","","","","","","","","","","","","","","","","","","",""
"e1b193b","","","","","","","","","","","","","","","","","","","","","","","","","","","","","","","","","","","","","","","","","","","","","","","","","","","","","",""
"1415cd3","","","","","","","","","","","","","","","","","","","","","","","","","","","","","","","","","","","","","","","","","","","","","","","","","","","","","",""
"2953e33","","","","","","","","","","","","","","","","","","","","","","","","","","","","","","","","","","","","","","","","","","","","","","","","","","","","","",""
"a540012","","","","","","","","","","","","","","","","","","","","","","","","","","","","","","","","","","","","","","","","","","","","","","","","","","","","","",""
"dd88e0f","","","","","","","","","","","","","","","","","","","","","","","","","","","","","","","","","","","","","","","","","","","","","","","","","","","","","",""
"58cb4bb","","","","","","","","","","","","","","","","","","","","","","","","","","","","","","","","","","","","","","","","","","","","","","","","","","","","","",""
"d135983","","","","","","","","","","","","","","","","","","","","","","","","","","","","","","","","","","","","","","","","","","","","","","","","","","","","","",""
"1b88f70","","","","","","","","","","","","","","","","","","","","","","","","","","","","","","","","","","","","","","","","","","","","","","","","","","","","","",""
"814517e","","","","","","","","","","","","","","","","","","","","","","","","","","","","","","","","","","","","","","","","","","","","","","","","","","","","","",""
"53deb5c","","","","","","","","","","","","","","","","","","","","","","","","","","","","","","","","","","","","","","","","","","","","","","","","","","","","","",""
"e4cf342","","","","","","","","","","","","","","","","","","","","","","","","","","","","","","","","","","","","","","","","","","","","","","","","","","","","","",""
"c1a9909","","","","","","","","","","","","","","","","","","","","","","","","","","","","","","","","","","","","","","","","","","","","","","","","","","","","","",""
"844ab34","","","","","","","","","","","","","","","","","","","","","","","","","","","","","","","","","","","","","","","","","","","","","","","","","","","","","",""
"5f84339","","","","","","","","","","","","","","","","","","","","","","","","","","","","","","","","","","","","","","","","","","","","","","","","","","","","","",""
"32980f8","","","","","","","","","","","","","","","","","","","","","","","","","","","","","","","","","","","","","","","","","","","","","","","","","","","","","",""
"fc2538d","","","","","","","","","","","","","","","","","","","","","","","","","","","","","","","","","","","","","","","","","","","","","","","","","","","","","",""
"4c228f6",-60.223419189453125,"unknown",-53.60603356361389,-46.82756972312927,0.0,5.863676071166992,10.550470352172852,17.227920532226562,21.205822944641113,28.367289066314697,31.91126036643982,38.921252489089966,"unknown","unknown",45.35901856422424,46.99761199951172,"unknown","","unknown","unknown","unknown","unknown","","unknown","unknown","unknown","unknown",53.16007924079895,"","unknown",60.37759208679199,62.07534170150757,67.72408652305603,"unknown","unknown",74.86947298049927,77.98330330848694,"unknown","","unknown","unknown","unknown","unknown","","unknown","unknown","unknown","unknown",83.73314547538757,"unknown","unknown",90.18145823478699,"",""
"747ce5f","","","","","","","","","","","","","","","","","","","","","","","","","","","","","","","","","","","","","","","","","","","","","","","","","","","","","",""
"6ab42f2","","","","","","","","","","","","","","","","","","","","","","","","","","","","","","","","","","","","","","","","","","","","","","","","","","","","","",""
"41f2447",-39537.32086467743,"unknown",-39531.38287830353,-39525.98070216179,0.0,6.967501401901245,8.977704763412476,15.37703824043274,28.915332078933716,36.32869100570679,40.41456389427185,"unknown","unknown",45.93540406227112,52.988226890563965,61.249435901641846,"unknown","","unknown","unknown","unknown","unknown","","unknown","unknown","unknown","unknown",67.63322448730469,"","unknown",74.22287368774414,77.42345356941223,"unknown","unknown",83.65212893486023,90.6013617515564,93.54327058792114,"unknown","","unknown","unknown","unknown","unknown","","unknown","unknown","unknown","unknown",100.73109030723572,"unknown","unknown",105.9782726764679,"",""
"5bf619a","","","","","","","","","","","","","","","","","","","","","","","","","","","","","","","","","","","","","","","","","","","","","","","","","","","","","",""
"a123713","","","","","","","","","","","","","","","","","","","","","","","","","","","","","","","","","","","","","","","","","","","","","","","","","","","","","",""
"41011fc","","","","","","","","","","","","","","","","","","","","","","","","","","","","","","","","","","","","","","","","","","","","","","","","","","","","","",""
"4997357","","","","","","","","","","","","","","","","","","","","","","","","","","","","","","","","","","","","","","","","","","","","","","","","","","","","","",""
"5455b1d","","","","","","","","","","","","","","","","","","","","","","","","","","","","","","","","","","","","","","","","","","","","","","","","","","","","","",""
"f52861b","","","","","","","","","","","","","","","","","","","","","","","","","","","","","","","","","","","","","","","","","","","","","","","","","","","","","",""
"d8ecf99","","","","","","","","","","","","","","","","","","","","","","","","","","","","","","","","","","","","","","","","","","","","","","","","","","","","","",""
"466a0ab","","","","","","","","","","","","","","","","","","","","","","","","","","","","","","","","","","","","","","","","","","","","","","","","","","","","","",""
"399b994","","","","","","","","","","","","","","","","","","","","","","","","","","","","","","","","","","","","","","","","","","","","","","","","","","","","","",""
"6568ea1",-304.2835714817047,"unknown",-298.4686088562012,-292.5395014286041,0.0,6.785910129547119,8.251185178756714,14.801369667053223,16.674944400787354,22.942312240600586,32.43868589401245,38.24939155578613,"unknown","unknown",43.45298147201538,44.69216990470886,"unknown","","unknown","unknown","unknown","unknown","","unknown","unknown","unknown","unknown",51.19105768203735,"","unknown",58.074432373046875,60.1443772315979,"unknown","unknown",67.28627014160156,73.39655542373657,75.03880548477173,"unknown","","unknown","unknown","unknown","unknown","","unknown","unknown","unknown","unknown",80.60840845108032,"unknown","unknown",86.85810971260071,"",""
"a839247","","","","","","","","","","","","","","","","","","","","","","","","","","","","","","","","","","","","","","","","","","","","","","","","","","","","","",""
"5d6ad7f","","","","","","","","","","","","","","","","","","","","","","","","","","","","","","","","","","","","","","","","","","","","","","","","","","","","","",""
"9f79cf4","","","","","","","","","","","","","","","","","","","","","","","","","","","","","","","","","","","","","","","","","","","","","","","","","","","","","",""
"528d0fe","","","","","","","","","","","","","","","","","","","","","","","","","","","","","","","","","","","","","","","","","","","","","","","","","","","","","",""
"900150c","","","","","","","","","","","","","","","","","","","","","","","","","","","","","","","","","","","","","","","","","","","","","","","","","","","","","",""
"f91cb3f","","","","","","","","","","","","","","","","","","","","","","","","","","","","","","","","","","","","","","","","","","","","","","","","","","","","","",""
"924de30","","","","","","","","","","","","","","","","","","","","","","","","","","","","","","","","","","","","","","","","","","","","","","","","","","","","","",""
"959908d","","","","","","","","","","","","","","","","","","","","","","","","","","","","","","","","","","","","","","","","","","","","","","","","","","","","","",""
"d925650","","","","","","","","","","","","","","","","","","","","","","","","","","","","","","","","","","","","","","","","","","","","","","","","","","","","","",""
"37798a6","","","","","","","","","","","","","","","","","","","","","","","","","","","","","","","","","","","","","","","","","","","","","","","","","","","","","",""
"ff10184","","","","","","","","","","","","","","","","","","","","","","","","","","","","","","","","","","","","","","","","","","","","","","","","","","","","","",""
"cde7968","","","","","","","","","","","","","","","","","","","","","","","","","","","","","","","","","","","","","","","","","","","","","","","","","","","","","",""
"a1efa63","","","","","","","","","","","","","","","","","","","","","","","","","","","","","","","","","","","","","","","","","","","","","","","","","","","","","",""
"52d61f6",-20324.82595062256,"unknown",-20318.747664928436,-20312.05880856514,0.0,6.228437423706055,8.97413182258606,14.906681060791016,36.03961205482483,42.31722044944763,52.33665609359741,"unknown",59.27233290672302,"unknown",65.10961866378784,66.36354184150696,"unknown","","unknown","unknown","unknown","unknown","","unknown","unknown","unknown","unknown",73.11766409873962,"","unknown",79.55499601364136,82.27721571922302,"unknown",89.13709568977356,"unknown",96.2650249004364,98.62068128585815,"unknown","","unknown","unknown","unknown","unknown","","unknown","unknown","unknown","unknown",104.36945366859436,"unknown","unknown",110.24370121955872,"",""
"34d8485",-75.807124376297,"unknown",-69.28080654144287,-62.76830744743347,0.0,5.847714185714722,19.030649423599243,25.685577154159546,44.638073682785034,51.15780448913574,73.50743007659912,80.26709461212158,"unknown","unknown",85.80281066894531,89.07913970947266,"unknown","","unknown","unknown","unknown","unknown","","unknown","unknown","unknown","unknown",94.86508655548096,"","unknown",100.89988851547241,115.60154938697815,"unknown","unknown",121.78097176551819,127.6132071018219,157.74466037750244,163.6916525363922,179.87358784675598,185.85575819015503,"unknown","unknown",191.32848167419434,195.3470492362976,"unknown","unknown","unknown","unknown","unknown",201.6595435142517,"unknown",208.42835140228271,"",""
"693ef79",-6978.845218658447,"unknown",-6971.429598331451,-6965.233812093735,0.0,6.214794158935547,16.481009244918823,23.314544916152954,46.896294355392456,53.56618332862854,57.14492845535278,"unknown","unknown",64.1770532131195,71.3222770690918,72.87528848648071,"unknown","","unknown","unknown","unknown","unknown","","unknown","unknown","unknown","unknown",78.83160400390625,"","unknown",84.23836255073547,94.40945744514465,"unknown","unknown",100.29341864585876,105.82159185409546,108.05535435676575,"unknown","","unknown","unknown","unknown","unknown","","unknown","unknown","unknown","unknown",114.6476366519928,"unknown","unknown",121.48854517936707,"",""
"0d5233e","","","","","","","","","","","","","","","","","","","","","","","","","","","","","","","","","","","","","","","","","","","","","","","","","","","","","",""
"ce1d155","","","","","","","","","","","","","","","","","","","","","","","","","","","","","","","","","","","","","","","","","","","","","","","","","","","","","",""
"fafded6","","","","","","","","","","","","","","","","","","","","","","","","","","","","","","","","","","","","","","","","","","","","","","","","","","","","","",""
"f0a4194","","","","","","","","","","","","","","","","","","","","","","","","","","","","","","","","","","","","","","","","","","","","","","","","","","","","","",""
"11e5d50","","","","","","","","","","","","","","","","","","","","","","","","","","","","","","","","","","","","","","","","","","","","","","","","","","","","","",""
"047f2ca","","","","","","","","","","","","","","","","","","","","","","","","","","","","","","","","","","","","","","","","","","","","","","","","","","","","","",""
"e353d18","","","","","","","","","","","","","","","","","","","","","","","","","","","","","","","","","","","","","","","","","","","","","","","","","","","","","",""
"02b634c","","","","","","","","","","","","","","","","","","","","","","","","","","","","","","","","","","","","","","","","","","","","","","","","","","","","","",""
"0f91d63","","","","","","","","","","","","","","","","","","","","","","","","","","","","","","","","","","","","","","","","","","","","","","","","","","","","","",""
"7fb35e6","","","","","","","","","","","","","","","","","","","","","","","","","","","","","","","","","","","","","","","","","","","","","","","","","","","","","",""
"87e086c","","","","","","","","","","","","","","","","","","","","","","","","","","","","","","","","","","","","","","","","","","","","","","","","","","","","","",""
"890df05","","","","","","","","","","","","","","","","","","","","","","","","","","","","","","","","","","","","","","","","","","","","","","","","","","","","","",""
"ece9ce7","","","","","","","","","","","","","","","","","","","","","","","","","","","","","","","","","","","","","","","","","","","","","","","","","","","","","",""
"a975113","","","","","","","","","","","","","","","","","","","","","","","","","","","","","","","","","","","","","","","","","","","","","","","","","","","","","",""
"59c79dc","","","","","","","","","","","","","","","","","","","","","","","","","","","","","","","","","","","","","","","","","","","","","","","","","","","","","",""
"dee5269","","","","","","","","","","","","","","","","","","","","","","","","","","","","","","","","","","","","","","","","","","","","","","","","","","","","","",""
"844fef2","","","","","","","","","","","","","","","","","","","","","","","","","","","","","","","","","","","","","","","","","","","","","","","","","","","","","",""
"ef7d623","","","","","","","","","","","","","","","","","","","","","","","","","","","","","","","","","","","","","","","","","","","","","","","","","","","","","",""
"a54cf83","","","","","","","","","","","","","","","","","","","","","","","","","","","","","","","","","","","","","","","","","","","","","","","","","","","","","",""
"e98cdcd",-6624.335605382919,"unknown",-6618.0204157829285,-6611.106872320175,0.0,6.058027267456055,17.410261869430542,24.039542198181152,44.23459315299988,51.41777515411377,61.80626082420349,"unknown",68.84985327720642,"unknown",75.61153507232666,77.43409633636475,"unknown","","unknown","unknown","unknown","unknown","","unknown","unknown","unknown","unknown",83.11592555046082,"","unknown",89.21108174324036,96.4475450515747,102.53887438774109,"unknown","unknown",109.29008889198303,110.72931170463562,"unknown","","unknown","unknown","unknown","unknown","","unknown","unknown","unknown","unknown",116.64534068107605,"unknown","unknown",122.10941982269287,"",""
"a3ff1ab","","","","","","","","","","","","","","","","","","","","","","","","","","","","","","","","","","","","","","","","","","","","","","","","","","","","","",""
"33bcee6","","","","","","","","","","","","","","","","","","","","","","","","","","","","","","","","","","","","","","","","","","","","","","","","","","","","","",""
"c494a29","","","","","","","","","","","","","","","","","","","","","","","","","","","","","","","","","","","","","","","","","","","","","","","","","","","","","",""
"aa68b7a","","","","","","","","","","","","","","","","","","","","","","","","","","","","","","","","","","","","","","","","","","","","","","","","","","","","","",""
"92db041","","","","","","","","","","","","","","","","","","","","","","","","","","","","","","","","","","","","","","","","","","","","","","","","","","","","","",""
"b921637","","","","","","","","","","","","","","","","","","","","","","","","","","","","","","","","","","","","","","","","","","","","","","","","","","","","","",""
"0fa3c49","","","","","","","","","","","","","","","","","","","","","","","","","","","","","","","","","","","","","","","","","","","","","","","","","","","","","",""
"e581545","","","","","","","","","","","","","","","","","","","","","","","","","","","","","","","","","","","","","","","","","","","","","","","","","","","","","",""
"cb28371","","","","","","","","","","","","","","","","","","","","","","","","","","","","","","","","","","","","","","","","","","","","","","","","","","","","","",""
"a664235","","","","","","","","","","","","","","","","","","","","","","","","","","","","","","","","","","","","","","","","","","","","","","","","","","","","","",""
"81f41fd","","","","","","","","","","","","","","","","","","","","","","","","","","","","","","","","","","","","","","","","","","","","","","","","","","","","","",""
"f38953f","","","","","","","","","","","","","","","","","","","","","","","","","","","","","","","","","","","","","","","","","","","","","","","","","","","","","",""
"6801018","","","","","","","","","","","","","","","","","","","","","","","","","","","","","","","","","","","","","","","","","","","","","","","","","","","","","",""
"61d9d14","","","","","","","","","","","","","","","","","","","","","","","","","","","","","","","","","","","","","","","","","","","","","","","","","","","","","",""
"ac3a94c","","","","","","","","","","","","","","","","","","","","","","","","","","","","","","","","","","","","","","","","","","","","","","","","","","","","","",""
"eccfff0","","","","","","","","","","","","","","","","","","","","","","","","","","","","","","","","","","","","","","","","","","","","","","","","","","","","","",""
"49f21e0","","","","","","","","","","","","","","","","","","","","","","","","","","","","","","","","","","","","","","","","","","","","","","","","","","","","","",""
"02ed09a","","","","","","","","","","","","","","","","","","","","","","","","","","","","","","","","","","","","","","","","","","","","","","","","","","","","","",""
"0514a07","","","","","","","","","","","","","","","","","","","","","","","","","","","","","","","","","","","","","","","","","","","","","","","","","","","","","",""
"37b9a9f","","","","","","","","","","","","","","","","","","","","","","","","","","","","","","","","","","","","","","","","","","","","","","","","","","","","","",""
"3c0c7c1","","","","","","","","","","","","","","","","","","","","","","","","","","","","","","","","","","","","","","","","","","","","","","","","","","","","","",""
"89f6d9e","","","","","","","","","","","","","","","","","","","","","","","","","","","","","","","","","","","","","","","","","","","","","","","","","","","","","",""
"4569a12","","","","","","","","","","","","","","","","","","","","","","","","","","","","","","","","","","","","","","","","","","","","","","","","","","","","","",""
"39dc9b8","","","","","","","","","","","","","","","","","","","","","","","","","","","","","","","","","","","","","","","","","","","","","","","","","","","","","",""
"56bae3a","","","","","","","","","","","","","","","","","","","","","","","","","","","","","","","","","","","","","","","","","","","","","","","","","","","","","",""
"28ec805","","","","","","","","","","","","","","","","","","","","","","","","","","","","","","","","","","","","","","","","","","","","","","","","","","","","","",""
"4c8a5bc","","","","","","","","","","","","","","","","","","","","","","","","","","","","","","","","","","","","","","","","","","","","","","","","","","","","","",""
"48179d1","","","","","","","","","","","","","","","","","","","","","","","","","","","","","","","","","","","","","","","","","","","","","","","","","","","","","",""
"d876b22","","","","","","","","","","","","","","","","","","","","","","","","","","","","","","","","","","","","","","","","","","","","","","","","","","","","","",""
"e845b6b","","","","","","","","","","","","","","","","","","","","","","","","","","","","","","","","","","","","","","","","","","","","","","","","","","","","","",""
"619e952",-9270.821287870407,"unknown",-9263.638564825058,-9258.302953720093,0.0,6.40104079246521,10.964892864227295,17.6473126411438,26.586044788360596,33.04102349281311,39.58988046646118,"unknown","unknown",45.065349817276,51.81587338447571,58.623682498931885,"unknown","","unknown","unknown","unknown","unknown","","unknown","unknown","unknown","unknown",65.46941208839417,"","unknown",72.20788526535034,75.60263800621033,"unknown",82.01275587081909,"unknown",88.33821034431458,90.8036162853241,"unknown","","unknown","unknown","unknown","unknown","","unknown","unknown","unknown","unknown",97.54907536506653,"unknown","unknown",103.29999423027039,"",""
"0fd9ca7","","","","","","","","","","","","","","","","","","","","","","","","","","","","","","","","","","","","","","","","","","","","","","","","","","","","","",""
"ff125d4","","","","","","","","","","","","","","","","","","","","","","","","","","","","","","","","","","","","","","","","","","","","","","","","","","","","","",""
"0dc7823","","","","","","","","","","","","","","","","","","","","","","","","","","","","","","","","","","","","","","","","","","","","","","","","","","","","","",""
"64155b9","","","","","","","","","","","","","","","","","","","","","","","","","","","","","","","","","","","","","","","","","","","","","","","","","","","","","",""
"9cfbb83","","","","","","","","","","","","","","","","","","","","","","","","","","","","","","","","","","","","","","","","","","","","","","","","","","","","","",""
"f6ffd76","","","","","","","","","","","","","","","","","","","","","","","","","","","","","","","","","","","","","","","","","","","","","","","","","","","","","",""
"4ac71cf","","","","","","","","","","","","","","","","","","","","","","","","","","","","","","","","","","","","","","","","","","","","","","","","","","","","","",""
"57b0697","","","","","","","","","","","","","","","","","","","","","","","","","","","","","","","","","","","","","","","","","","","","","","","","","","","","","",""
"1c202a8","","","","","","","","","","","","","","","","","","","","","","","","","","","","","","","","","","","","","","","","","","","","","","","","","","","","","",""
"3e625ac","","","","","","","","","","","","","","","","","","","","","","","","","","","","","","","","","","","","","","","","","","","","","","","","","","","","","",""
"6b36bf5","","","","","","","","","","","","","","","","","","","","","","","","","","","","","","","","","","","","","","","","","","","","","","","","","","","","","",""
"99775ba",-5312.047944784164,"unknown",-5305.782190799713,-5300.143599748611,0.0,5.904222726821899,36.86358857154846,43.80142569541931,50.379847288131714,56.33109760284424,64.62781095504761,"unknown","unknown",70.0850613117218,76.7301082611084,78.38800168037415,"unknown","","unknown","unknown","unknown","unknown","","unknown","unknown","unknown","unknown",84.55174112319946,"","unknown",90.54013800621033,93.10920214653015,"unknown",100.41103386878967,"unknown",105.92864060401917,133.67948532104492,"unknown","","unknown","unknown","unknown","unknown","","unknown","unknown","unknown","unknown",140.1360445022583,"unknown","unknown",146.75801944732666,"",""
"152aa4d",-26823.511103868484,"unknown",-26817.505170345306,-26811.592200040817,0.0,6.659240245819092,11.418994188308716,18.226584911346436,33.089768171310425,39.10335826873779,48.567264795303345,"unknown","unknown",56.01456689834595,62.52739977836609,64.41197538375854,"unknown","","unknown","unknown","unknown","unknown","","unknown","unknown","unknown","unknown",69.9282124042511,"","unknown",75.95036721229553,88.8178083896637,"unknown","unknown",95.27985763549805,100.88874554634094,102.76809167861938,"unknown","","unknown","unknown","unknown","unknown","","unknown","unknown","unknown","unknown",108.60984063148499,"unknown","unknown",115.70403790473938,"",""
"56191c0","","","","","","","","","","","","","","","","","","","","","","","","","","","","","","","","","","","","","","","","","","","","","","","","","","","","","",""
"ced331f","","","","","","","","","","","","","","","","","","","","","","","","","","","","","","","","","","","","","","","","","","","","","","","","","","","","","",""
"1d235c1","","","","","","","","","","","","","","","","","","","","","","","","","","","","","","","","","","","","","","","","","","","","","","","","","","","","","",""
"e6de912","","","","","","","","","","","","","","","","","","","","","","","","","","","","","","","","","","","","","","","","","","","","","","","","","","","","","",""
"76bbc0d","","","","","","","","","","","","","","","","","","","","","","","","","","","","","","","","","","","","","","","","","","","","","","","","","","","","","",""
"36b4ec5","","","","","","","","","","","","","","","","","","","","","","","","","","","","","","","","","","","","","","","","","","","","","","","","","","","","","",""
"79b65fb","","","","","","","","","","","","","","","","","","","","","","","","","","","","","","","","","","","","","","","","","","","","","","","","","","","","","",""
"7de2a3d","","","","","","","","","","","","","","","","","","","","","","","","","","","","","","","","","","","","","","","","","","","","","","","","","","","","","",""
"dbe3880","","","","","","","","","","","","","","","","","","","","","","","","","","","","","","","","","","","","","","","","","","","","","","","","","","","","","",""
"877fb69","","","","","","","","","","","","","","","","","","","","","","","","","","","","","","","","","","","","","","","","","","","","","","","","","","","","","",""
"c17e360","","","","","","","","","","","","","","","","","","","","","","","","","","","","","","","","","","","","","","","","","","","","","","","","","","","","","",""
"51be121","","","","","","","","","","","","","","","","","","","","","","","","","","","","","","","","","","","","","","","","","","","","","","","","","","","","","",""
"c094913","","","","","","","","","","","","","","","","","","","","","","","","","","","","","","","","","","","","","","","","","","","","","","","","","","","","","",""
"3b65cc8","","","","","","","","","","","","","","","","","","","","","","","","","","","","","","","","","","","","","","","","","","","","","","","","","","","","","",""
"ce36e73","","","","","","","","","","","","","","","","","","","","","","","","","","","","","","","","","","","","","","","","","","","","","","","","","","","","","",""
"e9e1409","","","","","","","","","","","","","","","","","","","","","","","","","","","","","","","","","","","","","","","","","","","","","","","","","","","","","",""
"6f17bd1","","","","","","","","","","","","","","","","","","","","","","","","","","","","","","","","","","","","","","","","","","","","","","","","","","","","","",""
"4af2fee","","","","","","","","","","","","","","","","","","","","","","","","","","","","","","","","","","","","","","","","","","","","","","","","","","","","","",""
"051761f","","","","","","","","","","","","","","","","","","","","","","","","","","","","","","","","","","","","","","","","","","","","","","","","","","","","","",""
"1c627cb","","","","","","","","","","","","","","","","","","","","","","","","","","","","","","","","","","","","","","","","","","","","","","","","","","","","","",""
"5177026","","","","","","","","","","","","","","","","","","","","","","","","","","","","","","","","","","","","","","","","","","","","","","","","","","","","","",""
"db0051d","","","","","","","","","","","","","","","","","","","","","","","","","","","","","","","","","","","","","","","","","","","","","","","","","","","","","",""
"43bae5c","","","","","","","","","","","","","","","","","","","","","","","","","","","","","","","","","","","","","","","","","","","","","","","","","","","","","",""
"9e9a81e","","","","","","","","","","","","","","","","","","","","","","","","","","","","","","","","","","","","","","","","","","","","","","","","","","","","","",""
"6289e6c","","","","","","","","","","","","","","","","","","","","","","","","","","","","","","","","","","","","","","","","","","","","","","","","","","","","","",""
"c55c183","","","","","","","","","","","","","","","","","","","","","","","","","","","","","","","","","","","","","","","","","","","","","","","","","","","","","",""
"a9b4533","","","","","","","","","","","","","","","","","","","","","","","","","","","","","","","","","","","","","","","","","","","","","","","","","","","","","",""
"fc53f6c","","","","","","","","","","","","","","","","","","","","","","","","","","","","","","","","","","","","","","","","","","","","","","","","","","","","","",""
"1db8420","","","","","","","","","","","","","","","","","","","","","","","","","","","","","","","","","","","","","","","","","","","","","","","","","","","","","",""
"8a1ecd0","","","","","","","","","","","","","","","","","","","","","","","","","","","","","","","","","","","","","","","","","","","","","","","","","","","","","",""
"8fd863f","","","","","","","","","","","","","","","","","","","","","","","","","","","","","","","","","","","","","","","","","","","","","","","","","","","","","",""
"644830a","","","","","","","","","","","","","","","","","","","","","","","","","","","","","","","","","","","","","","","","","","","","","","","","","","","","","",""
"9c76c21","","","","","","","","","","","","","","","","","","","","","","","","","","","","","","","","","","","","","","","","","","","","","","","","","","","","","",""
"5dbecee","","","","","","","","","","","","","","","","","","","","","","","","","","","","","","","","","","","","","","","","","","","","","","","","","","","","","",""
"86c5f35","","","","","","","","","","","","","","","","","","","","","","","","","","","","","","","","","","","","","","","","","","","","","","","","","","","","","",""
"4c072d3","","","","","","","","","","","","","","","","","","","","","","","","","","","","","","","","","","","","","","","","","","","","","","","","","","","","","",""
"89bbcd3","","","","","","","","","","","","","","","","","","","","","","","","","","","","","","","","","","","","","","","","","","","","","","","","","","","","","",""
"25f4734","","","","","","","","","","","","","","","","","","","","","","","","","","","","","","","","","","","","","","","","","","","","","","","","","","","","","",""
"aa9ac00","","","","","","","","","","","","","","","","","","","","","","","","","","","","","","","","","","","","","","","","","","","","","","","","","","","","","",""
"9a1b5fa","","","","","","","","","","","","","","","","","","","","","","","","","","","","","","","","","","","","","","","","","","","","","","","","","","","","","",""
"e3ae59a","","","","","","","","","","","","","","","","","","","","","","","","","","","","","","","","","","","","","","","","","","","","","","","","","","","","","",""
"d003724","","","","","","","","","","","","","","","","","","","","","","","","","","","","","","","","","","","","","","","","","","","","","","","","","","","","","",""
"3a03bea","","","","","","","","","","","","","","","","","","","","","","","","","","","","","","","","","","","","","","","","","","","","","","","","","","","","","",""
"e427669","","","","","","","","","","","","","","","","","","","","","","","","","","","","","","","","","","","","","","","","","","","","","","","","","","","","","",""
"12dfda3","","","","","","","","","","","","","","","","","","","","","","","","","","","","","","","","","","","","","","","","","","","","","","","","","","","","","",""
"3226bb3","","","","","","","","","","","","","","","","","","","","","","","","","","","","","","","","","","","","","","","","","","","","","","","","","","","","","",""
"c02668d","","","","","","","","","","","","","","","","","","","","","","","","","","","","","","","","","","","","","","","","","","","","","","","","","","","","","",""
"088d8b4","","","","","","","","","","","","","","","","","","","","","","","","","","","","","","","","","","","","","","","","","","","","","","","","","","","","","",""
"a2d2ca9","","","","","","","","","","","","","","","","","","","","","","","","","","","","","","","","","","","","","","","","","","","","","","","","","","","","","",""
"9f4d288","","","","","","","","","","","","","","","","","","","","","","","","","","","","","","","","","","","","","","","","","","","","","","","","","","","","","",""
"aaad0b7","","","","","","","","","","","","","","","","","","","","","","","","","","","","","","","","","","","","","","","","","","","","","","","","","","","","","",""
"c16eb71","","","","","","","","","","","","","","","","","","","","","","","","","","","","","","","","","","","","","","","","","","","","","","","","","","","","","",""
"3e6beba","","","","","","","","","","","","","","","","","","","","","","","","","","","","","","","","","","","","","","","","","","","","","","","","","","","","","",""
"35adcf1","","","","","","","","","","","","","","","","","","","","","","","","","","","","","","","","","","","","","","","","","","","","","","","","","","","","","",""
"b92ee81","","","","","","","","","","","","","","","","","","","","","","","","","","","","","","","","","","","","","","","","","","","","","","","","","","","","","",""
"b2621a2","","","","","","","","","","","","","","","","","","","","","","","","","","","","","","","","","","","","","","","","","","","","","","","","","","","","","",""
"dd64cdc","","","","","","","","","","","","","","","","","","","","","","","","","","","","","","","","","","","","","","","","","","","","","","","","","","","","","",""
"6099d06","","","","","","","","","","","","","","","","","","","","","","","","","","","","","","","","","","","","","","","","","","","","","","","","","","","","","",""
"d91bf84",-47151.04618477821,"unknown",-47145.12912225723,-47138.00633597374,0.0,6.506197929382324,2439.64382481575,2446.2115643024445,2448.098886013031,2453.834977865219,2554.2766613960266,"unknown","unknown",2560.8519430160522,2566.2033638954163,2567.955278158188,"unknown","","unknown","unknown","unknown","unknown","","unknown","unknown","unknown","unknown",2573.5959100723267,"","unknown",2580.265858411789,2583.027330636978,"unknown","unknown",2590.2176384925842,2597.1216564178467,2833.4211645126343,"unknown","","unknown","unknown","unknown","unknown","","unknown","unknown","unknown","unknown",2840.781713247299,"unknown","unknown",2847.6760795116425,"",""
"c3db77a","","","","","","","","","","","","","","","","","","","","","","","","","","","","","","","","","","","","","","","","","","","","","","","","","","","","","",""
"7c9678a","","","","","","","","","","","","","","","","","","","","","","","","","","","","","","","","","","","","","","","","","","","","","","","","","","","","","",""
"db7d9c3",-8747.091059684753,"unknown",-8740.54561495781,-8733.68884921074,0.0,7.365014314651489,644.7892076969147,651.0314283370972,79898.95743727684,79905.91337895393,80629.38892626762,"unknown","unknown",80637.04955863953,80643.98261737823,82115.51442575455,"unknown","","unknown","unknown","unknown","unknown","","unknown","unknown","unknown","unknown",82121.97443342209,"","unknown",82128.62399959564,82155.67007875443,"unknown","unknown",82161.07537341118,82168.23909592628,83862.06096482277,"unknown","","unknown","unknown","unknown","unknown","","unknown","unknown","unknown","unknown",83868.39098858833,"unknown","unknown",83874.46540617943,"",""
"7d9c3_1",-8747.091059684753,"unknown",-8740.54561495781,-8733.68884921074,0.0,7.365014314651489,644.7892076969147,651.0314283370972,79898.95743727684,79905.91337895393,80629.38892626762,"unknown","unknown",80637.04955863953,80643.98261737823,82115.51442575455,"unknown","","unknown","unknown","unknown","unknown","","unknown","unknown","unknown","unknown",82121.97443342209,"","unknown",82128.62399959564,82155.67007875443,"unknown","unknown",82161.07537341118,82168.23909592628,83862.06096482277,"unknown","","unknown","unknown","unknown","unknown","","unknown","unknown","unknown","unknown",83868.39098858833,"unknown","unknown",83874.46540617943,"",""
"804c32f","","","","","","","","","","","","","","","","","","","","","","","","","","","","","","","","","","","","","","","","","","","","","","","","","","","","","",""
