"","1","recurso","1b","2","cont","3","cont_1","4","dilema","5","yo_1","6A_yo","6B_yo","6C_yo","7_yo","v_yo_1","8_yo","yo_2","9A_yo","9B_yo","9C_yo","10_yo","v_yo_2","11_yo","12A_yo","12B_yo","12C_yo","13_yo_1","13_yo_2","13_yo_3","5_otro","otro_1","6A_otro","6B_otro","6C_otro","7_otro","v_otro_1","8_otro","otro_2","9A_otro","9B_otro","9C_otro","10_otro","v_otro_2","11_otro","12A_otro","12B_otro","12C_otro","13_otro_1","13_otro_2","13_otro_3","14","2_1"
"518e9b8",-14123.276459217072,"unknown",-14117.366651296616,-14111.879196882248,0.0,5.655632019042969,7.624798059463501,13.354264259338379,24.49897861480713,31.429828882217407,33.52787232398987,"unknown","unknown",39.5052604675293,45.48939514160156,47.37362003326416,"unknown","","unknown","unknown","unknown","unknown","","unknown","unknown","unknown","unknown",53.632675647735596,"","unknown",59.32954025268555,62.320135831832886,"unknown","unknown",69.03580784797668,74.60233354568481,80.971759557724,"unknown","","unknown","unknown","unknown","unknown","","unknown","unknown","unknown","unknown",86.35169863700867,"unknown","unknown",92.07587599754333,""
"b5edd3c","","","","","","","","","","","","","","","","","","","","","","","","","","","","","","","","","","","","","","","","","","","","","","","","","","","","",""
"374ecf8",-12750.251327991486,"unknown",-12743.165679454803,-12737.511361598969,0.0,5.638501167297363,33.3851113319397,39.826249837875366,41.530131816864014,48.30916237831116,68.30282616615295,"unknown","unknown",73.74953413009644,80.43226408958435,82.45683813095093,89.3574149608612,94.72773241996765,"unknown",100.06236100196838,"unknown",106.84053111076355,108.54587817192078,"unknown","unknown","unknown","unknown","unknown",114.51408529281616,"unknown",120.66198587417603,124.954021692276,"unknown",130.5540645122528,"unknown",136.14774560928345,141.49838519096375,"unknown","","unknown","unknown","unknown","unknown","","unknown","unknown","unknown","unknown",147.8250274658203,"unknown","unknown",153.2878098487854,""
"89f120b","","","","","","","","","","","","","","","","","","","","","","","","","","","","","","","","","","","","","","","","","","","","","","","","","","","","",""
"1883ca0",-1736.7683415412903,"unknown",-1730.4530582427979,-1724.1276452541351,0.0,5.677213907241821,11.585691452026367,18.248326301574707,27.25491499900818,33.03315854072571,40.24452567100525,46.35062766075134,"unknown","unknown",52.89278554916382,57.30329704284668,"unknown","","unknown","unknown","unknown","unknown","","unknown","unknown","unknown","unknown",62.85454726219177,"","unknown",68.27319502830505,10918.951604604721,10925.214910030365,"unknown","unknown",10932.42338681221,10939.451483011246,"unknown","","unknown","unknown","unknown","unknown","","unknown","unknown","unknown","unknown",10946.243934631348,"unknown","unknown",10952.748482465744,""
"8d2da97","","","","","","","","","","","","","","","","","","","","","","","","","","","","","","","","","","","","","","","","","","","","","","","","","","","","",""
"2541155",-216424.55989027023,"unknown",-216417.86099505424,-216411.62616062164,0.0,6.185273170471191,8.400471210479736,17.14966607093811,30.878610849380493,38.07914471626282,41.110467195510864,"unknown",47.95486831665039,"unknown",53.61349654197693,55.8549370765686,"unknown","","unknown","unknown","unknown","unknown","","unknown","unknown","unknown","unknown",62.68721413612366,"","unknown",69.58288264274597,1369.6840388774872,"unknown","unknown",1375.0155119895935,1381.898103237152,94895.7042939663,"unknown","","unknown","unknown","unknown","unknown","","unknown","unknown","unknown","unknown",94901.96416687965,"unknown","unknown",94908.81062960625,""
"ac6f3f6",-3489.0220777988434,"unknown",-3483.0155942440033,-3476.8085181713104,0.0,6.209210395812988,9.162128448486328,15.594822883605957,82.72226405143738,89.86957263946533,94.39968085289001,"unknown","unknown",100.71909284591675,106.09044241905212,110.57325029373169,"unknown","","unknown","unknown","unknown","unknown","","unknown","unknown","unknown","unknown",116.35559821128845,"","unknown",122.92568254470825,133.32886338233948,"unknown","unknown",140.3077096939087,147.3317494392395,149.38561844825745,"unknown","","unknown","unknown","unknown","unknown","","unknown","unknown","unknown","unknown",154.81579613685608,"unknown","unknown",160.62540864944458,""
"62447b9",-77074.02259993553,"unknown",-77067.29165387154,-77060.3719830513,0.0,6.92424750328064,11.84620714187622,17.257297039031982,39.88734436035156,45.79701852798462,112.07594728469849,"unknown","unknown",118.62713980674744,124.63308238983154,128.21033000946045,"unknown","","unknown","unknown","unknown","unknown","","unknown","unknown","unknown","unknown",135.06392216682434,"","unknown",142.22535133361816,159.31570482254028,"unknown",165.8141369819641,"unknown",171.58503127098083,173.684916973114,"unknown","","unknown","unknown","unknown","unknown","","unknown","unknown","unknown","unknown",180.27813172340393,"unknown","unknown",186.7834997177124,""
"20f3e2e",-15646.72365283966,"unknown",-15639.681691169739,-15632.54096198082,0.0,5.84243106842041,8.856476783752441,15.682883262634277,31.33133029937744,38.41672611236572,42.44647169113159,"unknown","unknown",49.84757471084595,56.3225359916687,58.60408401489258,"unknown","","unknown","unknown","unknown","unknown","","unknown","unknown","unknown","unknown",65.8367760181427,"","unknown",72.58826470375061,74.73825979232788,"unknown","unknown",80.59802913665771,86.94713473320007,95.51086211204529,"unknown","","unknown","unknown","unknown","unknown","","unknown","unknown","unknown","unknown",102.11701560020447,"unknown","unknown",107.64500164985657,""
"4e53c5c",-68.0835063457489,"unknown",-61.419718503952026,-54.82789134979248,0.0,5.903536558151245,21.140806674957275,27.6515371799469,51.25800633430481,58.614075899124146,61.27989864349365,67.7314817905426,"unknown","unknown",74.52289962768555,76.8102056980133,"unknown","","unknown","unknown","unknown","unknown","","unknown","unknown","unknown","unknown",83.87968015670776,"","unknown",89.98503398895264,110.68475604057312,118.19188117980957,"unknown","unknown",125.42757797241211,127.83807730674744,"unknown","","unknown","unknown","unknown","unknown","","unknown","unknown","unknown","unknown",133.97698831558228,"unknown","unknown",140.5362606048584,""
"ac6ecda","","","","","","","","","","","","","","","","","","","","","","","","","","","","","","","","","","","","","","","","","","","","","","","","","","","","",""
"c899adb",-10540.621622085571,"unknown",-10535.116878271103,-10527.995066642761,0.0,7.159510374069214,12.43168592453003,19.620370626449585,42.2569534778595,47.7520706653595,50.13019824028015,"unknown","unknown",56.161258935928345,61.887696266174316,83.86555361747742,"unknown","","unknown","unknown","unknown","unknown","","unknown","unknown","unknown","unknown",89.90012907981873,"","unknown",95.42725706100464,102.27086186408997,"unknown","unknown",107.86219644546509,113.7699887752533,115.38009977340698,"unknown","","unknown","unknown","unknown","unknown","","unknown","unknown","unknown","unknown",121.91389274597168,"unknown","unknown",128.82175064086914,""
"b8ec123","","","","","","","","","","","","","","","","","","","","","","","","","","","","","","","","","","","","","","","","","","","","","","","","","","","","",""
"07b298c","","","","","","","","","","","","","","","","","","","","","","","","","","","","","","","","","","","","","","","","","","","","","","","","","","","","",""
"4c7f106","","","","","","","","","","","","","","","","","","","","","","","","","","","","","","","","","","","","","","","","","","","","","","","","","","","","",""
"49db8c4",-23907.589610099792,"unknown",-23901.954222917557,-23895.7249584198,0.0,6.894647598266602,12.006262063980103,18.93489146232605,37.09785270690918,42.66017460823059,182.82537984848022,"unknown","unknown",188.27046179771423,194.167977809906,196.54905652999878,"unknown","","unknown","unknown","unknown","unknown","","unknown","unknown","unknown","unknown",202.7698585987091,"","unknown",208.9890730381012,214.66218185424805,"unknown","unknown",221.9833528995514,228.38309383392334,230.39736366271973,"unknown","","unknown","unknown","unknown","unknown","","unknown","unknown","unknown","unknown",237.16411805152893,"unknown","unknown",244.16262006759644,""
"ea8c0d6",-169491.8506486416,"unknown",-169485.88426589966,-169479.20716762543,0.0,5.652227878570557,9.277881860733032,14.867296695709229,47.120683908462524,53.35353636741638,56.19274544715881,"unknown","unknown",62.99650955200195,68.55632209777832,70.49302244186401,"unknown","","unknown","unknown","unknown","unknown","","unknown","unknown","unknown","unknown",76.95300722122192,"","unknown",82.67780184745789,92.19275951385498,"unknown","unknown",98.88412022590637,104.51792335510254,114.98623061180115,"unknown","","unknown","unknown","unknown","unknown","","unknown","unknown","unknown","unknown",121.82062554359436,"unknown","unknown",128.94805788993835,""
"527d11d","","","","","","","","","","","","","","","","","","","","","","","","","","","","","","","","","","","","","","","","","","","","","","","","","","","","",""
"7cf831f",-1408.5726742744446,"unknown",-1402.4748055934906,-1397.0451550483704,0.0,5.749934196472168,9.187697172164917,16.177757501602173,57.8159396648407,64.40748715400696,214.6540012359619,"unknown","unknown",220.31702637672424,226.04229307174683,228.46395754814148,"unknown","","unknown","unknown","unknown","unknown","","unknown","unknown","unknown","unknown",235.14584732055664,"","unknown",241.18670773506165,248.20012617111206,254.51072645187378,"unknown","unknown",261.15533542633057,264.61406421661377,"unknown","","unknown","unknown","unknown","unknown","","unknown","unknown","unknown","unknown",270.94384717941284,"unknown","unknown",276.3272943496704,""
"41f497c","","","","","","","","","","","","","","","","","","","","","","","","","","","","","","","","","","","","","","","","","","","","","","","","","","","","",""
"8d5112a","","","","","","","","","","","","","","","","","","","","","","","","","","","","","","","","","","","","","","","","","","","","","","","","","","","","",""
"f496964","","","","","","","","","","","","","","","","","","","","","","","","","","","","","","","","","","","","","","","","","","","","","","","","","","","","",""
"68c3192","","","","","","","","","","","","","","","","","","","","","","","","","","","","","","","","","","","","","","","","","","","","","","","","","","","","",""
"eb77de6","","","","","","","","","","","","","","","","","","","","","","","","","","","","","","","","","","","","","","","","","","","","","","","","","","","","",""
"1288ac2","","","","","","","","","","","","","","","","","","","","","","","","","","","","","","","","","","","","","","","","","","","","","","","","","","","","",""
"8ce483d","","","","","","","","","","","","","","","","","","","","","","","","","","","","","","","","","","","","","","","","","","","","","","","","","","","","",""
"79868cd",-6509.818561077118,"unknown",-6502.884765386581,-6497.592439651489,0.0,6.226294755935669,7.797836542129517,13.277934074401855,405.9194347858429,412.72487330436707,439.0871081352234,"unknown",445.88677740097046,"unknown",451.7410147190094,455.9430696964264,462.66346406936646,486.21119236946106,"unknown","unknown",491.6991946697235,498.59977769851685,500.4305992126465,"unknown","unknown","unknown","unknown","unknown",507.10753083229065,"unknown",513.2136843204498,515.661994934082,"unknown","unknown",521.9618656635284,528.6001403331757,564.7641007900238,"unknown","","unknown","unknown","unknown","unknown","","unknown","unknown","unknown","unknown",570.9704177379608,"unknown","unknown",576.5036997795105,""
"56ee475","","","","","","","","","","","","","","","","","","","","","","","","","","","","","","","","","","","","","","","","","","","","","","","","","","","","",""
"916c172","","","","","","","","","","","","","","","","","","","","","","","","","","","","","","","","","","","","","","","","","","","","","","","","","","","","",""
"d9696dd","","","","","","","","","","","","","","","","","","","","","","","","","","","","","","","","","","","","","","","","","","","","","","","","","","","","",""
"eff7ebe","","","","","","","","","","","","","","","","","","","","","","","","","","","","","","","","","","","","","","","","","","","","","","","","","","","","",""
"5d4fcbe",-59945.46393561363,"unknown",-59939.60280036926,-59932.98225951195,0.0,7.34411883354187,30.95026445388794,37.47189116477966,52.416693925857544,58.37790083885193,122.46737003326416,"unknown",129.4979064464569,"unknown",135.71268010139465,143.00942659378052,"unknown","","unknown","unknown","unknown","unknown","","unknown","unknown","unknown","unknown",148.86776614189148,"","unknown",154.1679186820984,937.014420747757,943.2257659435272,"unknown","unknown",949.9759080410004,1809.279218196869,"unknown","","unknown","unknown","unknown","unknown","","unknown","unknown","unknown","unknown",1814.7608432769775,"unknown","unknown",1820.6431472301483,""
"965ec7c","","","","","","","","","","","","","","","","","","","","","","","","","","","","","","","","","","","","","","","","","","","","","","","","","","","","",""
"170bd80","","","","","","","","","","","","","","","","","","","","","","","","","","","","","","","","","","","","","","","","","","","","","","","","","","","","",""
"e2738b5","","","","","","","","","","","","","","","","","","","","","","","","","","","","","","","","","","","","","","","","","","","","","","","","","","","","",""
"7a54533","","","","","","","","","","","","","","","","","","","","","","","","","","","","","","","","","","","","","","","","","","","","","","","","","","","","",""
"d874e84","","","","","","","","","","","","","","","","","","","","","","","","","","","","","","","","","","","","","","","","","","","","","","","","","","","","",""
"65b2a4c","","","","","","","","","","","","","","","","","","","","","","","","","","","","","","","","","","","","","","","","","","","","","","","","","","","","",""
"c28b1a9","","","","","","","","","","","","","","","","","","","","","","","","","","","","","","","","","","","","","","","","","","","","","","","","","","","","",""
"402df77","","","","","","","","","","","","","","","","","","","","","","","","","","","","","","","","","","","","","","","","","","","","","","","","","","","","",""
"7384692","","","","","","","","","","","","","","","","","","","","","","","","","","","","","","","","","","","","","","","","","","","","","","","","","","","","",""
"90ccafb","","","","","","","","","","","","","","","","","","","","","","","","","","","","","","","","","","","","","","","","","","","","","","","","","","","","",""
"0327530","","","","","","","","","","","","","","","","","","","","","","","","","","","","","","","","","","","","","","","","","","","","","","","","","","","","",""
"47dcadc","","","","","","","","","","","","","","","","","","","","","","","","","","","","","","","","","","","","","","","","","","","","","","","","","","","","",""
"233ee90","","","","","","","","","","","","","","","","","","","","","","","","","","","","","","","","","","","","","","","","","","","","","","","","","","","","",""
"db844b1","","","","","","","","","","","","","","","","","","","","","","","","","","","","","","","","","","","","","","","","","","","","","","","","","","","","",""
"e4c0f9c","","","","","","","","","","","","","","","","","","","","","","","","","","","","","","","","","","","","","","","","","","","","","","","","","","","","",""
"fd01af9","","","","","","","","","","","","","","","","","","","","","","","","","","","","","","","","","","","","","","","","","","","","","","","","","","","","",""
"77a5d2f","","","","","","","","","","","","","","","","","","","","","","","","","","","","","","","","","","","","","","","","","","","","","","","","","","","","",""
"b92dee2","","","","","","","","","","","","","","","","","","","","","","","","","","","","","","","","","","","","","","","","","","","","","","","","","","","","",""
"50ec1c5","","","","","","","","","","","","","","","","","","","","","","","","","","","","","","","","","","","","","","","","","","","","","","","","","","","","",""
"11892fd","","","","","","","","","","","","","","","","","","","","","","","","","","","","","","","","","","","","","","","","","","","","","","","","","","","","",""
"e65bef7","","","","","","","","","","","","","","","","","","","","","","","","","","","","","","","","","","","","","","","","","","","","","","","","","","","","",""
"e5bb5fe","","","","","","","","","","","","","","","","","","","","","","","","","","","","","","","","","","","","","","","","","","","","","","","","","","","","",""
"5ba2fe6","","","","","","","","","","","","","","","","","","","","","","","","","","","","","","","","","","","","","","","","","","","","","","","","","","","","",""
"fcf59af","","","","","","","","","","","","","","","","","","","","","","","","","","","","","","","","","","","","","","","","","","","","","","","","","","","","",""
"c94e42e",-6076.170163631439,"unknown",-6069.697787761688,-6063.6888020038605,0.0,6.381117582321167,9.457011222839355,15.388155221939087,31.73795485496521,38.38686537742615,40.3726851940155,"unknown","unknown",46.70055150985718,53.63830757141113,56.633920192718506,"unknown","","unknown","unknown","unknown","unknown","","unknown","unknown","unknown","unknown",62.98266863822937,"","unknown",69.29681015014648,72.60827922821045,"unknown","unknown",78.84704685211182,84.77274179458618,88.28121876716614,"unknown","","unknown","unknown","unknown","unknown","","unknown","unknown","unknown","unknown",93.59879541397095,"unknown","unknown",99.25838565826416,""
"ee4b6cd","","","","","","","","","","","","","","","","","","","","","","","","","","","","","","","","","","","","","","","","","","","","","","","","","","","","",""
"f2291ba","","","","","","","","","","","","","","","","","","","","","","","","","","","","","","","","","","","","","","","","","","","","","","","","","","","","",""
"fb6ca94","","","","","","","","","","","","","","","","","","","","","","","","","","","","","","","","","","","","","","","","","","","","","","","","","","","","",""
"5a20153","","","","","","","","","","","","","","","","","","","","","","","","","","","","","","","","","","","","","","","","","","","","","","","","","","","","",""
"516417f","","","","","","","","","","","","","","","","","","","","","","","","","","","","","","","","","","","","","","","","","","","","","","","","","","","","",""
"7a0eabe","","","","","","","","","","","","","","","","","","","","","","","","","","","","","","","","","","","","","","","","","","","","","","","","","","","","",""
"7b65802","","","","","","","","","","","","","","","","","","","","","","","","","","","","","","","","","","","","","","","","","","","","","","","","","","","","",""
"2949a28","","","","","","","","","","","","","","","","","","","","","","","","","","","","","","","","","","","","","","","","","","","","","","","","","","","","",""
"5e09b84","","","","","","","","","","","","","","","","","","","","","","","","","","","","","","","","","","","","","","","","","","","","","","","","","","","","",""
"7da3821","","","","","","","","","","","","","","","","","","","","","","","","","","","","","","","","","","","","","","","","","","","","","","","","","","","","",""
"2f5762a",-17995.279583215714,"unknown",-17989.71945810318,-17982.64644432068,0.0,5.73623251914978,9.638519048690796,15.281501770019531,48.39390516281128,55.717368602752686,61.587310552597046,"unknown","unknown",67.1818277835846,72.42730164527893,81.79212284088135,"unknown","","unknown","unknown","unknown","unknown","","unknown","unknown","unknown","unknown",89.02160954475403,"","unknown",95.13648891448975,97.4117341041565,"unknown","unknown",104.55512547492981,110.55768847465515,123.21198630332947,"unknown","","unknown","unknown","unknown","unknown","","unknown","unknown","unknown","unknown",129.6745617389679,"unknown","unknown",135.70480632781982,""
"50a0fdd","","","","","","","","","","","","","","","","","","","","","","","","","","","","","","","","","","","","","","","","","","","","","","","","","","","","",""
"b7cec81","","","","","","","","","","","","","","","","","","","","","","","","","","","","","","","","","","","","","","","","","","","","","","","","","","","","",""
"bf983ba",-7427.4404084682465,"unknown",-7420.728876113892,-7414.182918310165,0.0,6.543554067611694,3763.6965131759644,3771.155505180359,3786.162021636963,3792.082382917404,3793.4588780403137,3798.8010137081146,"unknown","unknown",3804.2243835926056,3805.7803711891174,"unknown","","unknown","unknown","unknown","unknown","","unknown","unknown","unknown","unknown",3811.523880004883,"","unknown",3817.9894032478333,3820.233332633972,"unknown","unknown",3826.206563472748,3831.890433549881,3840.090852499008,"unknown","","unknown","unknown","unknown","unknown","","unknown","unknown","unknown","unknown",3846.436507701874,"unknown","unknown",3851.857288122177,""
"a80b75d","","","","","","","","","","","","","","","","","","","","","","","","","","","","","","","","","","","","","","","","","","","","","","","","","","","","",""
"b53b559","","","","","","","","","","","","","","","","","","","","","","","","","","","","","","","","","","","","","","","","","","","","","","","","","","","","",""
"4a92bfd","","","","","","","","","","","","","","","","","","","","","","","","","","","","","","","","","","","","","","","","","","","","","","","","","","","","",""
"90434eb","","","","","","","","","","","","","","","","","","","","","","","","","","","","","","","","","","","","","","","","","","","","","","","","","","","","",""
"37674f9","","","","","","","","","","","","","","","","","","","","","","","","","","","","","","","","","","","","","","","","","","","","","","","","","","","","",""
"0dc300b","","","","","","","","","","","","","","","","","","","","","","","","","","","","","","","","","","","","","","","","","","","","","","","","","","","","",""
"1800004","","","","","","","","","","","","","","","","","","","","","","","","","","","","","","","","","","","","","","","","","","","","","","","","","","","","",""
"7b3c431",-8722.030934810638,"unknown",-8716.30537056923,-8709.826469421387,0.0,5.5906641483306885,11.109624147415161,18.302466869354248,32.63710308074951,38.55199861526489,41.82164192199707,"unknown","unknown",47.63749694824219,54.347736835479736,58.920631408691406,"unknown","","unknown","unknown","unknown","unknown","","unknown","unknown","unknown","unknown",66.20298027992249,"","unknown",71.64648532867432,77.31404972076416,"unknown","unknown",83.92678499221802,89.3766860961914,94.19995260238647,99.50799226760864,104.10018396377563,"unknown","unknown",110.06820154190063,115.6809675693512,117.35315299034119,"unknown","unknown","unknown","unknown","unknown",123.9985179901123,"unknown",129.60323071479797,""
"2457ed6","","","","","","","","","","","","","","","","","","","","","","","","","","","","","","","","","","","","","","","","","","","","","","","","","","","","",""
"c4bba29",-40.59549522399902,"unknown",-35.016546964645386,-28.37025284767151,0.0,6.16662073135376,9.077831745147705,16.289908409118652,38.98034882545471,45.04739713668823,62.33430600166321,"unknown","unknown",68.9498941898346,74.4708023071289,76.08433485031128,"unknown","","unknown","unknown","unknown","unknown","","unknown","unknown","unknown","unknown",82.21059083938599,"","unknown",88.02451276779175,91.66643285751343,"unknown","unknown",97.61628127098083,104.40279388427734,106.42671847343445,"unknown","","unknown","unknown","unknown","unknown","","unknown","unknown","unknown","unknown",112.63247513771057,"unknown","unknown",118.42874193191528,""
"2dffb9e",-2891.713443040848,"unknown",-2885.645369052887,-2879.6120841503143,0.0,5.914803981781006,7.627044439315796,13.239718675613403,75.83938336372375,81.71034550666809,83.39669561386108,"unknown","unknown",89.12215113639832,96.3755943775177,100.0929787158966,"unknown","","unknown","unknown","unknown","unknown","","unknown","unknown","unknown","unknown",105.83010482788086,"","unknown",113.1709508895874,122.54304385185242,"unknown","unknown",128.86014485359192,136.02219343185425,277.4242961406708,"unknown","","unknown","unknown","unknown","unknown","","unknown","unknown","unknown","unknown",283.79685401916504,"unknown","unknown",290.549923658371,""
"7a35b75",-44.19030952453613,"unknown",-37.294854164123535,-31.963751316070557,0.0,6.340095043182373,10.562544822692871,17.7913179397583,43.01073217391968,49.244314432144165,52.95500326156616,"unknown","unknown",58.75045967102051,65.7818193435669,69.0081114768982,"unknown","","unknown","unknown","unknown","unknown","","unknown","unknown","unknown","unknown",74.70631742477417,"","unknown",81.54467391967773,85.05923080444336,"unknown","unknown",90.89926362037659,96.81328797340393,99.28274345397949,"unknown","","unknown","unknown","unknown","unknown","","unknown","unknown","unknown","unknown",105.54204487800598,"unknown","unknown",111.36060500144958,""
"3883e37","","","","","","","","","","","","","","","","","","","","","","","","","","","","","","","","","","","","","","","","","","","","","","","","","","","","",""
"eacd6a3","","","","","","","","","","","","","","","","","","","","","","","","","","","","","","","","","","","","","","","","","","","","","","","","","","","","",""
"d09321f","","","","","","","","","","","","","","","","","","","","","","","","","","","","","","","","","","","","","","","","","","","","","","","","","","","","",""
"1116780","","","","","","","","","","","","","","","","","","","","","","","","","","","","","","","","","","","","","","","","","","","","","","","","","","","","",""
"58b1c8e","","","","","","","","","","","","","","","","","","","","","","","","","","","","","","","","","","","","","","","","","","","","","","","","","","","","",""
"bf3dfcf","","","","","","","","","","","","","","","","","","","","","","","","","","","","","","","","","","","","","","","","","","","","","","","","","","","","",""
"80e625f","","","","","","","","","","","","","","","","","","","","","","","","","","","","","","","","","","","","","","","","","","","","","","","","","","","","",""
"9846ca8","","","","","","","","","","","","","","","","","","","","","","","","","","","","","","","","","","","","","","","","","","","","","","","","","","","","",""
"cc02471","","","","","","","","","","","","","","","","","","","","","","","","","","","","","","","","","","","","","","","","","","","","","","","","","","","","",""
"0a30844","","","","","","","","","","","","","","","","","","","","","","","","","","","","","","","","","","","","","","","","","","","","","","","","","","","","",""
"43d0b63","","","","","","","","","","","","","","","","","","","","","","","","","","","","","","","","","","","","","","","","","","","","","","","","","","","","",""
"addf295","","","","","","","","","","","","","","","","","","","","","","","","","","","","","","","","","","","","","","","","","","","","","","","","","","","","",""
"870dc60","","","","","","","","","","","","","","","","","","","","","","","","","","","","","","","","","","","","","","","","","","","","","","","","","","","","",""
"1a8e45b",-127686.27184653282,"unknown",-127679.02324652672,-127672.27722120285,0.0,5.857414245605469,11.838464736938477,18.41868495941162,28.520650148391724,35.782212257385254,39.20854997634888,"unknown","unknown",44.55945158004761,50.68508863449097,53.150251626968384,"unknown","","unknown","unknown","unknown","unknown","","unknown","unknown","unknown","unknown",58.99223208427429,"","unknown",64.85550022125244,68.24221587181091,"unknown","unknown",75.28236508369446,80.75425910949707,82.84868717193604,"unknown","","unknown","unknown","unknown","unknown","","unknown","unknown","unknown","unknown",88.77556991577148,"unknown","unknown",95.47198534011841,""
"0e42357","","","","","","","","","","","","","","","","","","","","","","","","","","","","","","","","","","","","","","","","","","","","","","","","","","","","",""
"5f2a1aa","","","","","","","","","","","","","","","","","","","","","","","","","","","","","","","","","","","","","","","","","","","","","","","","","","","","",""
"87b3434","","","","","","","","","","","","","","","","","","","","","","","","","","","","","","","","","","","","","","","","","","","","","","","","","","","","",""
"bd305b8","","","","","","","","","","","","","","","","","","","","","","","","","","","","","","","","","","","","","","","","","","","","","","","","","","","","",""
"4b70ed3","","","","","","","","","","","","","","","","","","","","","","","","","","","","","","","","","","","","","","","","","","","","","","","","","","","","",""
"8ec15bc",-17.399219036102295,"unknown",-8.41964864730835,-2.4810073375701904,0.0,5.382781028747559,11.184860706329346,18.216045379638672,24.615415334701538,30.55051302909851,34.81141495704651,"unknown","unknown",41.51119780540466,47.231215715408325,51.775248289108276,"unknown","","unknown","unknown","unknown","unknown","","unknown","unknown","unknown","unknown",58.34387922286987,"","unknown",63.60453963279724,69.28803491592407,"unknown","unknown",76.07774758338928,82.75388407707214,100.11614036560059,"unknown","","unknown","unknown","unknown","unknown","","unknown","unknown","unknown","unknown",106.15185713768005,"unknown","unknown",113.02588176727295,""
"6c8906b","","","","","","","","","","","","","","","","","","","","","","","","","","","","","","","","","","","","","","","","","","","","","","","","","","","","",""
"e51496b","","","","","","","","","","","","","","","","","","","","","","","","","","","","","","","","","","","","","","","","","","","","","","","","","","","","",""
"01baaf6","","","","","","","","","","","","","","","","","","","","","","","","","","","","","","","","","","","","","","","","","","","","","","","","","","","","",""
"e8a0b7a","","","","","","","","","","","","","","","","","","","","","","","","","","","","","","","","","","","","","","","","","","","","","","","","","","","","",""
"dae9b13","","","","","","","","","","","","","","","","","","","","","","","","","","","","","","","","","","","","","","","","","","","","","","","","","","","","",""
"6c3f0f6","","","","","","","","","","","","","","","","","","","","","","","","","","","","","","","","","","","","","","","","","","","","","","","","","","","","",""
"4828266","","","","","","","","","","","","","","","","","","","","","","","","","","","","","","","","","","","","","","","","","","","","","","","","","","","","",""
"1f77294","","","","","","","","","","","","","","","","","","","","","","","","","","","","","","","","","","","","","","","","","","","","","","","","","","","","",""
"6f1360e","","","","","","","","","","","","","","","","","","","","","","","","","","","","","","","","","","","","","","","","","","","","","","","","","","","","",""
"1e17723","","","","","","","","","","","","","","","","","","","","","","","","","","","","","","","","","","","","","","","","","","","","","","","","","","","","",""
"614fc3f","","","","","","","","","","","","","","","","","","","","","","","","","","","","","","","","","","","","","","","","","","","","","","","","","","","","",""
"a300755","","","","","","","","","","","","","","","","","","","","","","","","","","","","","","","","","","","","","","","","","","","","","","","","","","","","",""
"802d704","","","","","","","","","","","","","","","","","","","","","","","","","","","","","","","","","","","","","","","","","","","","","","","","","","","","",""
"e892cd4","","","","","","","","","","","","","","","","","","","","","","","","","","","","","","","","","","","","","","","","","","","","","","","","","","","","",""
"b06ee97","","","","","","","","","","","","","","","","","","","","","","","","","","","","","","","","","","","","","","","","","","","","","","","","","","","","",""
"758fff8","","","","","","","","","","","","","","","","","","","","","","","","","","","","","","","","","","","","","","","","","","","","","","","","","","","","",""
"ac42d69","","","","","","","","","","","","","","","","","","","","","","","","","","","","","","","","","","","","","","","","","","","","","","","","","","","","",""
"7bb45d3","","","","","","","","","","","","","","","","","","","","","","","","","","","","","","","","","","","","","","","","","","","","","","","","","","","","",""
"7622483","","","","","","","","","","","","","","","","","","","","","","","","","","","","","","","","","","","","","","","","","","","","","","","","","","","","",""
"1f16f74","","","","","","","","","","","","","","","","","","","","","","","","","","","","","","","","","","","","","","","","","","","","","","","","","","","","",""
"730747e",-520.4039902687073,"unknown",-513.4043815135956,-506.2463400363922,0.0,6.185988187789917,13.672544956207275,20.446569442749023,36.02488112449646,42.75907611846924,44.257463693618774,"unknown","unknown",50.917810916900635,57.55290865898132,59.72677230834961,"unknown","","unknown","unknown","unknown","unknown","","unknown","unknown","unknown","unknown",65.40232181549072,"","unknown",70.59432244300842,73.03236532211304,79.72594475746155,"unknown","unknown",85.32082176208496,86.74605798721313,"unknown","","unknown","unknown","unknown","unknown","","unknown","unknown","unknown","unknown",93.47229504585266,"unknown","unknown",100.47817063331604,""
"07ff49d","","","","","","","","","","","","","","","","","","","","","","","","","","","","","","","","","","","","","","","","","","","","","","","","","","","","",""
"22fdb61","","","","","","","","","","","","","","","","","","","","","","","","","","","","","","","","","","","","","","","","","","","","","","","","","","","","",""
"db046f2","","","","","","","","","","","","","","","","","","","","","","","","","","","","","","","","","","","","","","","","","","","","","","","","","","","","",""
"73c3f48","","","","","","","","","","","","","","","","","","","","","","","","","","","","","","","","","","","","","","","","","","","","","","","","","","","","",""
"3218556","","","","","","","","","","","","","","","","","","","","","","","","","","","","","","","","","","","","","","","","","","","","","","","","","","","","",""
"99ee852","","","","","","","","","","","","","","","","","","","","","","","","","","","","","","","","","","","","","","","","","","","","","","","","","","","","",""
"ad2fc5b","","","","","","","","","","","","","","","","","","","","","","","","","","","","","","","","","","","","","","","","","","","","","","","","","","","","",""
"d318264","","","","","","","","","","","","","","","","","","","","","","","","","","","","","","","","","","","","","","","","","","","","","","","","","","","","",""
"741ef32","","","","","","","","","","","","","","","","","","","","","","","","","","","","","","","","","","","","","","","","","","","","","","","","","","","","",""
"b75259d","","","","","","","","","","","","","","","","","","","","","","","","","","","","","","","","","","","","","","","","","","","","","","","","","","","","",""
"b67425b","","","","","","","","","","","","","","","","","","","","","","","","","","","","","","","","","","","","","","","","","","","","","","","","","","","","",""
"446ad6c",-831.6192815303802,"unknown",-825.2187004089355,-817.9668123722076,0.0,7.1309919357299805,10.53844666481018,16.223634243011475,106.81693887710571,113.39053297042847,116.3314139842987,"unknown","unknown",121.69214534759521,127.86527466773987,170.8217556476593,"unknown","","unknown","unknown","unknown","unknown","","unknown","unknown","unknown","unknown",176.69776463508606,"","unknown",183.72013664245605,200.60538935661316,206.36251282691956,"unknown","unknown",212.79303669929504,220.1078417301178,"unknown","","unknown","unknown","unknown","unknown","","unknown","unknown","unknown","unknown",225.96694111824036,"unknown","unknown",232.21907567977905,""
"70405ea","","","","","","","","","","","","","","","","","","","","","","","","","","","","","","","","","","","","","","","","","","","","","","","","","","","","",""
"1117a63",-1917008.1589272022,"unknown",-1917002.6993751526,-1916996.1966240406,0.0,5.91050910949707,11.126058340072632,18.66940999031067,48.3657808303833,55.103525161743164,58.561455726623535,"unknown","unknown",64.44579792022705,70.0193018913269,79.82524347305298,"unknown","","unknown","unknown","unknown","unknown","","unknown","unknown","unknown","unknown",86.47218441963196,"","unknown",92.71583247184753,101.52445578575134,"unknown","unknown",107.0194320678711,113.97535252571106,116.7975959777832,"unknown","","unknown","unknown","unknown","unknown","","unknown","unknown","unknown","unknown",122.77887153625488,"unknown","unknown",129.61804962158203,-7219.258526802063
"537189f","","","","","","","","","","","","","","","","","","","","","","","","","","","","","","","","","","","","","","","","","","","","","","","","","","","","",""
"17b5a6e","","","","","","","","","","","","","","","","","","","","","","","","","","","","","","","","","","","","","","","","","","","","","","","","","","","","",""
"d3e37eb",-202664.59192728996,"unknown",-202658.47088360786,-202651.55755615234,0.0,6.067008018493652,7.731909275054932,13.15835452079773,24.78334403038025,30.294650316238403,40.70526838302612,"unknown","unknown",46.2134895324707,52.731101989746094,54.519615650177,"unknown","","unknown","unknown","unknown","unknown","","unknown","unknown","unknown","unknown",60.431453704833984,"","unknown",66.69048023223877,69.47196292877197,"unknown","unknown",75.25608777999878,82.07512974739075,83.75444293022156,"unknown","","unknown","unknown","unknown","unknown","","unknown","unknown","unknown","unknown",89.63840651512146,"unknown","unknown",96.14698052406311,""
"2ee7f92","","","","","","","","","","","","","","","","","","","","","","","","","","","","","","","","","","","","","","","","","","","","","","","","","","","","",""
"89d63ed",-37217.63080120087,"unknown",-37211.019565820694,-37204.99681639671,0.0,6.535475015640259,12.644951105117798,18.29707646369934,21.22076988220215,27.704073667526245,33.65266442298889,"unknown","unknown",40.752872705459595,47.821627140045166,49.467095136642456,"unknown","","unknown","unknown","unknown","unknown","","unknown","unknown","unknown","unknown",55.43671679496765,"","unknown",62.205432415008545,67.56316685676575,74.25560975074768,"unknown","unknown",81.39761710166931,85.59592723846436,"unknown","","unknown","unknown","unknown","unknown","","unknown","unknown","unknown","unknown",91.01074504852295,"unknown","unknown",96.46046614646912,""
"c0a644e",-180.53290915489197,"unknown",-174.8893883228302,-169.26709485054016,0.0,7.17314887046814,10.465703010559082,16.333144426345825,29.650269508361816,36.07817220687866,40.770519495010376,"unknown","unknown",47.09085750579834,53.64911913871765,56.41412854194641,"unknown","","unknown","unknown","unknown","unknown","","unknown","unknown","unknown","unknown",62.23027181625366,"","unknown",69.43007016181946,71.46238946914673,"unknown","unknown",77.50691962242126,84.12939977645874,85.49687314033508,"unknown","","unknown","unknown","unknown","unknown","","unknown","unknown","unknown","unknown",91.40923166275024,"unknown","unknown",97.50930833816528,""
"80f558b","","","","","","","","","","","","","","","","","","","","","","","","","","","","","","","","","","","","","","","","","","","","","","","","","","","","",""
"9ad2396","","","","","","","","","","","","","","","","","","","","","","","","","","","","","","","","","","","","","","","","","","","","","","","","","","","","",""
"87e4f18","","","","","","","","","","","","","","","","","","","","","","","","","","","","","","","","","","","","","","","","","","","","","","","","","","","","",""
"0186834","","","","","","","","","","","","","","","","","","","","","","","","","","","","","","","","","","","","","","","","","","","","","","","","","","","","",""
"0355f6d","","","","","","","","","","","","","","","","","","","","","","","","","","","","","","","","","","","","","","","","","","","","","","","","","","","","",""
"fa6a8b8","","","","","","","","","","","","","","","","","","","","","","","","","","","","","","","","","","","","","","","","","","","","","","","","","","","","",""
"44167d5","","","","","","","","","","","","","","","","","","","","","","","","","","","","","","","","","","","","","","","","","","","","","","","","","","","","",""
"145d339",-3502.6906208992004,"unknown",-3496.3229546546936,-3491.1226942539215,0.0,6.655789613723755,8.641072511672974,14.971099615097046,30.01900315284729,36.74535346031189,40.56770086288452,"unknown","unknown",47.63015079498291,53.22492265701294,55.720386028289795,"unknown","","unknown","unknown","unknown","unknown","","unknown","unknown","unknown","unknown",61.17654585838318,"","unknown",67.68152689933777,71.21714043617249,"unknown","unknown",79.93927431106567,85.99604511260986,88.38609504699707,"unknown","","unknown","unknown","unknown","unknown","","unknown","unknown","unknown","unknown",94.99085569381714,"unknown","unknown",101.98573589324951,""
"e96f42c","","","","","","","","","","","","","","","","","","","","","","","","","","","","","","","","","","","","","","","","","","","","","","","","","","","","",""
"f382ec0","","","","","","","","","","","","","","","","","","","","","","","","","","","","","","","","","","","","","","","","","","","","","","","","","","","","",""
"962a7dd",-1818.8787713050842,"unknown",-1812.224702835083,-1806.4674892425537,0.0,7.296957492828369,17.13996171951294,24.172146320343018,49.463412284851074,55.09325075149536,69.50566697120667,"unknown","unknown",75.67859935760498,81.98065853118896,63210.196841716766,"unknown","","unknown","unknown","unknown","unknown","","unknown","unknown","unknown","unknown",63217.10588860512,"","unknown",63223.71531414986,63227.49008131027,"unknown","unknown",63234.73103618622,63240.41938781738,63244.35023021698,"unknown","","unknown","unknown","unknown","unknown","","unknown","unknown","unknown","unknown",63250.31394290924,"unknown","unknown",63256.14665722847,""
"5c97513","","","","","","","","","","","","","","","","","","","","","","","","","","","","","","","","","","","","","","","","","","","","","","","","","","","","",""
"acc6118",-236019.282995224,"unknown",-236013.47640299797,-236008.14645290375,0.0,6.749117136001587,9.718767881393433,15.464451551437378,35.47532868385315,41.923959493637085,45.23592495918274,"unknown","unknown",50.74148440361023,57.130789279937744,60.09210419654846,"unknown","","unknown","unknown","unknown","unknown","","unknown","unknown","unknown","unknown",65.52950310707092,"","unknown",72.12501335144043,75.54428029060364,"unknown","unknown",82.42557787895203,87.7038004398346,90.15147471427917,"unknown","","unknown","unknown","unknown","unknown","","unknown","unknown","unknown","unknown",95.99044442176819,"unknown","unknown",101.76889634132385,""
"d33371d","","","","","","","","","","","","","","","","","","","","","","","","","","","","","","","","","","","","","","","","","","","","","","","","","","","","",""
"78603ec","","","","","","","","","","","","","","","","","","","","","","","","","","","","","","","","","","","","","","","","","","","","","","","","","","","","",""
"5d45bd1","","","","","","","","","","","","","","","","","","","","","","","","","","","","","","","","","","","","","","","","","","","","","","","","","","","","",""
"cfcbc2d","","","","","","","","","","","","","","","","","","","","","","","","","","","","","","","","","","","","","","","","","","","","","","","","","","","","",""
"98ecb86","","","","","","","","","","","","","","","","","","","","","","","","","","","","","","","","","","","","","","","","","","","","","","","","","","","","",""
"7636563",-223.0483362674713,"unknown",-216.68919038772583,-210.81266403198242,0.0,6.070416450500488,7.991673469543457,14.635469913482666,29.358349800109863,35.39605927467346,41.48916506767273,"unknown","unknown",48.79692268371582,54.308353900909424,55.980268716812134,"unknown","","unknown","unknown","unknown","unknown","","unknown","unknown","unknown","unknown",62.45995092391968,"","unknown",68.75553154945374,70.78860020637512,"unknown","unknown",76.52025246620178,82.56880807876587,84.36915731430054,"unknown","","unknown","unknown","unknown","unknown","","unknown","unknown","unknown","unknown",89.68834519386292,"unknown","unknown",95.54163813591003,""
"5d2b358","","","","","","","","","","","","","","","","","","","","","","","","","","","","","","","","","","","","","","","","","","","","","","","","","","","","",""
"5d9ae0c","","","","","","","","","","","","","","","","","","","","","","","","","","","","","","","","","","","","","","","","","","","","","","","","","","","","",""
"73d4e20","","","","","","","","","","","","","","","","","","","","","","","","","","","","","","","","","","","","","","","","","","","","","","","","","","","","",""
"be94a32","","","","","","","","","","","","","","","","","","","","","","","","","","","","","","","","","","","","","","","","","","","","","","","","","","","","",""
"9f972fb","","","","","","","","","","","","","","","","","","","","","","","","","","","","","","","","","","","","","","","","","","","","","","","","","","","","",""
"6e93efd",-1919.7454195022583,"unknown",-1914.0593798160553,-1907.46217751503,0.0,6.4735517501831055,21.27726101875305,27.654197216033936,39.90117001533508,46.36888360977173,58.49696731567383,"unknown","unknown",64.00433659553528,70.022221326828,80.7937593460083,"unknown","","unknown","unknown","unknown","unknown","","unknown","unknown","unknown","unknown",86.84330868721008,"","unknown",92.663245677948,247.43696117401123,254.61092400550842,"unknown","unknown",261.19891452789307,272.6623435020447,"unknown","","unknown","unknown","unknown","unknown","","unknown","unknown","unknown","unknown",278.86007380485535,"unknown","unknown",285.5482437610626,""
"5a4afae","","","","","","","","","","","","","","","","","","","","","","","","","","","","","","","","","","","","","","","","","","","","","","","","","","","","",""
"c34e373","","","","","","","","","","","","","","","","","","","","","","","","","","","","","","","","","","","","","","","","","","","","","","","","","","","","",""
"60a02cd","","","","","","","","","","","","","","","","","","","","","","","","","","","","","","","","","","","","","","","","","","","","","","","","","","","","",""
"6bac72b",-19877.37728023529,"unknown",-19871.704832315445,-19865.60565638542,0.0,6.135918617248535,10.231482028961182,16.90516972541809,31.469179153442383,37.75938606262207,39.94519019126892,"unknown","unknown",46.766324281692505,53.96645212173462,57.29463267326355,"unknown","","unknown","unknown","unknown","unknown","","unknown","unknown","unknown","unknown",63.87964677810669,"","unknown",70.83490371704102,78.58359837532043,"unknown","unknown",84.42669653892517,90.43055844306946,94.72419929504395,"unknown","","unknown","unknown","unknown","unknown","","unknown","unknown","unknown","unknown",100.43493294715881,"unknown","unknown",107.62780213356018,""
"c9285e4","","","","","","","","","","","","","","","","","","","","","","","","","","","","","","","","","","","","","","","","","","","","","","","","","","","","",""
"bd4b2f4",-5483.079974889755,"unknown",-5476.464070796967,-5470.610120534897,0.0,6.7209107875823975,23.889822721481323,30.18816637992859,31.795262575149536,37.893657207489014,58.02346968650818,"unknown","unknown",63.62214374542236,69.83673882484436,72.28972744941711,"unknown","","unknown","unknown","unknown","unknown","","unknown","unknown","unknown","unknown",79.04490423202515,"","unknown",84.4046745300293,89.01169991493225,"unknown","unknown",95.87298774719238,102.46681141853333,104.56586217880249,"unknown","","unknown","unknown","unknown","unknown","","unknown","unknown","unknown","unknown",111.68649196624756,"unknown","unknown",118.80673718452454,""
"bd650e8","","","","","","","","","","","","","","","","","","","","","","","","","","","","","","","","","","","","","","","","","","","","","","","","","","","","",""
"b81bc6e","","","","","","","","","","","","","","","","","","","","","","","","","","","","","","","","","","","","","","","","","","","","","","","","","","","","",""
"32b1d7b","","","","","","","","","","","","","","","","","","","","","","","","","","","","","","","","","","","","","","","","","","","","","","","","","","","","",""
"0ff20c2","","","","","","","","","","","","","","","","","","","","","","","","","","","","","","","","","","","","","","","","","","","","","","","","","","","","",""
"19b0291","","","","","","","","","","","","","","","","","","","","","","","","","","","","","","","","","","","","","","","","","","","","","","","","","","","","",""
"b0e3caa","","","","","","","","","","","","","","","","","","","","","","","","","","","","","","","","","","","","","","","","","","","","","","","","","","","","",""
"297d8e5","","","","","","","","","","","","","","","","","","","","","","","","","","","","","","","","","","","","","","","","","","","","","","","","","","","","",""
"45f7f6c","","","","","","","","","","","","","","","","","","","","","","","","","","","","","","","","","","","","","","","","","","","","","","","","","","","","",""
"1df700a","","","","","","","","","","","","","","","","","","","","","","","","","","","","","","","","","","","","","","","","","","","","","","","","","","","","",""
"d3a396c","","","","","","","","","","","","","","","","","","","","","","","","","","","","","","","","","","","","","","","","","","","","","","","","","","","","",""
"79b129c","","","","","","","","","","","","","","","","","","","","","","","","","","","","","","","","","","","","","","","","","","","","","","","","","","","","",""
"dd6da1c","","","","","","","","","","","","","","","","","","","","","","","","","","","","","","","","","","","","","","","","","","","","","","","","","","","","",""
"d85b5c4","","","","","","","","","","","","","","","","","","","","","","","","","","","","","","","","","","","","","","","","","","","","","","","","","","","","",""
"43b56f8","","","","","","","","","","","","","","","","","","","","","","","","","","","","","","","","","","","","","","","","","","","","","","","","","","","","",""
"3ecbabb","","","","","","","","","","","","","","","","","","","","","","","","","","","","","","","","","","","","","","","","","","","","","","","","","","","","",""
"c9c92b5","","","","","","","","","","","","","","","","","","","","","","","","","","","","","","","","","","","","","","","","","","","","","","","","","","","","",""
"f9b9236",-24175.092187404633,"unknown",-24168.635699033737,-24162.687481880188,0.0,5.822366952896118,9.324489116668701,15.49755072593689,44.74553632736206,51.52018165588379,55.74477410316467,"unknown","unknown",61.16355752944946,68.86014294624329,74.74988412857056,"unknown","","unknown","unknown","unknown","unknown","","unknown","unknown","unknown","unknown",80.36865282058716,"","unknown",87.07279849052429,90.29491114616394,"unknown","unknown",95.82621455192566,102.8561577796936,105.26190495491028,"unknown","","unknown","unknown","unknown","unknown","","unknown","unknown","unknown","unknown",111.80999565124512,"unknown","unknown",117.14692974090576,""
"4a0236d","","","","","","","","","","","","","","","","","","","","","","","","","","","","","","","","","","","","","","","","","","","","","","","","","","","","",""
"b7a265d","","","","","","","","","","","","","","","","","","","","","","","","","","","","","","","","","","","","","","","","","","","","","","","","","","","","",""
"912afde","","","","","","","","","","","","","","","","","","","","","","","","","","","","","","","","","","","","","","","","","","","","","","","","","","","","",""
"c97639e","","","","","","","","","","","","","","","","","","","","","","","","","","","","","","","","","","","","","","","","","","","","","","","","","","","","",""
"af72486","","","","","","","","","","","","","","","","","","","","","","","","","","","","","","","","","","","","","","","","","","","","","","","","","","","","",""
"e2517d9","","","","","","","","","","","","","","","","","","","","","","","","","","","","","","","","","","","","","","","","","","","","","","","","","","","","",""
"fc4adfc","","","","","","","","","","","","","","","","","","","","","","","","","","","","","","","","","","","","","","","","","","","","","","","","","","","","",""
"1e88a68","","","","","","","","","","","","","","","","","","","","","","","","","","","","","","","","","","","","","","","","","","","","","","","","","","","","",""
"9d97673","","","","","","","","","","","","","","","","","","","","","","","","","","","","","","","","","","","","","","","","","","","","","","","","","","","","",""
"7baeff7","","","","","","","","","","","","","","","","","","","","","","","","","","","","","","","","","","","","","","","","","","","","","","","","","","","","",""
"aa07d95",-29202.538951158524,"unknown",-29195.339981794357,-29189.505811452866,0.0,6.592803955078125,12.579455614089966,19.534704446792603,23.814953327178955,30.995861768722534,35.50843048095703,"unknown","unknown",40.93589544296265,46.76178336143494,49.689451694488525,"unknown","","unknown","unknown","unknown","unknown","","unknown","unknown","unknown","unknown",55.492340087890625,"","unknown",60.81955623626709,65.66986751556396,"unknown","unknown",72.26233434677124,79.18929743766785,93.6133804321289,"unknown","","unknown","unknown","unknown","unknown","","unknown","unknown","unknown","unknown",100.88788032531738,"unknown","unknown",107.41668486595154,""
"d27b032","","","","","","","","","","","","","","","","","","","","","","","","","","","","","","","","","","","","","","","","","","","","","","","","","","","","",""
"ffa62f5","","","","","","","","","","","","","","","","","","","","","","","","","","","","","","","","","","","","","","","","","","","","","","","","","","","","",""
"38c4951","","","","","","","","","","","","","","","","","","","","","","","","","","","","","","","","","","","","","","","","","","","","","","","","","","","","",""
"85ba0bb","","","","","","","","","","","","","","","","","","","","","","","","","","","","","","","","","","","","","","","","","","","","","","","","","","","","",""
"13dba9e","","","","","","","","","","","","","","","","","","","","","","","","","","","","","","","","","","","","","","","","","","","","","","","","","","","","",""
"e6d310e","","","","","","","","","","","","","","","","","","","","","","","","","","","","","","","","","","","","","","","","","","","","","","","","","","","","",""
"8c74aa5",-10997.443007946014,"unknown",-10990.74797654152,-10984.428287506104,0.0,6.1334733963012695,8.763710498809814,14.785834312438965,30.431260585784912,37.64483690261841,39.996734380722046,"unknown","unknown",45.424675941467285,51.02910137176514,52.54367160797119,"unknown","","unknown","unknown","unknown","unknown","","unknown","unknown","unknown","unknown",58.43274188041687,"","unknown",64.03543758392334,69.80298781394958,"unknown","unknown",76.55598092079163,83.83920216560364,87.29350137710571,"unknown","","unknown","unknown","unknown","unknown","","unknown","unknown","unknown","unknown",93.23128271102905,"unknown","unknown",99.56271553039551,""
"679fa36","","","","","","","","","","","","","","","","","","","","","","","","","","","","","","","","","","","","","","","","","","","","","","","","","","","","",""
"b1d77f9","","","","","","","","","","","","","","","","","","","","","","","","","","","","","","","","","","","","","","","","","","","","","","","","","","","","",""
"b164bf7","","","","","","","","","","","","","","","","","","","","","","","","","","","","","","","","","","","","","","","","","","","","","","","","","","","","",""
"7e62763","","","","","","","","","","","","","","","","","","","","","","","","","","","","","","","","","","","","","","","","","","","","","","","","","","","","",""
"c7a7d85","","","","","","","","","","","","","","","","","","","","","","","","","","","","","","","","","","","","","","","","","","","","","","","","","","","","",""
"3b7f267","","","","","","","","","","","","","","","","","","","","","","","","","","","","","","","","","","","","","","","","","","","","","","","","","","","","",""
"fa1efad","","","","","","","","","","","","","","","","","","","","","","","","","","","","","","","","","","","","","","","","","","","","","","","","","","","","",""
"4a9b689","","","","","","","","","","","","","","","","","","","","","","","","","","","","","","","","","","","","","","","","","","","","","","","","","","","","",""
"49bd7ab","","","","","","","","","","","","","","","","","","","","","","","","","","","","","","","","","","","","","","","","","","","","","","","","","","","","",""
"ae58bf1",-133851.1399166584,"unknown",-133844.86104846,-133839.45241332054,0.0,7.242893218994141,10.400262832641602,16.5738365650177,35.32265257835388,41.497450828552246,44.84868764877319,"unknown","unknown",51.99937558174133,58.43402338027954,64.80968403816223,"unknown","","unknown","unknown","unknown","unknown","","unknown","unknown","unknown","unknown",71.45519304275513,"","unknown",76.85749840736389,79.28994679450989,"unknown","unknown",84.86193919181824,91.88796925544739,99.32445073127747,"unknown","","unknown","unknown","unknown","unknown","","unknown","unknown","unknown","unknown",106.21676182746887,"unknown","unknown",112.2190613746643,""
"492238f","","","","","","","","","","","","","","","","","","","","","","","","","","","","","","","","","","","","","","","","","","","","","","","","","","","","",""
"65acecd","","","","","","","","","","","","","","","","","","","","","","","","","","","","","","","","","","","","","","","","","","","","","","","","","","","","",""
"43c977d",-226773.27846550941,"unknown",-226766.50774621964,-226760.6574127674,0.0,5.755730152130127,13.190592765808105,18.502687692642212,778.0680065155029,784.6302506923676,800.0253827571869,"unknown",806.1097502708435,"unknown",811.688624382019,815.3993651866913,"unknown","","unknown","unknown","unknown","unknown","","unknown","unknown","unknown","unknown",822.2415821552277,"","unknown",828.2994787693024,836.8516631126404,"unknown","unknown",842.3277974128723,848.8261339664459,851.4624185562134,"unknown","","unknown","unknown","unknown","unknown","","unknown","unknown","unknown","unknown",857.4692437648773,"unknown","unknown",864.1688425540924,""
"4eff6be","","","","","","","","","","","","","","","","","","","","","","","","","","","","","","","","","","","","","","","","","","","","","","","","","","","","",""
"e1b193b",-13710.768392324448,"unknown",-13703.826018095016,-13697.292870521545,0.0,5.444730043411255,7.478047132492065,13.260985612869263,15.057206869125366,22.192972898483276,3923.96266412735,"unknown","unknown",3930.4685213565826,3937.586893796921,3939.1402835845947,"unknown","","unknown","unknown","unknown","unknown","","unknown","unknown","unknown","unknown",3944.823949575424,"","unknown",3950.42022895813,3957.51331782341,"unknown","unknown",3963.794943332672,3970.5050320625305,3971.990044593811,"unknown","","unknown","unknown","unknown","unknown","","unknown","unknown","unknown","unknown",3977.8811206817627,"unknown","unknown",3983.758855342865,""
"1415cd3","","","","","","","","","","","","","","","","","","","","","","","","","","","","","","","","","","","","","","","","","","","","","","","","","","","","",""
"2953e33","","","","","","","","","","","","","","","","","","","","","","","","","","","","","","","","","","","","","","","","","","","","","","","","","","","","",""
"a540012","","","","","","","","","","","","","","","","","","","","","","","","","","","","","","","","","","","","","","","","","","","","","","","","","","","","",""
"dd88e0f","","","","","","","","","","","","","","","","","","","","","","","","","","","","","","","","","","","","","","","","","","","","","","","","","","","","",""
"58cb4bb","","","","","","","","","","","","","","","","","","","","","","","","","","","","","","","","","","","","","","","","","","","","","","","","","","","","",""
"d135983","","","","","","","","","","","","","","","","","","","","","","","","","","","","","","","","","","","","","","","","","","","","","","","","","","","","",""
"1b88f70","","","","","","","","","","","","","","","","","","","","","","","","","","","","","","","","","","","","","","","","","","","","","","","","","","","","",""
"814517e","","","","","","","","","","","","","","","","","","","","","","","","","","","","","","","","","","","","","","","","","","","","","","","","","","","","",""
"53deb5c","","","","","","","","","","","","","","","","","","","","","","","","","","","","","","","","","","","","","","","","","","","","","","","","","","","","",""
"e4cf342","","","","","","","","","","","","","","","","","","","","","","","","","","","","","","","","","","","","","","","","","","","","","","","","","","","","",""
"c1a9909","","","","","","","","","","","","","","","","","","","","","","","","","","","","","","","","","","","","","","","","","","","","","","","","","","","","",""
"844ab34","","","","","","","","","","","","","","","","","","","","","","","","","","","","","","","","","","","","","","","","","","","","","","","","","","","","",""
"5f84339","","","","","","","","","","","","","","","","","","","","","","","","","","","","","","","","","","","","","","","","","","","","","","","","","","","","",""
"32980f8","","","","","","","","","","","","","","","","","","","","","","","","","","","","","","","","","","","","","","","","","","","","","","","","","","","","",""
"fc2538d",-2503.9603526592255,"unknown",-2496.712168455124,-2490.338137149811,0.0,7.030097484588623,30.12005877494812,36.592952489852905,43.33808898925781,50.12163257598877,53.31712031364441,"unknown","unknown",60.28275513648987,66.22809433937073,704.345466375351,"unknown","","unknown","unknown","unknown","unknown","","unknown","unknown","unknown","unknown",711.3617117404938,"","unknown",718.3695225715637,1029.0806624889374,"unknown",1035.9608235359192,"unknown",1042.090266942978,4485.7152144908905,"unknown","","unknown","unknown","unknown","unknown","","unknown","unknown","unknown","unknown",4492.614570379257,"unknown","unknown",4498.973016262054,""
"4c228f6",-7402.75391125679,"unknown",-7397.153790473938,-7390.879984617233,0.0,6.142734050750732,33.86882662773132,41.17815637588501,44.63488292694092,51.85367035865784,65.81520676612854,"unknown",72.11213088035583,"unknown",77.8949327468872,79.60128951072693,"unknown","","unknown","unknown","unknown","unknown","","unknown","unknown","unknown","unknown",86.59782552719116,"","unknown",93.5472903251648,100.83764052391052,106.23013544082642,"unknown","unknown",113.12350869178772,337.6712794303894,"unknown","","unknown","unknown","unknown","unknown","","unknown","unknown","unknown","unknown",343.6531686782837,"unknown","unknown",350.6103973388672,""
"747ce5f","","","","","","","","","","","","","","","","","","","","","","","","","","","","","","","","","","","","","","","","","","","","","","","","","","","","",""
"6ab42f2","","","","","","","","","","","","","","","","","","","","","","","","","","","","","","","","","","","","","","","","","","","","","","","","","","","","",""
"41f2447",-435122.34397768974,"unknown",-435114.9996907711,-435109.469224453,0.0,7.180674076080322,10.495634078979492,17.535935640335083,31.204625129699707,37.61825728416443,40.75105547904968,"unknown","unknown",47.65455412864685,53.03321385383606,55.133710622787476,"unknown","","unknown","unknown","unknown","unknown","","unknown","unknown","unknown","unknown",62.0704391002655,"","unknown",68.18952083587646,74.04904389381409,"unknown","unknown",81.12363648414612,88.11269617080688,35858.605278491974,"unknown","","unknown","unknown","unknown","unknown","","unknown","unknown","unknown","unknown",35864.10656762123,"unknown","unknown",35869.52619791031,""
"5bf619a","","","","","","","","","","","","","","","","","","","","","","","","","","","","","","","","","","","","","","","","","","","","","","","","","","","","",""
"a123713","","","","","","","","","","","","","","","","","","","","","","","","","","","","","","","","","","","","","","","","","","","","","","","","","","","","",""
"41011fc","","","","","","","","","","","","","","","","","","","","","","","","","","","","","","","","","","","","","","","","","","","","","","","","","","","","",""
"4997357","","","","","","","","","","","","","","","","","","","","","","","","","","","","","","","","","","","","","","","","","","","","","","","","","","","","",""
"5455b1d","","","","","","","","","","","","","","","","","","","","","","","","","","","","","","","","","","","","","","","","","","","","","","","","","","","","",""
"f52861b","","","","","","","","","","","","","","","","","","","","","","","","","","","","","","","","","","","","","","","","","","","","","","","","","","","","",""
"d8ecf99","","","","","","","","","","","","","","","","","","","","","","","","","","","","","","","","","","","","","","","","","","","","","","","","","","","","",""
"466a0ab","","","","","","","","","","","","","","","","","","","","","","","","","","","","","","","","","","","","","","","","","","","","","","","","","","","","",""
"399b994","","","","","","","","","","","","","","","","","","","","","","","","","","","","","","","","","","","","","","","","","","","","","","","","","","","","",""
"6568ea1",-8980.560347795486,"unknown",-8973.650976896286,-8967.046603441238,0.0,8.188459873199463,12.056371688842773,17.443980932235718,49.12963533401489,57.45932221412659,59.213215589523315,"unknown","unknown",64.64114427566528,70.62825512886047,71.94063448905945,"unknown","","unknown","unknown","unknown","unknown","","unknown","unknown","unknown","unknown",78.54368615150452,"","unknown",84.11863160133362,85.53213930130005,"unknown","unknown",91.52599453926086,98.01820683479309,99.43302655220032,"unknown","","unknown","unknown","unknown","unknown","","unknown","unknown","unknown","unknown",106.68494153022766,"unknown","unknown",113.41675424575806,""
"a839247","","","","","","","","","","","","","","","","","","","","","","","","","","","","","","","","","","","","","","","","","","","","","","","","","","","","",""
"5d6ad7f","","","","","","","","","","","","","","","","","","","","","","","","","","","","","","","","","","","","","","","","","","","","","","","","","","","","",""
"9f79cf4","","","","","","","","","","","","","","","","","","","","","","","","","","","","","","","","","","","","","","","","","","","","","","","","","","","","",""
"528d0fe","","","","","","","","","","","","","","","","","","","","","","","","","","","","","","","","","","","","","","","","","","","","","","","","","","","","",""
"900150c",-425852.4499490261,"unknown",-425846.8526895046,-425840.8614835739,0.0,6.147756338119507,8.704323291778564,14.152273416519165,16.553258895874023,23.389421224594116,67.41116404533386,"unknown",73.19760179519653,"unknown",78.90181136131287,80.61443090438843,"unknown","","unknown","unknown","unknown","unknown","","unknown","unknown","unknown","unknown",85.90712308883667,"","unknown",93.02710771560669,98.35086846351624,104.85643076896667,"unknown","unknown",110.5875780582428,113.52623081207275,"unknown","","unknown","unknown","unknown","unknown","","unknown","unknown","unknown","unknown",119.30361318588257,"unknown","unknown",125.11212587356567,""
"f91cb3f","","","","","","","","","","","","","","","","","","","","","","","","","","","","","","","","","","","","","","","","","","","","","","","","","","","","",""
"924de30","","","","","","","","","","","","","","","","","","","","","","","","","","","","","","","","","","","","","","","","","","","","","","","","","","","","",""
"959908d","","","","","","","","","","","","","","","","","","","","","","","","","","","","","","","","","","","","","","","","","","","","","","","","","","","","",""
"d925650","","","","","","","","","","","","","","","","","","","","","","","","","","","","","","","","","","","","","","","","","","","","","","","","","","","","",""
"37798a6","","","","","","","","","","","","","","","","","","","","","","","","","","","","","","","","","","","","","","","","","","","","","","","","","","","","",""
"ff10184","","","","","","","","","","","","","","","","","","","","","","","","","","","","","","","","","","","","","","","","","","","","","","","","","","","","",""
"cde7968","","","","","","","","","","","","","","","","","","","","","","","","","","","","","","","","","","","","","","","","","","","","","","","","","","","","",""
"a1efa63","","","","","","","","","","","","","","","","","","","","","","","","","","","","","","","","","","","","","","","","","","","","","","","","","","","","",""
"52d61f6",-33805.97017168999,"unknown",-33800.08102083206,-33793.88711333275,0.0,7.3912107944488525,9.894212245941162,15.576637268066406,29.619537115097046,36.87182879447937,40.45897698402405,"unknown","unknown",46.85502910614014,53.20563530921936,63.300437688827515,"unknown","","unknown","unknown","unknown","unknown","","unknown","unknown","unknown","unknown",69.09157919883728,"","unknown",74.98470640182495,79.54276609420776,"unknown","unknown",86.50089883804321,92.40646505355835,95.2098822593689,"unknown","","unknown","unknown","unknown","unknown","","unknown","unknown","unknown","unknown",100.82736158370972,"unknown","unknown",107.03700852394104,""
"34d8485",-23924.42655968666,"unknown",-23918.815761327744,-23912.49091029167,0.0,6.407028913497925,35.41720938682556,42.47480034828186,85.03884291648865,90.71612858772278,142.0033519268036,"unknown",149.22691178321838,"unknown",154.64420986175537,168.62430882453918,"unknown","","unknown","unknown","unknown","unknown","","unknown","unknown","unknown","unknown",174.83123421669006,"","unknown",180.4692211151123,231.23101472854614,"unknown",237.39200687408447,"unknown",243.20857691764832,251.1451599597931,257.476998090744,269.96735978126526,"unknown","unknown",277.1682004928589,282.8803346157074,285.43993163108826,"unknown","unknown","unknown","unknown","unknown",292.0043611526489,"unknown",297.7459740638733,""
"693ef79",-2135.1567389965057,"unknown",-2127.9327044487,-2122.594063282013,0.0,5.882062196731567,10.006433486938477,15.297441005706787,1415.3815536499023,1421.680496454239,1425.2527310848236,"unknown",1431.9138460159302,"unknown",1438.6327073574066,1440.9559001922607,"unknown","","unknown","unknown","unknown","unknown","","unknown","unknown","unknown","unknown",1446.780443429947,"","unknown",1453.7247941493988,1491.494942188263,"unknown","unknown",1497.8210153579712,1503.7273437976837,1505.4020516872406,"unknown","","unknown","unknown","unknown","unknown","","unknown","unknown","unknown","unknown",1512.528442144394,"unknown","unknown",1518.2740273475647,""
"0d5233e","","","","","","","","","","","","","","","","","","","","","","","","","","","","","","","","","","","","","","","","","","","","","","","","","","","","",""
"ce1d155","","","","","","","","","","","","","","","","","","","","","","","","","","","","","","","","","","","","","","","","","","","","","","","","","","","","",""
"fafded6","","","","","","","","","","","","","","","","","","","","","","","","","","","","","","","","","","","","","","","","","","","","","","","","","","","","",""
"f0a4194","","","","","","","","","","","","","","","","","","","","","","","","","","","","","","","","","","","","","","","","","","","","","","","","","","","","",""
"11e5d50","","","","","","","","","","","","","","","","","","","","","","","","","","","","","","","","","","","","","","","","","","","","","","","","","","","","",""
"047f2ca","","","","","","","","","","","","","","","","","","","","","","","","","","","","","","","","","","","","","","","","","","","","","","","","","","","","",""
"e353d18","","","","","","","","","","","","","","","","","","","","","","","","","","","","","","","","","","","","","","","","","","","","","","","","","","","","",""
"02b634c","","","","","","","","","","","","","","","","","","","","","","","","","","","","","","","","","","","","","","","","","","","","","","","","","","","","",""
"0f91d63","","","","","","","","","","","","","","","","","","","","","","","","","","","","","","","","","","","","","","","","","","","","","","","","","","","","",""
"7fb35e6","","","","","","","","","","","","","","","","","","","","","","","","","","","","","","","","","","","","","","","","","","","","","","","","","","","","",""
"87e086c","","","","","","","","","","","","","","","","","","","","","","","","","","","","","","","","","","","","","","","","","","","","","","","","","","","","",""
"890df05","","","","","","","","","","","","","","","","","","","","","","","","","","","","","","","","","","","","","","","","","","","","","","","","","","","","",""
"ece9ce7","","","","","","","","","","","","","","","","","","","","","","","","","","","","","","","","","","","","","","","","","","","","","","","","","","","","",""
"a975113","","","","","","","","","","","","","","","","","","","","","","","","","","","","","","","","","","","","","","","","","","","","","","","","","","","","",""
"59c79dc","","","","","","","","","","","","","","","","","","","","","","","","","","","","","","","","","","","","","","","","","","","","","","","","","","","","",""
"dee5269",-15871.206790208817,"unknown",-15864.1990172863,-15858.078758478165,0.0,6.554142236709595,9.411157131195068,15.811256408691406,34.20190191268921,40.66345286369324,65.08438062667847,70.63764834403992,"unknown","unknown",77.74582648277283,80.74122047424316,"unknown","","unknown","unknown","unknown","unknown","","unknown","unknown","unknown","unknown",86.85182428359985,"","unknown",93.759681224823,98.85925650596619,"unknown","unknown",104.44322943687439,111.28037786483765,112.9282579421997,"unknown","","unknown","unknown","unknown","unknown","","unknown","unknown","unknown","unknown",119.74461150169373,"unknown","unknown",126.47349619865417,""
"844fef2",-6754071.458153725,"unknown",-6754064.491399288,-6754059.74845314,0.0,6.498637676239014,9.86080002784729,15.094697952270508,29.77002453804016,35.14936423301697,41.54648280143738,"unknown","unknown",47.28345775604248,53.27896761894226,55.825013875961304,"unknown","","unknown","unknown","unknown","unknown","","unknown","unknown","unknown","unknown",61.177610635757446,"","unknown",68.40057325363159,77.2769525051117,"unknown","unknown",83.26010632514954,88.45494604110718,90.49983406066895,"unknown","","unknown","unknown","unknown","unknown","","unknown","unknown","unknown","unknown",96.29300498962402,"unknown","unknown",102.22033262252808,-24058.861293315887
"ef7d623","","","","","","","","","","","","","","","","","","","","","","","","","","","","","","","","","","","","","","","","","","","","","","","","","","","","",""
"a54cf83","","","","","","","","","","","","","","","","","","","","","","","","","","","","","","","","","","","","","","","","","","","","","","","","","","","","",""
"e98cdcd",-1577.962818622589,"unknown",-1571.1643962860107,-1564.2429280281067,0.0,7.441909313201904,12.355014562606812,18.982508420944214,56.40441012382507,62.289074420928955,41959.98181462288,41966.505897045135,"unknown","unknown",41972.61644768715,41974.559031009674,"unknown","","unknown","unknown","unknown","unknown","","unknown","unknown","unknown","unknown",41979.828248262405,"","unknown",41986.08396291733,41993.04522895813,"unknown",42000.02345585823,"unknown",42006.04271578789,42016.04579257965,"unknown","","unknown","unknown","unknown","unknown","","unknown","unknown","unknown","unknown",42023.466178655624,"unknown","unknown",42029.987942934036,""
"a3ff1ab","","","","","","","","","","","","","","","","","","","","","","","","","","","","","","","","","","","","","","","","","","","","","","","","","","","","",""
"33bcee6","","","","","","","","","","","","","","","","","","","","","","","","","","","","","","","","","","","","","","","","","","","","","","","","","","","","",""
"c494a29","","","","","","","","","","","","","","","","","","","","","","","","","","","","","","","","","","","","","","","","","","","","","","","","","","","","",""
"aa68b7a","","","","","","","","","","","","","","","","","","","","","","","","","","","","","","","","","","","","","","","","","","","","","","","","","","","","",""
"92db041","","","","","","","","","","","","","","","","","","","","","","","","","","","","","","","","","","","","","","","","","","","","","","","","","","","","",""
"b921637","","","","","","","","","","","","","","","","","","","","","","","","","","","","","","","","","","","","","","","","","","","","","","","","","","","","",""
"0fa3c49","","","","","","","","","","","","","","","","","","","","","","","","","","","","","","","","","","","","","","","","","","","","","","","","","","","","",""
"e581545","","","","","","","","","","","","","","","","","","","","","","","","","","","","","","","","","","","","","","","","","","","","","","","","","","","","",""
"cb28371","","","","","","","","","","","","","","","","","","","","","","","","","","","","","","","","","","","","","","","","","","","","","","","","","","","","",""
"a664235","","","","","","","","","","","","","","","","","","","","","","","","","","","","","","","","","","","","","","","","","","","","","","","","","","","","",""
"81f41fd","","","","","","","","","","","","","","","","","","","","","","","","","","","","","","","","","","","","","","","","","","","","","","","","","","","","",""
"f38953f","","","","","","","","","","","","","","","","","","","","","","","","","","","","","","","","","","","","","","","","","","","","","","","","","","","","",""
"6801018","","","","","","","","","","","","","","","","","","","","","","","","","","","","","","","","","","","","","","","","","","","","","","","","","","","","",""
"61d9d14","","","","","","","","","","","","","","","","","","","","","","","","","","","","","","","","","","","","","","","","","","","","","","","","","","","","",""
"ac3a94c","","","","","","","","","","","","","","","","","","","","","","","","","","","","","","","","","","","","","","","","","","","","","","","","","","","","",""
"eccfff0","","","","","","","","","","","","","","","","","","","","","","","","","","","","","","","","","","","","","","","","","","","","","","","","","","","","",""
"49f21e0","","","","","","","","","","","","","","","","","","","","","","","","","","","","","","","","","","","","","","","","","","","","","","","","","","","","",""
"02ed09a","","","","","","","","","","","","","","","","","","","","","","","","","","","","","","","","","","","","","","","","","","","","","","","","","","","","",""
"0514a07","","","","","","","","","","","","","","","","","","","","","","","","","","","","","","","","","","","","","","","","","","","","","","","","","","","","",""
"37b9a9f",-32484.50768637657,"unknown",-32477.399785995483,-32470.87836575508,0.0,5.794981241226196,7.8467793464660645,13.597514867782593,32.192177057266235,39.16292333602905,73.12102675437927,"unknown",78.96550703048706,"unknown",85.5649745464325,240.57132768630981,"unknown","","unknown","unknown","unknown","unknown","","unknown","unknown","unknown","unknown",248.0196144580841,"","unknown",254.25012946128845,300.21677470207214,"unknown","unknown",305.85522389411926,312.39876532554626,314.1791925430298,"unknown","","unknown","unknown","unknown","unknown","","unknown","unknown","unknown","unknown",320.6078305244446,"unknown","unknown",326.21676778793335,""
"3c0c7c1","","","","","","","","","","","","","","","","","","","","","","","","","","","","","","","","","","","","","","","","","","","","","","","","","","","","",""
"89f6d9e","","","","","","","","","","","","","","","","","","","","","","","","","","","","","","","","","","","","","","","","","","","","","","","","","","","","",""
"4569a12","","","","","","","","","","","","","","","","","","","","","","","","","","","","","","","","","","","","","","","","","","","","","","","","","","","","",""
"39dc9b8","","","","","","","","","","","","","","","","","","","","","","","","","","","","","","","","","","","","","","","","","","","","","","","","","","","","",""
"56bae3a","","","","","","","","","","","","","","","","","","","","","","","","","","","","","","","","","","","","","","","","","","","","","","","","","","","","",""
"28ec805","","","","","","","","","","","","","","","","","","","","","","","","","","","","","","","","","","","","","","","","","","","","","","","","","","","","",""
"4c8a5bc","","","","","","","","","","","","","","","","","","","","","","","","","","","","","","","","","","","","","","","","","","","","","","","","","","","","",""
"48179d1","","","","","","","","","","","","","","","","","","","","","","","","","","","","","","","","","","","","","","","","","","","","","","","","","","","","",""
"d876b22","","","","","","","","","","","","","","","","","","","","","","","","","","","","","","","","","","","","","","","","","","","","","","","","","","","","",""
"e845b6b","","","","","","","","","","","","","","","","","","","","","","","","","","","","","","","","","","","","","","","","","","","","","","","","","","","","",""
"619e952",-486.0136091709137,"unknown",-479.1093740463257,-472.90455293655396,0.0,5.635951519012451,9.214139938354492,14.678396224975586,31.70139765739441,37.14897084236145,40.041359424591064,"unknown","unknown",46.25555872917175,53.41504907608032,57.29125785827637,"unknown","","unknown","unknown","unknown","unknown","","unknown","unknown","unknown","unknown",63.96873641014099,"","unknown",70.46619749069214,72.60189509391785,"unknown","unknown",78.74861240386963,85.78725862503052,88.977783203125,"unknown","","unknown","unknown","unknown","unknown","","unknown","unknown","unknown","unknown",95.73194980621338,"unknown","unknown",102.3734712600708,""
"0fd9ca7","","","","","","","","","","","","","","","","","","","","","","","","","","","","","","","","","","","","","","","","","","","","","","","","","","","","",""
"ff125d4","","","","","","","","","","","","","","","","","","","","","","","","","","","","","","","","","","","","","","","","","","","","","","","","","","","","",""
"0dc7823","","","","","","","","","","","","","","","","","","","","","","","","","","","","","","","","","","","","","","","","","","","","","","","","","","","","",""
"64155b9","","","","","","","","","","","","","","","","","","","","","","","","","","","","","","","","","","","","","","","","","","","","","","","","","","","","",""
"9cfbb83","","","","","","","","","","","","","","","","","","","","","","","","","","","","","","","","","","","","","","","","","","","","","","","","","","","","",""
"f6ffd76","","","","","","","","","","","","","","","","","","","","","","","","","","","","","","","","","","","","","","","","","","","","","","","","","","","","",""
"4ac71cf","","","","","","","","","","","","","","","","","","","","","","","","","","","","","","","","","","","","","","","","","","","","","","","","","","","","",""
"57b0697","","","","","","","","","","","","","","","","","","","","","","","","","","","","","","","","","","","","","","","","","","","","","","","","","","","","",""
"1c202a8","","","","","","","","","","","","","","","","","","","","","","","","","","","","","","","","","","","","","","","","","","","","","","","","","","","","",""
"3e625ac","","","","","","","","","","","","","","","","","","","","","","","","","","","","","","","","","","","","","","","","","","","","","","","","","","","","",""
"6b36bf5","","","","","","","","","","","","","","","","","","","","","","","","","","","","","","","","","","","","","","","","","","","","","","","","","","","","",""
"99775ba",-210950.49187898636,"unknown",-210945.1701786518,-210939.56056761742,0.0,5.65552020072937,61.75659775733948,68.21040368080139,86.83448505401611,92.27507781982422,109.19286465644836,116.28528666496277,"unknown","unknown",123.23650741577148,124.99751305580139,"unknown","","unknown","unknown","unknown","unknown","","unknown","unknown","unknown","unknown",131.15388989448547,"","unknown",138.0591824054718,140.28656649589539,"unknown","unknown",146.56558895111084,153.5916781425476,160.7571907043457,"unknown","","unknown","unknown","unknown","unknown","","unknown","unknown","unknown","unknown",167.06356716156006,"unknown","unknown",173.49313354492188,""
"152aa4d",-11731.10786819458,"unknown",-11725.233032941818,-11717.970980167389,0.0,5.53783106803894,7.754911184310913,13.530426263809204,29.06533169746399,35.64973711967468,37.86875915527344,"unknown","unknown",44.71683955192566,51.853102922439575,53.545846462249756,"unknown","","unknown","unknown","unknown","unknown","","unknown","unknown","unknown","unknown",60.465532302856445,"","unknown",66.99058151245117,71.67052340507507,"unknown","unknown",78.5679919719696,85.39397668838501,87.0854823589325,"unknown","","unknown","unknown","unknown","unknown","","unknown","unknown","unknown","unknown",93.80823969841003,"unknown","unknown",100.52331352233887,""
"56191c0","","","","","","","","","","","","","","","","","","","","","","","","","","","","","","","","","","","","","","","","","","","","","","","","","","","","",""
"ced331f","","","","","","","","","","","","","","","","","","","","","","","","","","","","","","","","","","","","","","","","","","","","","","","","","","","","",""
"1d235c1","","","","","","","","","","","","","","","","","","","","","","","","","","","","","","","","","","","","","","","","","","","","","","","","","","","","",""
"e6de912","","","","","","","","","","","","","","","","","","","","","","","","","","","","","","","","","","","","","","","","","","","","","","","","","","","","",""
"76bbc0d",-30415.217367887497,"unknown",-30409.291932344437,-30402.133813381195,0.0,7.294473648071289,9.57997441291809,15.793621301651001,34.01568531990051,40.33833646774292,42.928765058517456,49.72795629501343,"unknown","unknown",57.025142669677734,59.8531699180603,"unknown","","unknown","unknown","unknown","unknown","","unknown","unknown","unknown","unknown",66.16213464736938,"","unknown",72.87205481529236,83.34745407104492,"unknown","unknown",90.1246702671051,97.37471652030945,98.73517918586731,"unknown","","unknown","unknown","unknown","unknown","","unknown","unknown","unknown","unknown",104.8983256816864,"unknown","unknown",111.2205138206482,""
"36b4ec5","","","","","","","","","","","","","","","","","","","","","","","","","","","","","","","","","","","","","","","","","","","","","","","","","","","","",""
"79b65fb","","","","","","","","","","","","","","","","","","","","","","","","","","","","","","","","","","","","","","","","","","","","","","","","","","","","",""
"7de2a3d","","","","","","","","","","","","","","","","","","","","","","","","","","","","","","","","","","","","","","","","","","","","","","","","","","","","",""
"dbe3880","","","","","","","","","","","","","","","","","","","","","","","","","","","","","","","","","","","","","","","","","","","","","","","","","","","","",""
"877fb69",-4209.538280248642,"unknown",-4203.999523162842,-4197.686311483383,0.0,6.6595799922943115,7.916501998901367,14.460629224777222,15.985325574874878,21.679980039596558,23.88225793838501,"unknown","unknown",31.011667728424072,36.49864959716797,38.43445563316345,"unknown","","unknown","unknown","unknown","unknown","","unknown","unknown","unknown","unknown",44.902488470077515,"","unknown",51.71318578720093,53.696834087371826,"unknown","unknown",59.60836982727051,65.80776047706604,67.65267443656921,"unknown","","unknown","unknown","unknown","unknown","","unknown","unknown","unknown","unknown",73.53161334991455,"unknown","unknown",79.81999349594116,""
"c17e360","","","","","","","","","","","","","","","","","","","","","","","","","","","","","","","","","","","","","","","","","","","","","","","","","","","","",""
"51be121","","","","","","","","","","","","","","","","","","","","","","","","","","","","","","","","","","","","","","","","","","","","","","","","","","","","",""
"c094913","","","","","","","","","","","","","","","","","","","","","","","","","","","","","","","","","","","","","","","","","","","","","","","","","","","","",""
"3b65cc8","","","","","","","","","","","","","","","","","","","","","","","","","","","","","","","","","","","","","","","","","","","","","","","","","","","","",""
"ce36e73","","","","","","","","","","","","","","","","","","","","","","","","","","","","","","","","","","","","","","","","","","","","","","","","","","","","",""
"e9e1409","","","","","","","","","","","","","","","","","","","","","","","","","","","","","","","","","","","","","","","","","","","","","","","","","","","","",""
"6f17bd1","","","","","","","","","","","","","","","","","","","","","","","","","","","","","","","","","","","","","","","","","","","","","","","","","","","","",""
"4af2fee","","","","","","","","","","","","","","","","","","","","","","","","","","","","","","","","","","","","","","","","","","","","","","","","","","","","",""
"051761f","","","","","","","","","","","","","","","","","","","","","","","","","","","","","","","","","","","","","","","","","","","","","","","","","","","","",""
"1c627cb","","","","","","","","","","","","","","","","","","","","","","","","","","","","","","","","","","","","","","","","","","","","","","","","","","","","",""
"5177026","","","","","","","","","","","","","","","","","","","","","","","","","","","","","","","","","","","","","","","","","","","","","","","","","","","","",""
"db0051d","","","","","","","","","","","","","","","","","","","","","","","","","","","","","","","","","","","","","","","","","","","","","","","","","","","","",""
"43bae5c","","","","","","","","","","","","","","","","","","","","","","","","","","","","","","","","","","","","","","","","","","","","","","","","","","","","",""
"9e9a81e","","","","","","","","","","","","","","","","","","","","","","","","","","","","","","","","","","","","","","","","","","","","","","","","","","","","",""
"6289e6c","","","","","","","","","","","","","","","","","","","","","","","","","","","","","","","","","","","","","","","","","","","","","","","","","","","","",""
"c55c183","","","","","","","","","","","","","","","","","","","","","","","","","","","","","","","","","","","","","","","","","","","","","","","","","","","","",""
"a9b4533","","","","","","","","","","","","","","","","","","","","","","","","","","","","","","","","","","","","","","","","","","","","","","","","","","","","",""
"fc53f6c","","","","","","","","","","","","","","","","","","","","","","","","","","","","","","","","","","","","","","","","","","","","","","","","","","","","",""
"1db8420","","","","","","","","","","","","","","","","","","","","","","","","","","","","","","","","","","","","","","","","","","","","","","","","","","","","",""
"8a1ecd0","","","","","","","","","","","","","","","","","","","","","","","","","","","","","","","","","","","","","","","","","","","","","","","","","","","","",""
"8fd863f","","","","","","","","","","","","","","","","","","","","","","","","","","","","","","","","","","","","","","","","","","","","","","","","","","","","",""
"644830a","","","","","","","","","","","","","","","","","","","","","","","","","","","","","","","","","","","","","","","","","","","","","","","","","","","","",""
"9c76c21","","","","","","","","","","","","","","","","","","","","","","","","","","","","","","","","","","","","","","","","","","","","","","","","","","","","",""
"5dbecee","","","","","","","","","","","","","","","","","","","","","","","","","","","","","","","","","","","","","","","","","","","","","","","","","","","","",""
"86c5f35","","","","","","","","","","","","","","","","","","","","","","","","","","","","","","","","","","","","","","","","","","","","","","","","","","","","",""
"4c072d3","","","","","","","","","","","","","","","","","","","","","","","","","","","","","","","","","","","","","","","","","","","","","","","","","","","","",""
"89bbcd3","","","","","","","","","","","","","","","","","","","","","","","","","","","","","","","","","","","","","","","","","","","","","","","","","","","","",""
"25f4734","","","","","","","","","","","","","","","","","","","","","","","","","","","","","","","","","","","","","","","","","","","","","","","","","","","","",""
"aa9ac00","","","","","","","","","","","","","","","","","","","","","","","","","","","","","","","","","","","","","","","","","","","","","","","","","","","","",""
"9a1b5fa","","","","","","","","","","","","","","","","","","","","","","","","","","","","","","","","","","","","","","","","","","","","","","","","","","","","",""
"e3ae59a","","","","","","","","","","","","","","","","","","","","","","","","","","","","","","","","","","","","","","","","","","","","","","","","","","","","",""
"d003724","","","","","","","","","","","","","","","","","","","","","","","","","","","","","","","","","","","","","","","","","","","","","","","","","","","","",""
"3a03bea","","","","","","","","","","","","","","","","","","","","","","","","","","","","","","","","","","","","","","","","","","","","","","","","","","","","",""
"e427669","","","","","","","","","","","","","","","","","","","","","","","","","","","","","","","","","","","","","","","","","","","","","","","","","","","","",""
"12dfda3","","","","","","","","","","","","","","","","","","","","","","","","","","","","","","","","","","","","","","","","","","","","","","","","","","","","",""
"3226bb3","","","","","","","","","","","","","","","","","","","","","","","","","","","","","","","","","","","","","","","","","","","","","","","","","","","","",""
"c02668d","","","","","","","","","","","","","","","","","","","","","","","","","","","","","","","","","","","","","","","","","","","","","","","","","","","","",""
"088d8b4","","","","","","","","","","","","","","","","","","","","","","","","","","","","","","","","","","","","","","","","","","","","","","","","","","","","",""
"a2d2ca9","","","","","","","","","","","","","","","","","","","","","","","","","","","","","","","","","","","","","","","","","","","","","","","","","","","","",""
"9f4d288","","","","","","","","","","","","","","","","","","","","","","","","","","","","","","","","","","","","","","","","","","","","","","","","","","","","",""
"aaad0b7","","","","","","","","","","","","","","","","","","","","","","","","","","","","","","","","","","","","","","","","","","","","","","","","","","","","",""
"c16eb71","","","","","","","","","","","","","","","","","","","","","","","","","","","","","","","","","","","","","","","","","","","","","","","","","","","","",""
"3e6beba","","","","","","","","","","","","","","","","","","","","","","","","","","","","","","","","","","","","","","","","","","","","","","","","","","","","",""
"35adcf1","","","","","","","","","","","","","","","","","","","","","","","","","","","","","","","","","","","","","","","","","","","","","","","","","","","","",""
"b92ee81","","","","","","","","","","","","","","","","","","","","","","","","","","","","","","","","","","","","","","","","","","","","","","","","","","","","",""
"b2621a2",-23598.290193080902,"unknown",-23591.639152288437,-23585.8017475605,0.0,5.480795383453369,7.337159633636475,13.088987112045288,27.178165674209595,34.49916386604309,38.35794115066528,"unknown","unknown",43.99592065811157,49.91239309310913,10108.217913150787,"unknown","","unknown","unknown","unknown","unknown","","unknown","unknown","unknown","unknown",10114.795211315155,"","unknown",10121.199106693268,57602.17079758644,"unknown","unknown",57608.0812458992,57616.33503270149,57790.677610874176,"unknown","","unknown","unknown","unknown","unknown","","unknown","unknown","unknown","unknown",57796.8706703186,"unknown","unknown",57803.115914821625,""
"dd64cdc","","","","","","","","","","","","","","","","","","","","","","","","","","","","","","","","","","","","","","","","","","","","","","","","","","","","",""
"6099d06","","","","","","","","","","","","","","","","","","","","","","","","","","","","","","","","","","","","","","","","","","","","","","","","","","","","",""
"d91bf84",-7923.701217651367,"unknown",-7917.744304656982,-7911.17111325264,0.0,6.480456352233887,20.5274019241333,25.771957874298096,29.154757499694824,35.52154564857483,45.272459268569946,"unknown","unknown",51.274264097213745,57.61549639701843,70.59737014770508,"unknown","","unknown","unknown","unknown","unknown","","unknown","unknown","unknown","unknown",77.9784939289093,"","unknown",84.93071913719177,25297.02756381035,"unknown","unknown",25303.915130138397,25309.619945287704,25981.7853910923,"unknown","","unknown","unknown","unknown","unknown","","unknown","unknown","unknown","unknown",25987.510677814484,"unknown","unknown",25994.55642771721,""
"c3db77a","","","","","","","","","","","","","","","","","","","","","","","","","","","","","","","","","","","","","","","","","","","","","","","","","","","","",""
"7c9678a","","","","","","","","","","","","","","","","","","","","","","","","","","","","","","","","","","","","","","","","","","","","","","","","","","","","",""
"db7d9c3",-55126.78742456436,"unknown",-55120.03643321991,-55113.56590795517,0.0,5.831204414367676,7.98682975769043,13.541067361831665,17.02244758605957,23.08424711227417,24.728296041488647,"unknown","unknown",30.72950053215027,36.52980041503906,38.43157434463501,"unknown","","unknown","unknown","unknown","unknown","","unknown","unknown","unknown","unknown",45.558894634246826,"","unknown",52.21610188484192,54.35327911376953,"unknown","unknown",60.614131450653076,66.72747588157654,68.84441232681274,"unknown","","unknown","unknown","unknown","unknown","","unknown","unknown","unknown","unknown",75.35646605491638,"unknown","unknown",82.39118146896362,""
"7d9c3_1",-55126.78742456436,"unknown",-55120.03643321991,-55113.56590795517,0.0,5.831204414367676,7.98682975769043,13.541067361831665,17.02244758605957,23.08424711227417,24.728296041488647,"unknown","unknown",30.72950053215027,36.52980041503906,38.43157434463501,"unknown","","unknown","unknown","unknown","unknown","","unknown","unknown","unknown","unknown",45.558894634246826,"","unknown",52.21610188484192,54.35327911376953,"unknown","unknown",60.614131450653076,66.72747588157654,68.84441232681274,"unknown","","unknown","unknown","unknown","unknown","","unknown","unknown","unknown","unknown",75.35646605491638,"unknown","unknown",82.39118146896362,""
"804c32f","","","","","","","","","","","","","","","","","","","","","","","","","","","","","","","","","","","","","","","","","","","","","","","","","","","","",""
